ISO-10303-21;
HEADER;
FILE_DESCRIPTION(('Open CASCADE Model'),'2;1');
FILE_NAME('Open CASCADE Shape Model','2026-10-02T00:52:27',('Author'),(
    'Open CASCADE'),'Open CASCADE STEP processor 7.9','Open CASCADE 7.9'
  ,'Unknown');
FILE_SCHEMA(('AUTOMOTIVE_DESIGN { 1 0 10303 214 1 1 1 1 }'));
ENDSEC;
DATA;
#1 = APPLICATION_PROTOCOL_DEFINITION('international standard',
  'automotive_design',2000,#2);
#2 = APPLICATION_CONTEXT(
  'core data for automotive mechanical design processes');
#3 = SHAPE_DEFINITION_REPRESENTATION(#4,#10);
#4 = PRODUCT_DEFINITION_SHAPE('','',#5);
#5 = PRODUCT_DEFINITION('design','',#6,#9);
#6 = PRODUCT_DEFINITION_FORMATION('','',#7);
#7 = PRODUCT('Open CASCADE STEP translator 7.9 3',
  'Open CASCADE STEP translator 7.9 3','',(#8));
#8 = PRODUCT_CONTEXT('',#2,'mechanical');
#9 = PRODUCT_DEFINITION_CONTEXT('part definition',#2,'design');
#10 = ADVANCED_BREP_SHAPE_REPRESENTATION('',(#11,#15),#6413);
#11 = AXIS2_PLACEMENT_3D('',#12,#13,#14);
#12 = CARTESIAN_POINT('',(0.,0.,0.));
#13 = DIRECTION('',(0.,0.,1.));
#14 = DIRECTION('',(1.,0.,-0.));
#15 = MANIFOLD_SOLID_BREP('',#16);
#16 = CLOSED_SHELL('',(#17,#137,#213,#284,#425,#501,#572,#599,#626,#633,
    #660,#1015,#1440,#1495,#1741,#1815,#2425,#2501,#2531,#2538,#2681,
    #2779,#3118,#3367,#3464,#3911,#4090,#4245,#4403,#4522,#4551,#4623,
    #4702,#4771,#4800,#4851,#4928,#5020,#5116,#5141,#5168,#5175,#5222,
    #5249,#5296,#5323,#5330,#5357,#5405,#5432,#5459,#5467,#5515,#5542,
    #5569,#5577,#5624,#5651,#5680,#5687,#5714,#6035,#6363,#6399,#6406));
#17 = ADVANCED_FACE('',(#18),#32,.F.);
#18 = FACE_BOUND('',#19,.T.);
#19 = EDGE_LOOP('',(#20,#55,#83,#111));
#20 = ORIENTED_EDGE('',*,*,#21,.F.);
#21 = EDGE_CURVE('',#22,#24,#26,.T.);
#22 = VERTEX_POINT('',#23);
#23 = CARTESIAN_POINT('',(-1.1305E+03,119.98878842782,55.));
#24 = VERTEX_POINT('',#25);
#25 = CARTESIAN_POINT('',(1.1305E+03,119.98878842782,55.));
#26 = SURFACE_CURVE('',#27,(#31,#43),.PCURVE_S1.);
#27 = LINE('',#28,#29);
#28 = CARTESIAN_POINT('',(122.25,119.98878842782,55.));
#29 = VECTOR('',#30,1.);
#30 = DIRECTION('',(1.,-6.459479416001E-18,-1.257041549332E-16));
#31 = PCURVE('',#32,#37);
#32 = PLANE('',#33);
#33 = AXIS2_PLACEMENT_3D('',#34,#35,#36);
#34 = CARTESIAN_POINT('',(-1.1305E+03,119.98878842782,55.));
#35 = DIRECTION('',(-1.257041549332E-16,1.54074395551E-33,-1.));
#36 = DIRECTION('',(1.,-6.459479416001E-18,-1.257041549332E-16));
#37 = DEFINITIONAL_REPRESENTATION('',(#38),#42);
#38 = LINE('',#39,#40);
#39 = CARTESIAN_POINT('',(1.25275E+03,-8.092112838395E-15));
#40 = VECTOR('',#41,1.);
#41 = DIRECTION('',(1.,7.703719777549E-34));
#42 = ( GEOMETRIC_REPRESENTATION_CONTEXT(2) 
PARAMETRIC_REPRESENTATION_CONTEXT() REPRESENTATION_CONTEXT('2D SPACE',''
  ) );
#43 = PCURVE('',#44,#49);
#44 = PLANE('',#45);
#45 = AXIS2_PLACEMENT_3D('',#46,#47,#48);
#46 = CARTESIAN_POINT('',(1.375E+03,119.98878842782,1.559078196949E-31)
  );
#47 = DIRECTION('',(6.459479416001E-18,1.,1.54074395551E-33));
#48 = DIRECTION('',(-1.,6.459479416001E-18,2.106485876674E-35));
#49 = DEFINITIONAL_REPRESENTATION('',(#50),#54);
#50 = LINE('',#51,#52);
#51 = CARTESIAN_POINT('',(1.25275E+03,55.));
#52 = VECTOR('',#53,1.);
#53 = DIRECTION('',(-1.,-1.257041549332E-16));
#54 = ( GEOMETRIC_REPRESENTATION_CONTEXT(2) 
PARAMETRIC_REPRESENTATION_CONTEXT() REPRESENTATION_CONTEXT('2D SPACE',''
  ) );
#55 = ORIENTED_EDGE('',*,*,#56,.T.);
#56 = EDGE_CURVE('',#22,#57,#59,.T.);
#57 = VERTEX_POINT('',#58);
#58 = CARTESIAN_POINT('',(-1.1305E+03,109.98878842782,55.));
#59 = SURFACE_CURVE('',#60,(#64,#71),.PCURVE_S1.);
#60 = LINE('',#61,#62);
#61 = CARTESIAN_POINT('',(-1.1305E+03,119.98878842782,55.));
#62 = VECTOR('',#63,1.);
#63 = DIRECTION('',(-2.746701338763E-43,-1.,-1.54074395551E-33));
#64 = PCURVE('',#32,#65);
#65 = DEFINITIONAL_REPRESENTATION('',(#66),#70);
#66 = LINE('',#67,#68);
#67 = CARTESIAN_POINT('',(0.,0.));
#68 = VECTOR('',#69,1.);
#69 = DIRECTION('',(6.459479416001E-18,1.));
#70 = ( GEOMETRIC_REPRESENTATION_CONTEXT(2) 
PARAMETRIC_REPRESENTATION_CONTEXT() REPRESENTATION_CONTEXT('2D SPACE',''
  ) );
#71 = PCURVE('',#72,#77);
#72 = PLANE('',#73);
#73 = AXIS2_PLACEMENT_3D('',#74,#75,#76);
#74 = CARTESIAN_POINT('',(-1.1305E+03,119.98878842782,405.));
#75 = DIRECTION('',(-1.,2.746687263221E-43,9.135549459773E-16));
#76 = DIRECTION('',(-9.135549459773E-16,7.441833324436E-33,-1.));
#77 = DEFINITIONAL_REPRESENTATION('',(#78),#82);
#78 = LINE('',#79,#80);
#79 = CARTESIAN_POINT('',(350.,2.065381279124E-30));
#80 = VECTOR('',#81,1.);
#81 = DIRECTION('',(-5.901089368926E-33,1.));
#82 = ( GEOMETRIC_REPRESENTATION_CONTEXT(2) 
PARAMETRIC_REPRESENTATION_CONTEXT() REPRESENTATION_CONTEXT('2D SPACE',''
  ) );
#83 = ORIENTED_EDGE('',*,*,#84,.T.);
#84 = EDGE_CURVE('',#57,#85,#87,.T.);
#85 = VERTEX_POINT('',#86);
#86 = CARTESIAN_POINT('',(1.1305E+03,109.98878842782,55.));
#87 = SURFACE_CURVE('',#88,(#92,#99),.PCURVE_S1.);
#88 = LINE('',#89,#90);
#89 = CARTESIAN_POINT('',(1.1305E+03,109.98878842782,55.));
#90 = VECTOR('',#91,1.);
#91 = DIRECTION('',(1.,-6.459479416001E-18,-1.257041549332E-16));
#92 = PCURVE('',#32,#93);
#93 = DEFINITIONAL_REPRESENTATION('',(#94),#98);
#94 = LINE('',#95,#96);
#95 = CARTESIAN_POINT('',(2.261E+03,10.));
#96 = VECTOR('',#97,1.);
#97 = DIRECTION('',(1.,7.703719777549E-34));
#98 = ( GEOMETRIC_REPRESENTATION_CONTEXT(2) 
PARAMETRIC_REPRESENTATION_CONTEXT() REPRESENTATION_CONTEXT('2D SPACE',''
  ) );
#99 = PCURVE('',#100,#105);
#100 = PLANE('',#101);
#101 = AXIS2_PLACEMENT_3D('',#102,#103,#104);
#102 = CARTESIAN_POINT('',(1.42108547152E-13,109.98878842782,230.));
#103 = DIRECTION('',(-2.746701338763E-43,-1.,-1.54074395551E-33));
#104 = DIRECTION('',(-2.106485876674E-35,1.54074395551E-33,-1.));
#105 = DEFINITIONAL_REPRESENTATION('',(#106),#110);
#106 = LINE('',#107,#108);
#107 = CARTESIAN_POINT('',(175.,1.1305E+03));
#108 = VECTOR('',#109,1.);
#109 = DIRECTION('',(1.257041549332E-16,1.));
#110 = ( GEOMETRIC_REPRESENTATION_CONTEXT(2) 
PARAMETRIC_REPRESENTATION_CONTEXT() REPRESENTATION_CONTEXT('2D SPACE',''
  ) );
#111 = ORIENTED_EDGE('',*,*,#112,.F.);
#112 = EDGE_CURVE('',#24,#85,#113,.T.);
#113 = SURFACE_CURVE('',#114,(#118,#125),.PCURVE_S1.);
#114 = LINE('',#115,#116);
#115 = CARTESIAN_POINT('',(1.1305E+03,119.98878842782,55.));
#116 = VECTOR('',#117,1.);
#117 = DIRECTION('',(-2.746701338763E-43,-1.,-1.54074395551E-33));
#118 = PCURVE('',#32,#119);
#119 = DEFINITIONAL_REPRESENTATION('',(#120),#124);
#120 = LINE('',#121,#122);
#121 = CARTESIAN_POINT('',(2.261E+03,-1.460488295958E-14));
#122 = VECTOR('',#123,1.);
#123 = DIRECTION('',(6.459479416001E-18,1.));
#124 = ( GEOMETRIC_REPRESENTATION_CONTEXT(2) 
PARAMETRIC_REPRESENTATION_CONTEXT() REPRESENTATION_CONTEXT('2D SPACE',''
  ) );
#125 = PCURVE('',#126,#131);
#126 = PLANE('',#127);
#127 = AXIS2_PLACEMENT_3D('',#128,#129,#130);
#128 = CARTESIAN_POINT('',(1.1305E+03,119.98878842782,55.));
#129 = DIRECTION('',(1.,-2.746701338763E-43,-2.106485876674E-35));
#130 = DIRECTION('',(2.106485876674E-35,-1.54074395551E-33,1.));
#131 = DEFINITIONAL_REPRESENTATION('',(#132),#136);
#132 = LINE('',#133,#134);
#133 = CARTESIAN_POINT('',(0.,0.));
#134 = VECTOR('',#135,1.);
#135 = DIRECTION('',(0.,1.));
#136 = ( GEOMETRIC_REPRESENTATION_CONTEXT(2) 
PARAMETRIC_REPRESENTATION_CONTEXT() REPRESENTATION_CONTEXT('2D SPACE',''
  ) );
#137 = ADVANCED_FACE('',(#138),#126,.F.);
#138 = FACE_BOUND('',#139,.T.);
#139 = EDGE_LOOP('',(#140,#163,#164,#187));
#140 = ORIENTED_EDGE('',*,*,#141,.F.);
#141 = EDGE_CURVE('',#24,#142,#144,.T.);
#142 = VERTEX_POINT('',#143);
#143 = CARTESIAN_POINT('',(1.1305E+03,119.98878842782,405.));
#144 = SURFACE_CURVE('',#145,(#149,#156),.PCURVE_S1.);
#145 = LINE('',#146,#147);
#146 = CARTESIAN_POINT('',(1.1305E+03,119.98878842782,27.5));
#147 = VECTOR('',#148,1.);
#148 = DIRECTION('',(2.106485876674E-35,-1.54074395551E-33,1.));
#149 = PCURVE('',#126,#150);
#150 = DEFINITIONAL_REPRESENTATION('',(#151),#155);
#151 = LINE('',#152,#153);
#152 = CARTESIAN_POINT('',(-27.5,0.));
#153 = VECTOR('',#154,1.);
#154 = DIRECTION('',(1.,0.));
#155 = ( GEOMETRIC_REPRESENTATION_CONTEXT(2) 
PARAMETRIC_REPRESENTATION_CONTEXT() REPRESENTATION_CONTEXT('2D SPACE',''
  ) );
#156 = PCURVE('',#44,#157);
#157 = DEFINITIONAL_REPRESENTATION('',(#158),#162);
#158 = LINE('',#159,#160);
#159 = CARTESIAN_POINT('',(244.5,27.5));
#160 = VECTOR('',#161,1.);
#161 = DIRECTION('',(0.,1.));
#162 = ( GEOMETRIC_REPRESENTATION_CONTEXT(2) 
PARAMETRIC_REPRESENTATION_CONTEXT() REPRESENTATION_CONTEXT('2D SPACE',''
  ) );
#163 = ORIENTED_EDGE('',*,*,#112,.T.);
#164 = ORIENTED_EDGE('',*,*,#165,.T.);
#165 = EDGE_CURVE('',#85,#166,#168,.T.);
#166 = VERTEX_POINT('',#167);
#167 = CARTESIAN_POINT('',(1.1305E+03,109.98878842782,405.));
#168 = SURFACE_CURVE('',#169,(#173,#180),.PCURVE_S1.);
#169 = LINE('',#170,#171);
#170 = CARTESIAN_POINT('',(1.1305E+03,109.98878842782,405.));
#171 = VECTOR('',#172,1.);
#172 = DIRECTION('',(2.106485876674E-35,-1.54074395551E-33,1.));
#173 = PCURVE('',#126,#174);
#174 = DEFINITIONAL_REPRESENTATION('',(#175),#179);
#175 = LINE('',#176,#177);
#176 = CARTESIAN_POINT('',(350.,10.));
#177 = VECTOR('',#178,1.);
#178 = DIRECTION('',(1.,0.));
#179 = ( GEOMETRIC_REPRESENTATION_CONTEXT(2) 
PARAMETRIC_REPRESENTATION_CONTEXT() REPRESENTATION_CONTEXT('2D SPACE',''
  ) );
#180 = PCURVE('',#100,#181);
#181 = DEFINITIONAL_REPRESENTATION('',(#182),#186);
#182 = LINE('',#183,#184);
#183 = CARTESIAN_POINT('',(-175.,1.1305E+03));
#184 = VECTOR('',#185,1.);
#185 = DIRECTION('',(-1.,0.));
#186 = ( GEOMETRIC_REPRESENTATION_CONTEXT(2) 
PARAMETRIC_REPRESENTATION_CONTEXT() REPRESENTATION_CONTEXT('2D SPACE',''
  ) );
#187 = ORIENTED_EDGE('',*,*,#188,.F.);
#188 = EDGE_CURVE('',#142,#166,#189,.T.);
#189 = SURFACE_CURVE('',#190,(#194,#201),.PCURVE_S1.);
#190 = LINE('',#191,#192);
#191 = CARTESIAN_POINT('',(1.1305E+03,119.98878842782,405.));
#192 = VECTOR('',#193,1.);
#193 = DIRECTION('',(-2.746701338763E-43,-1.,-1.54074395551E-33));
#194 = PCURVE('',#126,#195);
#195 = DEFINITIONAL_REPRESENTATION('',(#196),#200);
#196 = LINE('',#197,#198);
#197 = CARTESIAN_POINT('',(350.,0.));
#198 = VECTOR('',#199,1.);
#199 = DIRECTION('',(0.,1.));
#200 = ( GEOMETRIC_REPRESENTATION_CONTEXT(2) 
PARAMETRIC_REPRESENTATION_CONTEXT() REPRESENTATION_CONTEXT('2D SPACE',''
  ) );
#201 = PCURVE('',#202,#207);
#202 = PLANE('',#203);
#203 = AXIS2_PLACEMENT_3D('',#204,#205,#206);
#204 = CARTESIAN_POINT('',(1.1305E+03,119.98878842782,405.));
#205 = DIRECTION('',(2.106485876674E-35,-1.54074395551E-33,1.));
#206 = DIRECTION('',(-1.,6.459479416001E-18,2.106485876674E-35));
#207 = DEFINITIONAL_REPRESENTATION('',(#208),#212);
#208 = LINE('',#209,#210);
#209 = CARTESIAN_POINT('',(0.,0.));
#210 = VECTOR('',#211,1.);
#211 = DIRECTION('',(-6.459479416001E-18,1.));
#212 = ( GEOMETRIC_REPRESENTATION_CONTEXT(2) 
PARAMETRIC_REPRESENTATION_CONTEXT() REPRESENTATION_CONTEXT('2D SPACE',''
  ) );
#213 = ADVANCED_FACE('',(#214),#202,.F.);
#214 = FACE_BOUND('',#215,.T.);
#215 = EDGE_LOOP('',(#216,#239,#240,#263));
#216 = ORIENTED_EDGE('',*,*,#217,.F.);
#217 = EDGE_CURVE('',#142,#218,#220,.T.);
#218 = VERTEX_POINT('',#219);
#219 = CARTESIAN_POINT('',(-1.1305E+03,119.98878842782,405.));
#220 = SURFACE_CURVE('',#221,(#225,#232),.PCURVE_S1.);
#221 = LINE('',#222,#223);
#222 = CARTESIAN_POINT('',(1.25275E+03,119.98878842782,405.));
#223 = VECTOR('',#224,1.);
#224 = DIRECTION('',(-1.,6.459479416001E-18,2.106485876674E-35));
#225 = PCURVE('',#202,#226);
#226 = DEFINITIONAL_REPRESENTATION('',(#227),#231);
#227 = LINE('',#228,#229);
#228 = CARTESIAN_POINT('',(-122.25,-7.896713586061E-16));
#229 = VECTOR('',#230,1.);
#230 = DIRECTION('',(1.,-7.703719777549E-34));
#231 = ( GEOMETRIC_REPRESENTATION_CONTEXT(2) 
PARAMETRIC_REPRESENTATION_CONTEXT() REPRESENTATION_CONTEXT('2D SPACE',''
  ) );
#232 = PCURVE('',#44,#233);
#233 = DEFINITIONAL_REPRESENTATION('',(#234),#238);
#234 = LINE('',#235,#236);
#235 = CARTESIAN_POINT('',(122.25,405.));
#236 = VECTOR('',#237,1.);
#237 = DIRECTION('',(1.,0.));
#238 = ( GEOMETRIC_REPRESENTATION_CONTEXT(2) 
PARAMETRIC_REPRESENTATION_CONTEXT() REPRESENTATION_CONTEXT('2D SPACE',''
  ) );
#239 = ORIENTED_EDGE('',*,*,#188,.T.);
#240 = ORIENTED_EDGE('',*,*,#241,.T.);
#241 = EDGE_CURVE('',#166,#242,#244,.T.);
#242 = VERTEX_POINT('',#243);
#243 = CARTESIAN_POINT('',(-1.1305E+03,109.98878842782,405.));
#244 = SURFACE_CURVE('',#245,(#249,#256),.PCURVE_S1.);
#245 = LINE('',#246,#247);
#246 = CARTESIAN_POINT('',(-1.1305E+03,109.98878842782,405.));
#247 = VECTOR('',#248,1.);
#248 = DIRECTION('',(-1.,6.459479416001E-18,2.106485876674E-35));
#249 = PCURVE('',#202,#250);
#250 = DEFINITIONAL_REPRESENTATION('',(#251),#255);
#251 = LINE('',#252,#253);
#252 = CARTESIAN_POINT('',(2.261E+03,10.));
#253 = VECTOR('',#254,1.);
#254 = DIRECTION('',(1.,-7.703719777549E-34));
#255 = ( GEOMETRIC_REPRESENTATION_CONTEXT(2) 
PARAMETRIC_REPRESENTATION_CONTEXT() REPRESENTATION_CONTEXT('2D SPACE',''
  ) );
#256 = PCURVE('',#100,#257);
#257 = DEFINITIONAL_REPRESENTATION('',(#258),#262);
#258 = LINE('',#259,#260);
#259 = CARTESIAN_POINT('',(-175.,-1.1305E+03));
#260 = VECTOR('',#261,1.);
#261 = DIRECTION('',(0.,-1.));
#262 = ( GEOMETRIC_REPRESENTATION_CONTEXT(2) 
PARAMETRIC_REPRESENTATION_CONTEXT() REPRESENTATION_CONTEXT('2D SPACE',''
  ) );
#263 = ORIENTED_EDGE('',*,*,#264,.F.);
#264 = EDGE_CURVE('',#218,#242,#265,.T.);
#265 = SURFACE_CURVE('',#266,(#270,#277),.PCURVE_S1.);
#266 = LINE('',#267,#268);
#267 = CARTESIAN_POINT('',(-1.1305E+03,119.98878842782,405.));
#268 = VECTOR('',#269,1.);
#269 = DIRECTION('',(-2.746701338763E-43,-1.,-1.54074395551E-33));
#270 = PCURVE('',#202,#271);
#271 = DEFINITIONAL_REPRESENTATION('',(#272),#276);
#272 = LINE('',#273,#274);
#273 = CARTESIAN_POINT('',(2.261E+03,1.460488295958E-14));
#274 = VECTOR('',#275,1.);
#275 = DIRECTION('',(-6.459479416001E-18,1.));
#276 = ( GEOMETRIC_REPRESENTATION_CONTEXT(2) 
PARAMETRIC_REPRESENTATION_CONTEXT() REPRESENTATION_CONTEXT('2D SPACE',''
  ) );
#277 = PCURVE('',#72,#278);
#278 = DEFINITIONAL_REPRESENTATION('',(#279),#283);
#279 = LINE('',#280,#281);
#280 = CARTESIAN_POINT('',(0.,-0.));
#281 = VECTOR('',#282,1.);
#282 = DIRECTION('',(-5.901089368926E-33,1.));
#283 = ( GEOMETRIC_REPRESENTATION_CONTEXT(2) 
PARAMETRIC_REPRESENTATION_CONTEXT() REPRESENTATION_CONTEXT('2D SPACE',''
  ) );
#284 = ADVANCED_FACE('',(#285,#311),#100,.F.);
#285 = FACE_BOUND('',#286,.T.);
#286 = EDGE_LOOP('',(#287,#288,#289,#310));
#287 = ORIENTED_EDGE('',*,*,#165,.F.);
#288 = ORIENTED_EDGE('',*,*,#84,.F.);
#289 = ORIENTED_EDGE('',*,*,#290,.F.);
#290 = EDGE_CURVE('',#242,#57,#291,.T.);
#291 = SURFACE_CURVE('',#292,(#296,#303),.PCURVE_S1.);
#292 = LINE('',#293,#294);
#293 = CARTESIAN_POINT('',(-1.1305E+03,109.98878842782,55.));
#294 = VECTOR('',#295,1.);
#295 = DIRECTION('',(-9.135549459773E-16,7.441833324436E-33,-1.));
#296 = PCURVE('',#100,#297);
#297 = DEFINITIONAL_REPRESENTATION('',(#298),#302);
#298 = LINE('',#299,#300);
#299 = CARTESIAN_POINT('',(175.,-1.1305E+03));
#300 = VECTOR('',#301,1.);
#301 = DIRECTION('',(1.,-9.135549459773E-16));
#302 = ( GEOMETRIC_REPRESENTATION_CONTEXT(2) 
PARAMETRIC_REPRESENTATION_CONTEXT() REPRESENTATION_CONTEXT('2D SPACE',''
  ) );
#303 = PCURVE('',#72,#304);
#304 = DEFINITIONAL_REPRESENTATION('',(#305),#309);
#305 = LINE('',#306,#307);
#306 = CARTESIAN_POINT('',(350.,10.));
#307 = VECTOR('',#308,1.);
#308 = DIRECTION('',(1.,0.));
#309 = ( GEOMETRIC_REPRESENTATION_CONTEXT(2) 
PARAMETRIC_REPRESENTATION_CONTEXT() REPRESENTATION_CONTEXT('2D SPACE',''
  ) );
#310 = ORIENTED_EDGE('',*,*,#241,.F.);
#311 = FACE_BOUND('',#312,.T.);
#312 = EDGE_LOOP('',(#313,#343,#371,#399));
#313 = ORIENTED_EDGE('',*,*,#314,.F.);
#314 = EDGE_CURVE('',#315,#317,#319,.T.);
#315 = VERTEX_POINT('',#316);
#316 = CARTESIAN_POINT('',(1.1055E+03,109.98878842782,380.));
#317 = VERTEX_POINT('',#318);
#318 = CARTESIAN_POINT('',(1.1055E+03,109.98878842782,80.));
#319 = SURFACE_CURVE('',#320,(#324,#331),.PCURVE_S1.);
#320 = LINE('',#321,#322);
#321 = CARTESIAN_POINT('',(1.1055E+03,109.98878842782,155.));
#322 = VECTOR('',#323,1.);
#323 = DIRECTION('',(-2.106485876674E-35,1.54074395551E-33,-1.));
#324 = PCURVE('',#100,#325);
#325 = DEFINITIONAL_REPRESENTATION('',(#326),#330);
#326 = LINE('',#327,#328);
#327 = CARTESIAN_POINT('',(75.,1.1055E+03));
#328 = VECTOR('',#329,1.);
#329 = DIRECTION('',(1.,0.));
#330 = ( GEOMETRIC_REPRESENTATION_CONTEXT(2) 
PARAMETRIC_REPRESENTATION_CONTEXT() REPRESENTATION_CONTEXT('2D SPACE',''
  ) );
#331 = PCURVE('',#332,#337);
#332 = PLANE('',#333);
#333 = AXIS2_PLACEMENT_3D('',#334,#335,#336);
#334 = CARTESIAN_POINT('',(1.1055E+03,119.98878842782,80.));
#335 = DIRECTION('',(1.,-2.746701338763E-43,-2.106485876674E-35));
#336 = DIRECTION('',(2.106485876674E-35,-1.54074395551E-33,1.));
#337 = DEFINITIONAL_REPRESENTATION('',(#338),#342);
#338 = LINE('',#339,#340);
#339 = CARTESIAN_POINT('',(75.,10.));
#340 = VECTOR('',#341,1.);
#341 = DIRECTION('',(-1.,0.));
#342 = ( GEOMETRIC_REPRESENTATION_CONTEXT(2) 
PARAMETRIC_REPRESENTATION_CONTEXT() REPRESENTATION_CONTEXT('2D SPACE',''
  ) );
#343 = ORIENTED_EDGE('',*,*,#344,.F.);
#344 = EDGE_CURVE('',#345,#315,#347,.T.);
#345 = VERTEX_POINT('',#346);
#346 = CARTESIAN_POINT('',(-1.1055E+03,109.98878842782,380.));
#347 = SURFACE_CURVE('',#348,(#352,#359),.PCURVE_S1.);
#348 = LINE('',#349,#350);
#349 = CARTESIAN_POINT('',(552.75,109.98878842782,380.));
#350 = VECTOR('',#351,1.);
#351 = DIRECTION('',(1.,-2.746701338763E-43,-2.106485876674E-35));
#352 = PCURVE('',#100,#353);
#353 = DEFINITIONAL_REPRESENTATION('',(#354),#358);
#354 = LINE('',#355,#356);
#355 = CARTESIAN_POINT('',(-150.,552.75));
#356 = VECTOR('',#357,1.);
#357 = DIRECTION('',(0.,1.));
#358 = ( GEOMETRIC_REPRESENTATION_CONTEXT(2) 
PARAMETRIC_REPRESENTATION_CONTEXT() REPRESENTATION_CONTEXT('2D SPACE',''
  ) );
#359 = PCURVE('',#360,#365);
#360 = PLANE('',#361);
#361 = AXIS2_PLACEMENT_3D('',#362,#363,#364);
#362 = CARTESIAN_POINT('',(1.1055E+03,119.98878842782,380.));
#363 = DIRECTION('',(2.106485876674E-35,-1.54074395551E-33,1.));
#364 = DIRECTION('',(-1.,6.459479416001E-18,2.106485876674E-35));
#365 = DEFINITIONAL_REPRESENTATION('',(#366),#370);
#366 = LINE('',#367,#368);
#367 = CARTESIAN_POINT('',(552.75,10.));
#368 = VECTOR('',#369,1.);
#369 = DIRECTION('',(-1.,-6.459479416001E-18));
#370 = ( GEOMETRIC_REPRESENTATION_CONTEXT(2) 
PARAMETRIC_REPRESENTATION_CONTEXT() REPRESENTATION_CONTEXT('2D SPACE',''
  ) );
#371 = ORIENTED_EDGE('',*,*,#372,.F.);
#372 = EDGE_CURVE('',#373,#345,#375,.T.);
#373 = VERTEX_POINT('',#374);
#374 = CARTESIAN_POINT('',(-1.1055E+03,109.98878842782,80.));
#375 = SURFACE_CURVE('',#376,(#380,#387),.PCURVE_S1.);
#376 = LINE('',#377,#378);
#377 = CARTESIAN_POINT('',(-1.1055E+03,109.98878842782,305.));
#378 = VECTOR('',#379,1.);
#379 = DIRECTION('',(3.552713678801E-16,-1.54074395551E-33,1.));
#380 = PCURVE('',#100,#381);
#381 = DEFINITIONAL_REPRESENTATION('',(#382),#386);
#382 = LINE('',#383,#384);
#383 = CARTESIAN_POINT('',(-75.,-1.1055E+03));
#384 = VECTOR('',#385,1.);
#385 = DIRECTION('',(-1.,3.552713678801E-16));
#386 = ( GEOMETRIC_REPRESENTATION_CONTEXT(2) 
PARAMETRIC_REPRESENTATION_CONTEXT() REPRESENTATION_CONTEXT('2D SPACE',''
  ) );
#387 = PCURVE('',#388,#393);
#388 = PLANE('',#389);
#389 = AXIS2_PLACEMENT_3D('',#390,#391,#392);
#390 = CARTESIAN_POINT('',(-1.1055E+03,119.98878842782,380.));
#391 = DIRECTION('',(-1.,2.746695864941E-43,3.552713678801E-16));
#392 = DIRECTION('',(-3.552713678801E-16,3.835612043425E-33,-1.));
#393 = DEFINITIONAL_REPRESENTATION('',(#394),#398);
#394 = LINE('',#395,#396);
#395 = CARTESIAN_POINT('',(75.,10.));
#396 = VECTOR('',#397,1.);
#397 = DIRECTION('',(-1.,-2.294868087916E-33));
#398 = ( GEOMETRIC_REPRESENTATION_CONTEXT(2) 
PARAMETRIC_REPRESENTATION_CONTEXT() REPRESENTATION_CONTEXT('2D SPACE',''
  ) );
#399 = ORIENTED_EDGE('',*,*,#400,.F.);
#400 = EDGE_CURVE('',#317,#373,#401,.T.);
#401 = SURFACE_CURVE('',#402,(#406,#413),.PCURVE_S1.);
#402 = LINE('',#403,#404);
#403 = CARTESIAN_POINT('',(-552.75,109.98878842782,80.));
#404 = VECTOR('',#405,1.);
#405 = DIRECTION('',(-1.,2.746699358185E-43,1.285468540498E-16));
#406 = PCURVE('',#100,#407);
#407 = DEFINITIONAL_REPRESENTATION('',(#408),#412);
#408 = LINE('',#409,#410);
#409 = CARTESIAN_POINT('',(150.,-552.75));
#410 = VECTOR('',#411,1.);
#411 = DIRECTION('',(-1.285468540498E-16,-1.));
#412 = ( GEOMETRIC_REPRESENTATION_CONTEXT(2) 
PARAMETRIC_REPRESENTATION_CONTEXT() REPRESENTATION_CONTEXT('2D SPACE',''
  ) );
#413 = PCURVE('',#414,#419);
#414 = PLANE('',#415);
#415 = AXIS2_PLACEMENT_3D('',#416,#417,#418);
#416 = CARTESIAN_POINT('',(-1.1055E+03,119.98878842782,80.));
#417 = DIRECTION('',(-1.285468540498E-16,1.54074395551E-33,-1.));
#418 = DIRECTION('',(1.,-6.459479416001E-18,-1.285468540498E-16));
#419 = DEFINITIONAL_REPRESENTATION('',(#420),#424);
#420 = LINE('',#421,#422);
#421 = CARTESIAN_POINT('',(552.75,10.));
#422 = VECTOR('',#423,1.);
#423 = DIRECTION('',(-1.,6.459479416001E-18));
#424 = ( GEOMETRIC_REPRESENTATION_CONTEXT(2) 
PARAMETRIC_REPRESENTATION_CONTEXT() REPRESENTATION_CONTEXT('2D SPACE',''
  ) );
#425 = ADVANCED_FACE('',(#426),#414,.F.);
#426 = FACE_BOUND('',#427,.T.);
#427 = EDGE_LOOP('',(#428,#429,#452,#480));
#428 = ORIENTED_EDGE('',*,*,#400,.T.);
#429 = ORIENTED_EDGE('',*,*,#430,.T.);
#430 = EDGE_CURVE('',#373,#431,#433,.T.);
#431 = VERTEX_POINT('',#432);
#432 = CARTESIAN_POINT('',(-1.1055E+03,-30.01121157217,80.));
#433 = SURFACE_CURVE('',#434,(#438,#445),.PCURVE_S1.);
#434 = LINE('',#435,#436);
#435 = CARTESIAN_POINT('',(-1.1055E+03,119.98878842782,80.));
#436 = VECTOR('',#437,1.);
#437 = DIRECTION('',(-2.746701338763E-43,-1.,-1.54074395551E-33));
#438 = PCURVE('',#414,#439);
#439 = DEFINITIONAL_REPRESENTATION('',(#440),#444);
#440 = LINE('',#441,#442);
#441 = CARTESIAN_POINT('',(0.,0.));
#442 = VECTOR('',#443,1.);
#443 = DIRECTION('',(6.459479416001E-18,1.));
#444 = ( GEOMETRIC_REPRESENTATION_CONTEXT(2) 
PARAMETRIC_REPRESENTATION_CONTEXT() REPRESENTATION_CONTEXT('2D SPACE',''
  ) );
#445 = PCURVE('',#388,#446);
#446 = DEFINITIONAL_REPRESENTATION('',(#447),#451);
#447 = LINE('',#448,#449);
#448 = CARTESIAN_POINT('',(300.,6.884604263747E-31));
#449 = VECTOR('',#450,1.);
#450 = DIRECTION('',(-2.294868087916E-33,1.));
#451 = ( GEOMETRIC_REPRESENTATION_CONTEXT(2) 
PARAMETRIC_REPRESENTATION_CONTEXT() REPRESENTATION_CONTEXT('2D SPACE',''
  ) );
#452 = ORIENTED_EDGE('',*,*,#453,.T.);
#453 = EDGE_CURVE('',#431,#454,#456,.T.);
#454 = VERTEX_POINT('',#455);
#455 = CARTESIAN_POINT('',(1.1055E+03,-30.01121157217,80.));
#456 = SURFACE_CURVE('',#457,(#461,#468),.PCURVE_S1.);
#457 = LINE('',#458,#459);
#458 = CARTESIAN_POINT('',(1.1055E+03,-30.01121157217,80.));
#459 = VECTOR('',#460,1.);
#460 = DIRECTION('',(1.,-6.459479416001E-18,-1.285468540498E-16));
#461 = PCURVE('',#414,#462);
#462 = DEFINITIONAL_REPRESENTATION('',(#463),#467);
#463 = LINE('',#464,#465);
#464 = CARTESIAN_POINT('',(2.211E+03,150.));
#465 = VECTOR('',#466,1.);
#466 = DIRECTION('',(1.,7.703719777549E-34));
#467 = ( GEOMETRIC_REPRESENTATION_CONTEXT(2) 
PARAMETRIC_REPRESENTATION_CONTEXT() REPRESENTATION_CONTEXT('2D SPACE',''
  ) );
#468 = PCURVE('',#469,#474);
#469 = PLANE('',#470);
#470 = AXIS2_PLACEMENT_3D('',#471,#472,#473);
#471 = CARTESIAN_POINT('',(2.84217094304E-13,-30.01121157217,230.));
#472 = DIRECTION('',(-2.746701338763E-43,-1.,-1.54074395551E-33));
#473 = DIRECTION('',(-2.106485876674E-35,1.54074395551E-33,-1.));
#474 = DEFINITIONAL_REPRESENTATION('',(#475),#479);
#475 = LINE('',#476,#477);
#476 = CARTESIAN_POINT('',(150.,1.1055E+03));
#477 = VECTOR('',#478,1.);
#478 = DIRECTION('',(1.285468540498E-16,1.));
#479 = ( GEOMETRIC_REPRESENTATION_CONTEXT(2) 
PARAMETRIC_REPRESENTATION_CONTEXT() REPRESENTATION_CONTEXT('2D SPACE',''
  ) );
#480 = ORIENTED_EDGE('',*,*,#481,.F.);
#481 = EDGE_CURVE('',#317,#454,#482,.T.);
#482 = SURFACE_CURVE('',#483,(#487,#494),.PCURVE_S1.);
#483 = LINE('',#484,#485);
#484 = CARTESIAN_POINT('',(1.1055E+03,119.98878842782,80.));
#485 = VECTOR('',#486,1.);
#486 = DIRECTION('',(-2.746701338763E-43,-1.,-1.54074395551E-33));
#487 = PCURVE('',#414,#488);
#488 = DEFINITIONAL_REPRESENTATION('',(#489),#493);
#489 = LINE('',#490,#491);
#490 = CARTESIAN_POINT('',(2.211E+03,-1.428190898878E-14));
#491 = VECTOR('',#492,1.);
#492 = DIRECTION('',(6.459479416001E-18,1.));
#493 = ( GEOMETRIC_REPRESENTATION_CONTEXT(2) 
PARAMETRIC_REPRESENTATION_CONTEXT() REPRESENTATION_CONTEXT('2D SPACE',''
  ) );
#494 = PCURVE('',#332,#495);
#495 = DEFINITIONAL_REPRESENTATION('',(#496),#500);
#496 = LINE('',#497,#498);
#497 = CARTESIAN_POINT('',(0.,0.));
#498 = VECTOR('',#499,1.);
#499 = DIRECTION('',(0.,1.));
#500 = ( GEOMETRIC_REPRESENTATION_CONTEXT(2) 
PARAMETRIC_REPRESENTATION_CONTEXT() REPRESENTATION_CONTEXT('2D SPACE',''
  ) );
#501 = ADVANCED_FACE('',(#502),#469,.F.);
#502 = FACE_BOUND('',#503,.T.);
#503 = EDGE_LOOP('',(#504,#527,#528,#551));
#504 = ORIENTED_EDGE('',*,*,#505,.F.);
#505 = EDGE_CURVE('',#454,#506,#508,.T.);
#506 = VERTEX_POINT('',#507);
#507 = CARTESIAN_POINT('',(1.1055E+03,-30.01121157217,380.));
#508 = SURFACE_CURVE('',#509,(#513,#520),.PCURVE_S1.);
#509 = LINE('',#510,#511);
#510 = CARTESIAN_POINT('',(1.1055E+03,-30.01121157217,380.));
#511 = VECTOR('',#512,1.);
#512 = DIRECTION('',(2.106485876674E-35,-1.54074395551E-33,1.));
#513 = PCURVE('',#469,#514);
#514 = DEFINITIONAL_REPRESENTATION('',(#515),#519);
#515 = LINE('',#516,#517);
#516 = CARTESIAN_POINT('',(-150.,1.1055E+03));
#517 = VECTOR('',#518,1.);
#518 = DIRECTION('',(-1.,0.));
#519 = ( GEOMETRIC_REPRESENTATION_CONTEXT(2) 
PARAMETRIC_REPRESENTATION_CONTEXT() REPRESENTATION_CONTEXT('2D SPACE',''
  ) );
#520 = PCURVE('',#332,#521);
#521 = DEFINITIONAL_REPRESENTATION('',(#522),#526);
#522 = LINE('',#523,#524);
#523 = CARTESIAN_POINT('',(300.,150.));
#524 = VECTOR('',#525,1.);
#525 = DIRECTION('',(1.,0.));
#526 = ( GEOMETRIC_REPRESENTATION_CONTEXT(2) 
PARAMETRIC_REPRESENTATION_CONTEXT() REPRESENTATION_CONTEXT('2D SPACE',''
  ) );
#527 = ORIENTED_EDGE('',*,*,#453,.F.);
#528 = ORIENTED_EDGE('',*,*,#529,.F.);
#529 = EDGE_CURVE('',#530,#431,#532,.T.);
#530 = VERTEX_POINT('',#531);
#531 = CARTESIAN_POINT('',(-1.1055E+03,-30.01121157217,380.));
#532 = SURFACE_CURVE('',#533,(#537,#544),.PCURVE_S1.);
#533 = LINE('',#534,#535);
#534 = CARTESIAN_POINT('',(-1.1055E+03,-30.01121157217,80.));
#535 = VECTOR('',#536,1.);
#536 = DIRECTION('',(-3.552713678801E-16,3.835612043425E-33,-1.));
#537 = PCURVE('',#469,#538);
#538 = DEFINITIONAL_REPRESENTATION('',(#539),#543);
#539 = LINE('',#540,#541);
#540 = CARTESIAN_POINT('',(150.,-1.1055E+03));
#541 = VECTOR('',#542,1.);
#542 = DIRECTION('',(1.,-3.552713678801E-16));
#543 = ( GEOMETRIC_REPRESENTATION_CONTEXT(2) 
PARAMETRIC_REPRESENTATION_CONTEXT() REPRESENTATION_CONTEXT('2D SPACE',''
  ) );
#544 = PCURVE('',#388,#545);
#545 = DEFINITIONAL_REPRESENTATION('',(#546),#550);
#546 = LINE('',#547,#548);
#547 = CARTESIAN_POINT('',(300.,150.));
#548 = VECTOR('',#549,1.);
#549 = DIRECTION('',(1.,0.));
#550 = ( GEOMETRIC_REPRESENTATION_CONTEXT(2) 
PARAMETRIC_REPRESENTATION_CONTEXT() REPRESENTATION_CONTEXT('2D SPACE',''
  ) );
#551 = ORIENTED_EDGE('',*,*,#552,.F.);
#552 = EDGE_CURVE('',#506,#530,#553,.T.);
#553 = SURFACE_CURVE('',#554,(#558,#565),.PCURVE_S1.);
#554 = LINE('',#555,#556);
#555 = CARTESIAN_POINT('',(-1.1055E+03,-30.01121157217,380.));
#556 = VECTOR('',#557,1.);
#557 = DIRECTION('',(-1.,6.459479416001E-18,2.106485876674E-35));
#558 = PCURVE('',#469,#559);
#559 = DEFINITIONAL_REPRESENTATION('',(#560),#564);
#560 = LINE('',#561,#562);
#561 = CARTESIAN_POINT('',(-150.,-1.1055E+03));
#562 = VECTOR('',#563,1.);
#563 = DIRECTION('',(0.,-1.));
#564 = ( GEOMETRIC_REPRESENTATION_CONTEXT(2) 
PARAMETRIC_REPRESENTATION_CONTEXT() REPRESENTATION_CONTEXT('2D SPACE',''
  ) );
#565 = PCURVE('',#360,#566);
#566 = DEFINITIONAL_REPRESENTATION('',(#567),#571);
#567 = LINE('',#568,#569);
#568 = CARTESIAN_POINT('',(2.211E+03,150.));
#569 = VECTOR('',#570,1.);
#570 = DIRECTION('',(1.,-7.703719777549E-34));
#571 = ( GEOMETRIC_REPRESENTATION_CONTEXT(2) 
PARAMETRIC_REPRESENTATION_CONTEXT() REPRESENTATION_CONTEXT('2D SPACE',''
  ) );
#572 = ADVANCED_FACE('',(#573),#388,.F.);
#573 = FACE_BOUND('',#574,.T.);
#574 = EDGE_LOOP('',(#575,#576,#597,#598));
#575 = ORIENTED_EDGE('',*,*,#372,.T.);
#576 = ORIENTED_EDGE('',*,*,#577,.T.);
#577 = EDGE_CURVE('',#345,#530,#578,.T.);
#578 = SURFACE_CURVE('',#579,(#583,#590),.PCURVE_S1.);
#579 = LINE('',#580,#581);
#580 = CARTESIAN_POINT('',(-1.1055E+03,119.98878842782,380.));
#581 = VECTOR('',#582,1.);
#582 = DIRECTION('',(-2.746701338763E-43,-1.,-1.54074395551E-33));
#583 = PCURVE('',#388,#584);
#584 = DEFINITIONAL_REPRESENTATION('',(#585),#589);
#585 = LINE('',#586,#587);
#586 = CARTESIAN_POINT('',(0.,-0.));
#587 = VECTOR('',#588,1.);
#588 = DIRECTION('',(-2.294868087916E-33,1.));
#589 = ( GEOMETRIC_REPRESENTATION_CONTEXT(2) 
PARAMETRIC_REPRESENTATION_CONTEXT() REPRESENTATION_CONTEXT('2D SPACE',''
  ) );
#590 = PCURVE('',#360,#591);
#591 = DEFINITIONAL_REPRESENTATION('',(#592),#596);
#592 = LINE('',#593,#594);
#593 = CARTESIAN_POINT('',(2.211E+03,1.428190898878E-14));
#594 = VECTOR('',#595,1.);
#595 = DIRECTION('',(-6.459479416001E-18,1.));
#596 = ( GEOMETRIC_REPRESENTATION_CONTEXT(2) 
PARAMETRIC_REPRESENTATION_CONTEXT() REPRESENTATION_CONTEXT('2D SPACE',''
  ) );
#597 = ORIENTED_EDGE('',*,*,#529,.T.);
#598 = ORIENTED_EDGE('',*,*,#430,.F.);
#599 = ADVANCED_FACE('',(#600),#360,.F.);
#600 = FACE_BOUND('',#601,.T.);
#601 = EDGE_LOOP('',(#602,#603,#624,#625));
#602 = ORIENTED_EDGE('',*,*,#344,.T.);
#603 = ORIENTED_EDGE('',*,*,#604,.T.);
#604 = EDGE_CURVE('',#315,#506,#605,.T.);
#605 = SURFACE_CURVE('',#606,(#610,#617),.PCURVE_S1.);
#606 = LINE('',#607,#608);
#607 = CARTESIAN_POINT('',(1.1055E+03,119.98878842782,380.));
#608 = VECTOR('',#609,1.);
#609 = DIRECTION('',(-2.746701338763E-43,-1.,-1.54074395551E-33));
#610 = PCURVE('',#360,#611);
#611 = DEFINITIONAL_REPRESENTATION('',(#612),#616);
#612 = LINE('',#613,#614);
#613 = CARTESIAN_POINT('',(0.,0.));
#614 = VECTOR('',#615,1.);
#615 = DIRECTION('',(-6.459479416001E-18,1.));
#616 = ( GEOMETRIC_REPRESENTATION_CONTEXT(2) 
PARAMETRIC_REPRESENTATION_CONTEXT() REPRESENTATION_CONTEXT('2D SPACE',''
  ) );
#617 = PCURVE('',#332,#618);
#618 = DEFINITIONAL_REPRESENTATION('',(#619),#623);
#619 = LINE('',#620,#621);
#620 = CARTESIAN_POINT('',(300.,0.));
#621 = VECTOR('',#622,1.);
#622 = DIRECTION('',(0.,1.));
#623 = ( GEOMETRIC_REPRESENTATION_CONTEXT(2) 
PARAMETRIC_REPRESENTATION_CONTEXT() REPRESENTATION_CONTEXT('2D SPACE',''
  ) );
#624 = ORIENTED_EDGE('',*,*,#552,.T.);
#625 = ORIENTED_EDGE('',*,*,#577,.F.);
#626 = ADVANCED_FACE('',(#627),#332,.F.);
#627 = FACE_BOUND('',#628,.T.);
#628 = EDGE_LOOP('',(#629,#630,#631,#632));
#629 = ORIENTED_EDGE('',*,*,#314,.T.);
#630 = ORIENTED_EDGE('',*,*,#481,.T.);
#631 = ORIENTED_EDGE('',*,*,#505,.T.);
#632 = ORIENTED_EDGE('',*,*,#604,.F.);
#633 = ADVANCED_FACE('',(#634),#72,.F.);
#634 = FACE_BOUND('',#635,.T.);
#635 = EDGE_LOOP('',(#636,#657,#658,#659));
#636 = ORIENTED_EDGE('',*,*,#637,.F.);
#637 = EDGE_CURVE('',#218,#22,#638,.T.);
#638 = SURFACE_CURVE('',#639,(#643,#650),.PCURVE_S1.);
#639 = LINE('',#640,#641);
#640 = CARTESIAN_POINT('',(-1.1305E+03,119.98878842782,202.5));
#641 = VECTOR('',#642,1.);
#642 = DIRECTION('',(-9.135549459773E-16,7.441833324436E-33,-1.));
#643 = PCURVE('',#72,#644);
#644 = DEFINITIONAL_REPRESENTATION('',(#645),#649);
#645 = LINE('',#646,#647);
#646 = CARTESIAN_POINT('',(202.49999999999,1.194970597208E-30));
#647 = VECTOR('',#648,1.);
#648 = DIRECTION('',(1.,1.094764425254E-47));
#649 = ( GEOMETRIC_REPRESENTATION_CONTEXT(2) 
PARAMETRIC_REPRESENTATION_CONTEXT() REPRESENTATION_CONTEXT('2D SPACE',''
  ) );
#650 = PCURVE('',#44,#651);
#651 = DEFINITIONAL_REPRESENTATION('',(#652),#656);
#652 = LINE('',#653,#654);
#653 = CARTESIAN_POINT('',(2.5055E+03,202.5));
#654 = VECTOR('',#655,1.);
#655 = DIRECTION('',(9.135549459773E-16,-1.));
#656 = ( GEOMETRIC_REPRESENTATION_CONTEXT(2) 
PARAMETRIC_REPRESENTATION_CONTEXT() REPRESENTATION_CONTEXT('2D SPACE',''
  ) );
#657 = ORIENTED_EDGE('',*,*,#264,.T.);
#658 = ORIENTED_EDGE('',*,*,#290,.T.);
#659 = ORIENTED_EDGE('',*,*,#56,.F.);
#660 = ADVANCED_FACE('',(#661,#1009),#44,.T.);
#661 = FACE_BOUND('',#662,.T.);
#662 = EDGE_LOOP('',(#663,#693,#747,#801,#864,#927,#955,#983));
#663 = ORIENTED_EDGE('',*,*,#664,.F.);
#664 = EDGE_CURVE('',#665,#667,#669,.T.);
#665 = VERTEX_POINT('',#666);
#666 = CARTESIAN_POINT('',(-1.36E+03,119.98878842782,460.87672264194));
#667 = VERTEX_POINT('',#668);
#668 = CARTESIAN_POINT('',(-1.36E+03,119.98878842782,2.135202084219E-31)
  );
#669 = SURFACE_CURVE('',#670,(#674,#681),.PCURVE_S1.);
#670 = LINE('',#671,#672);
#671 = CARTESIAN_POINT('',(-1.36E+03,119.98878842782,2.135202084219E-31)
  );
#672 = VECTOR('',#673,1.);
#673 = DIRECTION('',(-2.106485876674E-35,1.54074395551E-33,-1.));
#674 = PCURVE('',#44,#675);
#675 = DEFINITIONAL_REPRESENTATION('',(#676),#680);
#676 = LINE('',#677,#678);
#677 = CARTESIAN_POINT('',(2.735E+03,0.));
#678 = VECTOR('',#679,1.);
#679 = DIRECTION('',(0.,-1.));
#680 = ( GEOMETRIC_REPRESENTATION_CONTEXT(2) 
PARAMETRIC_REPRESENTATION_CONTEXT() REPRESENTATION_CONTEXT('2D SPACE',''
  ) );
#681 = PCURVE('',#682,#687);
#682 = CYLINDRICAL_SURFACE('',#683,15.);
#683 = AXIS2_PLACEMENT_3D('',#684,#685,#686);
#684 = CARTESIAN_POINT('',(-1.36E+03,104.98878842782,1.904090490892E-31)
  );
#685 = DIRECTION('',(2.106485876674E-35,-1.54074395551E-33,1.));
#686 = DIRECTION('',(-0.707106781187,0.707106781187,1.104365603492E-33)
  );
#687 = DEFINITIONAL_REPRESENTATION('',(#688),#692);
#688 = LINE('',#689,#690);
#689 = CARTESIAN_POINT('',(-0.785398163397,0.));
#690 = VECTOR('',#691,1.);
#691 = DIRECTION('',(0.,-1.));
#692 = ( GEOMETRIC_REPRESENTATION_CONTEXT(2) 
PARAMETRIC_REPRESENTATION_CONTEXT() REPRESENTATION_CONTEXT('2D SPACE',''
  ) );
#693 = ORIENTED_EDGE('',*,*,#694,.F.);
#694 = EDGE_CURVE('',#695,#665,#697,.T.);
#695 = VERTEX_POINT('',#696);
#696 = CARTESIAN_POINT('',(-1.06190019852E+03,119.98878842782,
    456.48671410408));
#697 = SURFACE_CURVE('',#698,(#703,#711),.PCURVE_S1.);
#698 = B_SPLINE_CURVE_WITH_KNOTS('',3,(#699,#700,#701,#702),
  .UNSPECIFIED.,.F.,.F.,(4,4),(-31.32965897436,-1.516385512848),
  .PIECEWISE_BEZIER_KNOTS.);
#699 = CARTESIAN_POINT('',(-1.06190019852E+03,119.98878842782,
    456.48671410408));
#700 = CARTESIAN_POINT('',(-1.161261266519E+03,119.98878842782,
    458.29812677503));
#701 = CARTESIAN_POINT('',(-1.260628679062E+03,119.98878842782,
    459.76154321718));
#702 = CARTESIAN_POINT('',(-1.36E+03,119.98878842782,460.87672264194));
#703 = PCURVE('',#44,#704);
#704 = DEFINITIONAL_REPRESENTATION('',(#705),#710);
#705 = B_SPLINE_CURVE_WITH_KNOTS('',3,(#706,#707,#708,#709),
  .UNSPECIFIED.,.F.,.F.,(4,4),(-31.32965897436,-1.516385512848),
  .PIECEWISE_BEZIER_KNOTS.);
#706 = CARTESIAN_POINT('',(2.43690019852E+03,456.48671410408));
#707 = CARTESIAN_POINT('',(2.536261266519E+03,458.29812677503));
#708 = CARTESIAN_POINT('',(2.635628679062E+03,459.76154321718));
#709 = CARTESIAN_POINT('',(2.735E+03,460.87672264194));
#710 = ( GEOMETRIC_REPRESENTATION_CONTEXT(2) 
PARAMETRIC_REPRESENTATION_CONTEXT() REPRESENTATION_CONTEXT('2D SPACE',''
  ) );
#711 = PCURVE('',#712,#741);
#712 = B_SPLINE_SURFACE_WITH_KNOTS('',3,3,(
    (#713,#714,#715,#716)
    ,(#717,#718,#719,#720)
    ,(#721,#722,#723,#724)
    ,(#725,#726,#727,#728)
    ,(#729,#730,#731,#732)
    ,(#733,#734,#735,#736)
    ,(#737,#738,#739,#740
  )),.UNSPECIFIED.,.F.,.F.,.F.,(4,1,1,1,4),(4,4),(0.,0.285714285714,
    0.571428571429,0.714285714286,1.),(1.516385512848,31.329658974362),
  .UNSPECIFIED.);
#713 = CARTESIAN_POINT('',(-1.359831722158E+03,105.34233104265,
    475.87161144404));
#714 = CARTESIAN_POINT('',(-1.260425356626E+03,105.29822413647,
    474.75707866911));
#715 = CARTESIAN_POINT('',(-1.161022912028E+03,105.26399957089,
    473.29376827636));
#716 = CARTESIAN_POINT('',(-1.06162682308E+03,105.23967771224,
    471.482124083));
#717 = CARTESIAN_POINT('',(-1.359832306762E+03,107.55203792585,
    475.81951854866));
#718 = CARTESIAN_POINT('',(-1.260425986649E+03,107.51226841973,
    474.71140005519));
#719 = CARTESIAN_POINT('',(-1.161023571617E+03,107.48142113901,
    473.25307196863));
#720 = CARTESIAN_POINT('',(-1.06162749993E+03,107.45946656657,
    471.44499697518));
#721 = CARTESIAN_POINT('',(-1.359844625788E+03,111.94700161449,
    474.72179573758));
#722 = CARTESIAN_POINT('',(-1.260440772649E+03,111.9187861831,
    473.62258724477));
#723 = CARTESIAN_POINT('',(-1.161040776421E+03,111.89682557918,
    472.17126857505));
#724 = CARTESIAN_POINT('',(-1.061647130585E+03,111.88122274905,
    470.36820044085));
#725 = CARTESIAN_POINT('',(-1.359884910809E+03,116.32329722465,
    471.1320812932));
#726 = CARTESIAN_POINT('',(-1.260489439693E+03,116.30982721658,
    470.03317557689));
#727 = CARTESIAN_POINT('',(-1.161097827777E+03,116.29931757296,
    468.5821761023));
#728 = CARTESIAN_POINT('',(-1.061712556161E+03,116.29186239488,
    466.77942401779));
#729 = CARTESIAN_POINT('',(-1.359938038577E+03,119.24026549927,
    466.3979762328));
#730 = CARTESIAN_POINT('',(-1.260553701595E+03,119.23736211802,
    465.2931137305));
#731 = CARTESIAN_POINT('',(-1.161173228854E+03,119.23510537396,
    463.83763101859));
#732 = CARTESIAN_POINT('',(-1.061799109155E+03,119.23349698678,
    462.03174941351));
#733 = CARTESIAN_POINT('',(-1.359975196574E+03,119.98878842782,
    463.08690437909));
#734 = CARTESIAN_POINT('',(-1.260598658717E+03,119.98882954831,
    461.97589141931));
#735 = CARTESIAN_POINT('',(-1.161226030833E+03,119.98876549457,
    460.51562279924));
#736 = CARTESIAN_POINT('',(-1.061859731482E+03,119.98878842782,
    458.70644468613));
#737 = CARTESIAN_POINT('',(-1.36E+03,119.98878842782,460.87672264194));
#738 = CARTESIAN_POINT('',(-1.260628679062E+03,119.98878842782,
    459.76154321718));
#739 = CARTESIAN_POINT('',(-1.161261266519E+03,119.98878842782,
    458.29812677503));
#740 = CARTESIAN_POINT('',(-1.06190019852E+03,119.98878842782,
    456.48671410408));
#741 = DEFINITIONAL_REPRESENTATION('',(#742),#746);
#742 = LINE('',#743,#744);
#743 = CARTESIAN_POINT('',(1.,-4.263256414561E-14));
#744 = VECTOR('',#745,1.);
#745 = DIRECTION('',(-1.042698136776E-16,-1.));
#746 = ( GEOMETRIC_REPRESENTATION_CONTEXT(2) 
PARAMETRIC_REPRESENTATION_CONTEXT() REPRESENTATION_CONTEXT('2D SPACE',''
  ) );
#747 = ORIENTED_EDGE('',*,*,#748,.F.);
#748 = EDGE_CURVE('',#749,#695,#751,.T.);
#749 = VERTEX_POINT('',#750);
#750 = CARTESIAN_POINT('',(-286.5732112017,119.98878842782,
    435.29280615939));
#751 = SURFACE_CURVE('',#752,(#757,#765),.PCURVE_S1.);
#752 = B_SPLINE_CURVE_WITH_KNOTS('',3,(#753,#754,#755,#756),
  .UNSPECIFIED.,.F.,.F.,(4,4),(-77.56232056128,6.088417727707E-04),
  .PIECEWISE_BEZIER_KNOTS.);
#753 = CARTESIAN_POINT('',(-286.5732112017,119.98878842782,
    435.29280615953));
#754 = CARTESIAN_POINT('',(-544.9370819393,119.98878842782,
    444.91797250023));
#755 = CARTESIAN_POINT('',(-803.3963260051,119.98878842782,
    451.98322393204));
#756 = CARTESIAN_POINT('',(-1.06190019852E+03,119.98878842782,
    456.48671410404));
#757 = PCURVE('',#44,#758);
#758 = DEFINITIONAL_REPRESENTATION('',(#759),#764);
#759 = B_SPLINE_CURVE_WITH_KNOTS('',3,(#760,#761,#762,#763),
  .UNSPECIFIED.,.F.,.F.,(4,4),(-77.56232056128,6.088417727707E-04),
  .PIECEWISE_BEZIER_KNOTS.);
#760 = CARTESIAN_POINT('',(1.661573211202E+03,435.29280615953));
#761 = CARTESIAN_POINT('',(1.919937081939E+03,444.91797250023));
#762 = CARTESIAN_POINT('',(2.178396326005E+03,451.98322393204));
#763 = CARTESIAN_POINT('',(2.43690019852E+03,456.48671410404));
#764 = ( GEOMETRIC_REPRESENTATION_CONTEXT(2) 
PARAMETRIC_REPRESENTATION_CONTEXT() REPRESENTATION_CONTEXT('2D SPACE',''
  ) );
#765 = PCURVE('',#766,#795);
#766 = B_SPLINE_SURFACE_WITH_KNOTS('',3,3,(
    (#767,#768,#769,#770)
    ,(#771,#772,#773,#774)
    ,(#775,#776,#777,#778)
    ,(#779,#780,#781,#782)
    ,(#783,#784,#785,#786)
    ,(#787,#788,#789,#790)
    ,(#791,#792,#793,#794
  )),.UNSPECIFIED.,.F.,.F.,.F.,(4,1,1,1,4),(4,4),(0.,0.285714285714,
    0.571428571429,0.714285714286,1.),(-6.088417727707E-04,
    77.574405036966),.UNSPECIFIED.);
#767 = CARTESIAN_POINT('',(-1.061638954473E+03,105.2404403322,
    471.48232755821));
#768 = CARTESIAN_POINT('',(-802.9956872508,105.38994005399,
    466.97390008055));
#769 = CARTESIAN_POINT('',(-544.3973422965,105.39532679924,
    459.90419877111));
#770 = CARTESIAN_POINT('',(-285.8940657098,105.25650043264,
    450.27551955645));
#771 = CARTESIAN_POINT('',(-1.061639603232E+03,107.46015466505,
    471.44508827778));
#772 = CARTESIAN_POINT('',(-802.9969518651,107.59510221199,
    466.91473634826));
#773 = CARTESIAN_POINT('',(-544.39932445,107.59993527449,459.84429880018
    ));
#774 = CARTESIAN_POINT('',(-285.8955398769,107.47464409066,
    450.23595245646));
#775 = CARTESIAN_POINT('',(-1.061658365254E+03,111.88172365149,
    470.36813345289));
#776 = CARTESIAN_POINT('',(-803.0233725962,111.97762790333,
    465.80741438351));
#777 = CARTESIAN_POINT('',(-544.4334573741,111.98104461624,
    458.73614736462));
#778 = CARTESIAN_POINT('',(-285.9357645824,111.8920267863,
    449.15630896487));
#779 = CARTESIAN_POINT('',(-1.06172088769E+03,116.29210563769,
    466.77929652833));
#780 = CARTESIAN_POINT('',(-803.1096378608,116.33792929204,
    462.21798904608));
#781 = CARTESIAN_POINT('',(-544.543423514,116.33955865476,
    455.14738264965));
#782 = CARTESIAN_POINT('',(-286.0694066688,116.29703111191,
    445.56931417799));
#783 = CARTESIAN_POINT('',(-1.061803598032E+03,119.23355860227,
    462.0316579814));
#784 = CARTESIAN_POINT('',(-803.2234024153,119.24344457373,
    457.49137813751));
#785 = CARTESIAN_POINT('',(-544.6880479411,119.24379308772,
    450.42236616319));
#786 = CARTESIAN_POINT('',(-286.246113819,119.23461952955,
    440.82643980495));
#787 = CARTESIAN_POINT('',(-1.061861528492E+03,119.98878842782,
    458.70640406736));
#788 = CARTESIAN_POINT('',(-803.3029347742,119.98864747535,
    454.18763935651));
#789 = CARTESIAN_POINT('',(-544.789116243,119.98865776994,
    447.11998886701));
#790 = CARTESIAN_POINT('',(-286.3698521091,119.98878842782,
    437.50526596224));
#791 = CARTESIAN_POINT('',(-1.06190019852E+03,119.98878842782,
    456.48671410404));
#792 = CARTESIAN_POINT('',(-803.3560505309,119.98878842782,
    451.98252227833));
#793 = CARTESIAN_POINT('',(-544.8565448984,119.98878842782,
    444.9157708745));
#794 = CARTESIAN_POINT('',(-286.4524502239,119.98878842782,
    435.2883071066));
#795 = DEFINITIONAL_REPRESENTATION('',(#796),#800);
#796 = LINE('',#797,#798);
#797 = CARTESIAN_POINT('',(1.,0.));
#798 = VECTOR('',#799,1.);
#799 = DIRECTION('',(-4.594741246204E-16,-1.));
#800 = ( GEOMETRIC_REPRESENTATION_CONTEXT(2) 
PARAMETRIC_REPRESENTATION_CONTEXT() REPRESENTATION_CONTEXT('2D SPACE',''
  ) );
#801 = ORIENTED_EDGE('',*,*,#802,.F.);
#802 = EDGE_CURVE('',#803,#749,#805,.T.);
#803 = VERTEX_POINT('',#804);
#804 = CARTESIAN_POINT('',(2.535763227834,119.98878842782,
    462.60292311289));
#805 = SURFACE_CURVE('',#806,(#812,#821),.PCURVE_S1.);
#806 = B_SPLINE_CURVE_WITH_KNOTS('',3,(#807,#808,#809,#810,#811),
  .UNSPECIFIED.,.F.,.F.,(4,1,4),(-29.15774330882,-12.49617570377,
    -1.27702345742E-02),.UNSPECIFIED.);
#807 = CARTESIAN_POINT('',(2.535763227834,119.98878842782,
    462.60292311289));
#808 = CARTESIAN_POINT('',(-51.39157165362,119.98878842782,
    449.32233471356));
#809 = CARTESIAN_POINT('',(-147.6808215346,119.98878842782,
    434.04116133256));
#810 = CARTESIAN_POINT('',(-245.0209406676,119.98878842782,
    433.07617902126));
#811 = CARTESIAN_POINT('',(-286.5732112008,119.98878842782,
    435.29280616616));
#812 = PCURVE('',#44,#813);
#813 = DEFINITIONAL_REPRESENTATION('',(#814),#820);
#814 = B_SPLINE_CURVE_WITH_KNOTS('',3,(#815,#816,#817,#818,#819),
  .UNSPECIFIED.,.F.,.F.,(4,1,4),(-29.15774330882,-12.49617570377,
    -1.27702345742E-02),.UNSPECIFIED.);
#815 = CARTESIAN_POINT('',(1.372464236772E+03,462.60292311289));
#816 = CARTESIAN_POINT('',(1.426391571654E+03,449.32233471356));
#817 = CARTESIAN_POINT('',(1.522680821535E+03,434.04116133256));
#818 = CARTESIAN_POINT('',(1.620020940668E+03,433.07617902126));
#819 = CARTESIAN_POINT('',(1.661573211201E+03,435.29280616616));
#820 = ( GEOMETRIC_REPRESENTATION_CONTEXT(2) 
PARAMETRIC_REPRESENTATION_CONTEXT() REPRESENTATION_CONTEXT('2D SPACE',''
  ) );
#821 = PCURVE('',#822,#858);
#822 = B_SPLINE_SURFACE_WITH_KNOTS('',3,3,(
    (#823,#824,#825,#826,#827)
    ,(#828,#829,#830,#831,#832)
    ,(#833,#834,#835,#836,#837)
    ,(#838,#839,#840,#841,#842)
    ,(#843,#844,#845,#846,#847)
    ,(#848,#849,#850,#851,#852)
    ,(#853,#854,#855,#856,#857
    )),.UNSPECIFIED.,.F.,.F.,.F.,(4,1,1,1,4),(4,1,4),(0.,0.285714285714,
    0.571428571429,0.714285714286,1.),(-6.628748546829E-12,
    12.496175703778,29.157743308825),.UNSPECIFIED.);
#823 = CARTESIAN_POINT('',(-285.8998275772,105.20340773742,
    450.2766825975));
#824 = CARTESIAN_POINT('',(-244.9375365718,105.34483441158,
    448.08418205044));
#825 = CARTESIAN_POINT('',(-149.0334220843,105.76206551768,
    449.01833717707));
#826 = CARTESIAN_POINT('',(-54.15395231973,106.37333616423,
    464.02995611216));
#827 = CARTESIAN_POINT('',(-1.025519602523,106.77679148647,
    477.0639158058));
#828 = CARTESIAN_POINT('',(-285.9015264428,107.42673424635,
    450.2449134788));
#829 = CARTESIAN_POINT('',(-244.9390857792,107.55444623042,
    448.03156103246));
#830 = CARTESIAN_POINT('',(-149.0288114591,107.93038114268,
    448.9049716246));
#831 = CARTESIAN_POINT('',(-54.12048338364,108.47686795503,
    463.83646642881));
#832 = CARTESIAN_POINT('',(-0.966423006634,108.83531222204,
    476.82394737812));
#833 = CARTESIAN_POINT('',(-285.958635077,111.85801459267,
    449.17697084223));
#834 = CARTESIAN_POINT('',(-244.9526303859,111.94883288147,
    446.93226343783));
#835 = CARTESIAN_POINT('',(-148.9328109241,112.21566089264,
    447.72240899647));
#836 = CARTESIAN_POINT('',(-53.88514509134,112.59908210301,
    462.56176887998));
#837 = CARTESIAN_POINT('',(-0.641073606511,112.84765681893,
    475.50282925245));
#838 = CARTESIAN_POINT('',(-286.1502923476,116.2807905526,
    445.59294237594));
#839 = CARTESIAN_POINT('',(-244.9931287906,116.32419761871,
    443.33910095642));
#840 = CARTESIAN_POINT('',(-148.6190662134,116.45163533509,
    444.13098253256));
#841 = CARTESIAN_POINT('',(-53.22227038335,116.63374847148,
    459.03193399107));
#842 = CARTESIAN_POINT('',(0.21422805907,116.75105785787,472.02977986958
    ));
#843 = CARTESIAN_POINT('',(-286.4041199187,119.23117395713,
    440.84631712445));
#844 = CARTESIAN_POINT('',(-245.0454961444,119.2405416663,
    438.60106329553));
#845 = CARTESIAN_POINT('',(-148.2054268973,119.26795745248,
    439.45525904777));
#846 = CARTESIAN_POINT('',(-52.3714554643,119.30683913731,
    454.51534707997));
#847 = CARTESIAN_POINT('',(1.297048343211,119.33181211329,
    467.63286534113));
#848 = CARTESIAN_POINT('',(-286.5819960444,119.98878842782,
    437.5199987653));
#849 = CARTESIAN_POINT('',(-245.0820466179,119.9886545418,
    435.28720825929));
#850 = CARTESIAN_POINT('',(-147.9160880588,119.98869192521,
    436.20422750749));
#851 = CARTESIAN_POINT('',(-51.78371240138,119.98910860814,
    451.40103828009));
#852 = CARTESIAN_POINT('',(2.039987264785,119.98878842782,
    464.61607761942));
#853 = CARTESIAN_POINT('',(-286.7007317894,119.98878842782,
    435.29961709739));
#854 = CARTESIAN_POINT('',(-245.1062424513,119.98878842782,
    433.07533613163));
#855 = CARTESIAN_POINT('',(-147.7230118741,119.98878842782,
    434.03446569526));
#856 = CARTESIAN_POINT('',(-51.39157165362,119.98878842782,
    449.32233471356));
#857 = CARTESIAN_POINT('',(2.535763227834,119.98878842782,
    462.60292311289));
#858 = DEFINITIONAL_REPRESENTATION('',(#859),#863);
#859 = LINE('',#860,#861);
#860 = CARTESIAN_POINT('',(1.,0.));
#861 = VECTOR('',#862,1.);
#862 = DIRECTION('',(2.895077297088E-16,-1.));
#863 = ( GEOMETRIC_REPRESENTATION_CONTEXT(2) 
PARAMETRIC_REPRESENTATION_CONTEXT() REPRESENTATION_CONTEXT('2D SPACE',''
  ) );
#864 = ORIENTED_EDGE('',*,*,#865,.F.);
#865 = EDGE_CURVE('',#866,#803,#868,.T.);
#866 = VERTEX_POINT('',#867);
#867 = CARTESIAN_POINT('',(293.86319982925,119.98878842782,
    512.8435769983));
#868 = SURFACE_CURVE('',#869,(#875,#884),.PCURVE_S1.);
#869 = B_SPLINE_CURVE_WITH_KNOTS('',3,(#870,#871,#872,#873,#874),
  .UNSPECIFIED.,.F.,.F.,(4,1,4),(-29.63218746455,-12.65718410783,
    7.40684097098E-02),.UNSPECIFIED.);
#870 = CARTESIAN_POINT('',(293.86319982925,119.98878842782,
    512.8435769983));
#871 = CARTESIAN_POINT('',(237.27985530684,119.98878842782,
    512.8435769983));
#872 = CARTESIAN_POINT('',(138.26526374748,119.98878842782,
    503.1014289425));
#873 = CARTESIAN_POINT('',(42.531558252611,119.98878842782,
    476.79018793764));
#874 = CARTESIAN_POINT('',(2.535763227834,119.98878842782,
    462.60292311289));
#875 = PCURVE('',#44,#876);
#876 = DEFINITIONAL_REPRESENTATION('',(#877),#883);
#877 = B_SPLINE_CURVE_WITH_KNOTS('',3,(#878,#879,#880,#881,#882),
  .UNSPECIFIED.,.F.,.F.,(4,1,4),(-29.63218746455,-12.65718410783,
    7.40684097098E-02),.UNSPECIFIED.);
#878 = CARTESIAN_POINT('',(1.081136800171E+03,512.8435769983));
#879 = CARTESIAN_POINT('',(1.137720144693E+03,512.8435769983));
#880 = CARTESIAN_POINT('',(1.236734736253E+03,503.1014289425));
#881 = CARTESIAN_POINT('',(1.332468441747E+03,476.79018793764));
#882 = CARTESIAN_POINT('',(1.372464236772E+03,462.60292311289));
#883 = ( GEOMETRIC_REPRESENTATION_CONTEXT(2) 
PARAMETRIC_REPRESENTATION_CONTEXT() REPRESENTATION_CONTEXT('2D SPACE',''
  ) );
#884 = PCURVE('',#885,#921);
#885 = B_SPLINE_SURFACE_WITH_KNOTS('',3,3,(
    (#886,#887,#888,#889,#890)
    ,(#891,#892,#893,#894,#895)
    ,(#896,#897,#898,#899,#900)
    ,(#901,#902,#903,#904,#905)
    ,(#906,#907,#908,#909,#910)
    ,(#911,#912,#913,#914,#915)
    ,(#916,#917,#918,#919,#920
    )),.UNSPECIFIED.,.F.,.F.,.F.,(4,1,1,1,4),(4,1,4),(0.,0.285714285714,
    0.571428571429,0.714285714286,1.),(-7.40684097098E-02,
    12.657184107832,29.632187464554),.UNSPECIFIED.);
#886 = CARTESIAN_POINT('',(-2.437204545186,106.9186373952,
    476.62238367639));
#887 = CARTESIAN_POINT('',(38.236076922681,106.86698769549,
    491.05707559379));
#888 = CARTESIAN_POINT('',(135.58380714814,106.52719123123,
    517.8593051603));
#889 = CARTESIAN_POINT('',(236.29863948405,105.65696101328,
    527.8435769983));
#890 = CARTESIAN_POINT('',(293.86319982925,104.98878842782,
    527.8435769983));
#891 = CARTESIAN_POINT('',(-2.348615002417,108.96120849768,
    476.37263791935));
#892 = CARTESIAN_POINT('',(38.310453647065,108.91538204719,
    490.80914858473));
#893 = CARTESIAN_POINT('',(135.61704763487,108.61388319572,
    517.64413222098));
#894 = CARTESIAN_POINT('',(236.29852674908,107.83762914268,
    527.74344766554));
#895 = CARTESIAN_POINT('',(293.86319982925,107.23278318039,
    527.8435769983));
#896 = CARTESIAN_POINT('',(-1.88604969051,112.93498823702,
    475.06860450424));
#897 = CARTESIAN_POINT('',(38.70698063374,112.90328234857,489.490546529)
  );
#898 = CARTESIAN_POINT('',(135.8466454151,112.69472580742,
    516.33647523711));
#899 = CARTESIAN_POINT('',(236.36559313173,112.15141275747,
    526.57804329407));
#900 = CARTESIAN_POINT('',(293.86319982925,111.71982701814,
    526.81889242339));
#901 = CARTESIAN_POINT('',(-0.691383085695,116.79186001879,
    471.70067973231));
#902 = CARTESIAN_POINT('',(39.738813498791,116.77690796404,
    486.06346932002));
#903 = CARTESIAN_POINT('',(136.49022259354,116.67855038653,
    512.79333166126));
#904 = CARTESIAN_POINT('',(236.60021814693,116.42079997525,
    522.98303000906));
#905 = CARTESIAN_POINT('',(293.86319982925,116.21405913293,
    523.23152731023));
#906 = CARTESIAN_POINT('',(0.815197664003,119.34104002604,467.4534273128
    ));
#907 = CARTESIAN_POINT('',(41.042023317059,119.33786823115,
    481.73576560763));
#908 = CARTESIAN_POINT('',(137.31533576907,119.31700592016,
    508.28028454843));
#909 = CARTESIAN_POINT('',(236.91316001339,119.26211962841,
    518.29111165669));
#910 = CARTESIAN_POINT('',(293.86319982925,119.21753345576,
    518.44960889983));
#911 = CARTESIAN_POINT('',(1.847189580878,119.98878842782,
    464.54410422026));
#912 = CARTESIAN_POINT('',(41.935493680481,119.98881883485,
    478.76946179005));
#913 = CARTESIAN_POINT('',(137.88511760811,119.98903736786,
    505.17421332112));
#914 = CARTESIAN_POINT('',(237.13294659835,119.98829773962,
    515.0236853887));
#915 = CARTESIAN_POINT('',(293.86319982925,119.98878842782,
    515.08757175086));
#916 = CARTESIAN_POINT('',(2.535763227834,119.98878842782,
    462.60292311289));
#917 = CARTESIAN_POINT('',(42.531558252611,119.98878842782,
    476.79018793764));
#918 = CARTESIAN_POINT('',(138.26526374748,119.98878842782,
    503.1014289425));
#919 = CARTESIAN_POINT('',(237.27985530684,119.98878842782,
    512.8435769983));
#920 = CARTESIAN_POINT('',(293.86319982925,119.98878842782,
    512.8435769983));
#921 = DEFINITIONAL_REPRESENTATION('',(#922),#926);
#922 = LINE('',#923,#924);
#923 = CARTESIAN_POINT('',(1.,0.));
#924 = VECTOR('',#925,1.);
#925 = DIRECTION('',(1.943415471976E-16,-1.));
#926 = ( GEOMETRIC_REPRESENTATION_CONTEXT(2) 
PARAMETRIC_REPRESENTATION_CONTEXT() REPRESENTATION_CONTEXT('2D SPACE',''
  ) );
#927 = ORIENTED_EDGE('',*,*,#928,.F.);
#928 = EDGE_CURVE('',#929,#866,#931,.T.);
#929 = VERTEX_POINT('',#930);
#930 = CARTESIAN_POINT('',(1.36E+03,119.98878842782,512.8435769983));
#931 = SURFACE_CURVE('',#932,(#936,#943),.PCURVE_S1.);
#932 = LINE('',#933,#934);
#933 = CARTESIAN_POINT('',(1.375E+03,119.98878842782,512.8435769983));
#934 = VECTOR('',#935,1.);
#935 = DIRECTION('',(-1.,6.459479416001E-18,2.063497537503E-16));
#936 = PCURVE('',#44,#937);
#937 = DEFINITIONAL_REPRESENTATION('',(#938),#942);
#938 = LINE('',#939,#940);
#939 = CARTESIAN_POINT('',(0.,512.8435769983));
#940 = VECTOR('',#941,1.);
#941 = DIRECTION('',(1.,2.063497537503E-16));
#942 = ( GEOMETRIC_REPRESENTATION_CONTEXT(2) 
PARAMETRIC_REPRESENTATION_CONTEXT() REPRESENTATION_CONTEXT('2D SPACE',''
  ) );
#943 = PCURVE('',#944,#949);
#944 = CYLINDRICAL_SURFACE('',#945,15.);
#945 = AXIS2_PLACEMENT_3D('',#946,#947,#948);
#946 = CARTESIAN_POINT('',(1.375E+03,104.98878842782,512.8435769983));
#947 = DIRECTION('',(1.,-6.459479416001E-18,-2.063497537503E-16));
#948 = DIRECTION('',(1.50478851871E-16,0.707106781187,0.707106781187));
#949 = DEFINITIONAL_REPRESENTATION('',(#950),#954);
#950 = LINE('',#951,#952);
#951 = CARTESIAN_POINT('',(-0.785398163397,0.));
#952 = VECTOR('',#953,1.);
#953 = DIRECTION('',(0.,-1.));
#954 = ( GEOMETRIC_REPRESENTATION_CONTEXT(2) 
PARAMETRIC_REPRESENTATION_CONTEXT() REPRESENTATION_CONTEXT('2D SPACE',''
  ) );
#955 = ORIENTED_EDGE('',*,*,#956,.F.);
#956 = EDGE_CURVE('',#957,#929,#959,.T.);
#957 = VERTEX_POINT('',#958);
#958 = CARTESIAN_POINT('',(1.36E+03,119.98878842782,1.562237925764E-31)
  );
#959 = SURFACE_CURVE('',#960,(#964,#971),.PCURVE_S1.);
#960 = LINE('',#961,#962);
#961 = CARTESIAN_POINT('',(1.36E+03,119.98878842782,1.562237925764E-31)
  );
#962 = VECTOR('',#963,1.);
#963 = DIRECTION('',(2.106485876674E-35,-1.54074395551E-33,1.));
#964 = PCURVE('',#44,#965);
#965 = DEFINITIONAL_REPRESENTATION('',(#966),#970);
#966 = LINE('',#967,#968);
#967 = CARTESIAN_POINT('',(15.,0.));
#968 = VECTOR('',#969,1.);
#969 = DIRECTION('',(0.,1.));
#970 = ( GEOMETRIC_REPRESENTATION_CONTEXT(2) 
PARAMETRIC_REPRESENTATION_CONTEXT() REPRESENTATION_CONTEXT('2D SPACE',''
  ) );
#971 = PCURVE('',#972,#977);
#972 = CYLINDRICAL_SURFACE('',#973,15.);
#973 = AXIS2_PLACEMENT_3D('',#974,#975,#976);
#974 = CARTESIAN_POINT('',(1.36E+03,104.98878842782,1.331126332437E-31)
  );
#975 = DIRECTION('',(2.106485876674E-35,-1.54074395551E-33,1.));
#976 = DIRECTION('',(0.707106781187,0.707106781187,1.074575394534E-33));
#977 = DEFINITIONAL_REPRESENTATION('',(#978),#982);
#978 = LINE('',#979,#980);
#979 = CARTESIAN_POINT('',(0.785398163397,0.));
#980 = VECTOR('',#981,1.);
#981 = DIRECTION('',(0.,1.));
#982 = ( GEOMETRIC_REPRESENTATION_CONTEXT(2) 
PARAMETRIC_REPRESENTATION_CONTEXT() REPRESENTATION_CONTEXT('2D SPACE',''
  ) );
#983 = ORIENTED_EDGE('',*,*,#984,.T.);
#984 = EDGE_CURVE('',#957,#667,#985,.T.);
#985 = SURFACE_CURVE('',#986,(#990,#997),.PCURVE_S1.);
#986 = LINE('',#987,#988);
#987 = CARTESIAN_POINT('',(1.375E+03,119.98878842782,1.559078196949E-31)
  );
#988 = VECTOR('',#989,1.);
#989 = DIRECTION('',(-1.,6.459479416001E-18,2.106485876674E-35));
#990 = PCURVE('',#44,#991);
#991 = DEFINITIONAL_REPRESENTATION('',(#992),#996);
#992 = LINE('',#993,#994);
#993 = CARTESIAN_POINT('',(0.,0.));
#994 = VECTOR('',#995,1.);
#995 = DIRECTION('',(1.,0.));
#996 = ( GEOMETRIC_REPRESENTATION_CONTEXT(2) 
PARAMETRIC_REPRESENTATION_CONTEXT() REPRESENTATION_CONTEXT('2D SPACE',''
  ) );
#997 = PCURVE('',#998,#1003);
#998 = PLANE('',#999);
#999 = AXIS2_PLACEMENT_3D('',#1000,#1001,#1002);
#1000 = CARTESIAN_POINT('',(-2.588796806625E-40,-942.5112115721,
    -1.45216845223E-30));
#1001 = DIRECTION('',(2.106485876674E-35,-1.54074395551E-33,1.));
#1002 = DIRECTION('',(1.,-2.746701338763E-43,-2.106485876674E-35));
#1003 = DEFINITIONAL_REPRESENTATION('',(#1004),#1008);
#1004 = LINE('',#1005,#1006);
#1005 = CARTESIAN_POINT('',(1.375E+03,1.0625E+03));
#1006 = VECTOR('',#1007,1.);
#1007 = DIRECTION('',(-1.,6.459479416001E-18));
#1008 = ( GEOMETRIC_REPRESENTATION_CONTEXT(2) 
PARAMETRIC_REPRESENTATION_CONTEXT() REPRESENTATION_CONTEXT('2D SPACE',''
  ) );
#1009 = FACE_BOUND('',#1010,.T.);
#1010 = EDGE_LOOP('',(#1011,#1012,#1013,#1014));
#1011 = ORIENTED_EDGE('',*,*,#21,.T.);
#1012 = ORIENTED_EDGE('',*,*,#141,.T.);
#1013 = ORIENTED_EDGE('',*,*,#217,.T.);
#1014 = ORIENTED_EDGE('',*,*,#637,.T.);
#1015 = ADVANCED_FACE('',(#1016,#1150,#1264,#1378,#1409),#998,.F.);
#1016 = FACE_BOUND('',#1017,.F.);
#1017 = EDGE_LOOP('',(#1018,#1042,#1070,#1099,#1127,#1149));
#1018 = ORIENTED_EDGE('',*,*,#1019,.T.);
#1019 = EDGE_CURVE('',#667,#1020,#1022,.T.);
#1020 = VERTEX_POINT('',#1021);
#1021 = CARTESIAN_POINT('',(-1.375E+03,104.98878842782,
    1.907250219707E-31));
#1022 = SURFACE_CURVE('',#1023,(#1028,#1035),.PCURVE_S1.);
#1023 = CIRCLE('',#1024,15.);
#1024 = AXIS2_PLACEMENT_3D('',#1025,#1026,#1027);
#1025 = CARTESIAN_POINT('',(-1.36E+03,104.98878842782,1.904090490892E-31
    ));
#1026 = DIRECTION('',(2.106485876674E-35,-1.54074395551E-33,1.));
#1027 = DIRECTION('',(-0.707106781187,0.707106781187,1.104365603492E-33)
  );
#1028 = PCURVE('',#998,#1029);
#1029 = DEFINITIONAL_REPRESENTATION('',(#1030),#1034);
#1030 = CIRCLE('',#1031,15.);
#1031 = AXIS2_PLACEMENT_2D('',#1032,#1033);
#1032 = CARTESIAN_POINT('',(-1.36E+03,1.0475E+03));
#1033 = DIRECTION('',(-0.707106781187,0.707106781187));
#1034 = ( GEOMETRIC_REPRESENTATION_CONTEXT(2) 
PARAMETRIC_REPRESENTATION_CONTEXT() REPRESENTATION_CONTEXT('2D SPACE',''
  ) );
#1035 = PCURVE('',#682,#1036);
#1036 = DEFINITIONAL_REPRESENTATION('',(#1037),#1041);
#1037 = LINE('',#1038,#1039);
#1038 = CARTESIAN_POINT('',(-6.28318530718,0.));
#1039 = VECTOR('',#1040,1.);
#1040 = DIRECTION('',(1.,0.));
#1041 = ( GEOMETRIC_REPRESENTATION_CONTEXT(2) 
PARAMETRIC_REPRESENTATION_CONTEXT() REPRESENTATION_CONTEXT('2D SPACE',''
  ) );
#1042 = ORIENTED_EDGE('',*,*,#1043,.T.);
#1043 = EDGE_CURVE('',#1020,#1044,#1046,.T.);
#1044 = VERTEX_POINT('',#1045);
#1045 = CARTESIAN_POINT('',(-1.375E+03,-630.0112115721,
    -9.41721785329E-31));
#1046 = SURFACE_CURVE('',#1047,(#1051,#1058),.PCURVE_S1.);
#1047 = LINE('',#1048,#1049);
#1048 = CARTESIAN_POINT('',(-1.375E+03,119.98878842782,
    2.138361813034E-31));
#1049 = VECTOR('',#1050,1.);
#1050 = DIRECTION('',(-2.746701338763E-43,-1.,-1.54074395551E-33));
#1051 = PCURVE('',#998,#1052);
#1052 = DEFINITIONAL_REPRESENTATION('',(#1053),#1057);
#1053 = LINE('',#1054,#1055);
#1054 = CARTESIAN_POINT('',(-1.375E+03,1.0625E+03));
#1055 = VECTOR('',#1056,1.);
#1056 = DIRECTION('',(3.245555381851E-68,-1.));
#1057 = ( GEOMETRIC_REPRESENTATION_CONTEXT(2) 
PARAMETRIC_REPRESENTATION_CONTEXT() REPRESENTATION_CONTEXT('2D SPACE',''
  ) );
#1058 = PCURVE('',#1059,#1064);
#1059 = PLANE('',#1060);
#1060 = AXIS2_PLACEMENT_3D('',#1061,#1062,#1063);
#1061 = CARTESIAN_POINT('',(-1.375E+03,119.98878842782,
    2.138361813034E-31));
#1062 = DIRECTION('',(-1.,2.746701338763E-43,2.106485876674E-35));
#1063 = DIRECTION('',(-2.746701338763E-43,-1.,-1.54074395551E-33));
#1064 = DEFINITIONAL_REPRESENTATION('',(#1065),#1069);
#1065 = LINE('',#1066,#1067);
#1066 = CARTESIAN_POINT('',(0.,0.));
#1067 = VECTOR('',#1068,1.);
#1068 = DIRECTION('',(1.,0.));
#1069 = ( GEOMETRIC_REPRESENTATION_CONTEXT(2) 
PARAMETRIC_REPRESENTATION_CONTEXT() REPRESENTATION_CONTEXT('2D SPACE',''
  ) );
#1070 = ORIENTED_EDGE('',*,*,#1071,.T.);
#1071 = EDGE_CURVE('',#1044,#1072,#1074,.T.);
#1072 = VERTEX_POINT('',#1073);
#1073 = CARTESIAN_POINT('',(1.375E+03,-630.0112115721,
    -9.996501469375E-31));
#1074 = SURFACE_CURVE('',#1075,(#1080,#1087),.PCURVE_S1.);
#1075 = CIRCLE('',#1076,1.375E+03);
#1076 = AXIS2_PLACEMENT_3D('',#1077,#1078,#1079);
#1077 = CARTESIAN_POINT('',(-1.730452638261E-40,-630.0112115721,
    -9.706859661332E-31));
#1078 = DIRECTION('',(2.106485876674E-35,-1.54074395551E-33,1.));
#1079 = DIRECTION('',(-1.,-1.03351670656E-16,2.106485876674E-35));
#1080 = PCURVE('',#998,#1081);
#1081 = DEFINITIONAL_REPRESENTATION('',(#1082),#1086);
#1082 = CIRCLE('',#1083,1.375E+03);
#1083 = AXIS2_PLACEMENT_2D('',#1084,#1085);
#1084 = CARTESIAN_POINT('',(-1.019578824139E-56,312.5));
#1085 = DIRECTION('',(-1.,-1.03351670656E-16));
#1086 = ( GEOMETRIC_REPRESENTATION_CONTEXT(2) 
PARAMETRIC_REPRESENTATION_CONTEXT() REPRESENTATION_CONTEXT('2D SPACE',''
  ) );
#1087 = PCURVE('',#1088,#1093);
#1088 = CYLINDRICAL_SURFACE('',#1089,1.375E+03);
#1089 = AXIS2_PLACEMENT_3D('',#1090,#1091,#1092);
#1090 = CARTESIAN_POINT('',(-1.730452638261E-40,-630.0112115721,
    -9.706859661332E-31));
#1091 = DIRECTION('',(2.106485876674E-35,-1.54074395551E-33,1.));
#1092 = DIRECTION('',(-1.,-1.03351670656E-16,2.106485876674E-35));
#1093 = DEFINITIONAL_REPRESENTATION('',(#1094),#1098);
#1094 = LINE('',#1095,#1096);
#1095 = CARTESIAN_POINT('',(0.,0.));
#1096 = VECTOR('',#1097,1.);
#1097 = DIRECTION('',(1.,0.));
#1098 = ( GEOMETRIC_REPRESENTATION_CONTEXT(2) 
PARAMETRIC_REPRESENTATION_CONTEXT() REPRESENTATION_CONTEXT('2D SPACE',''
  ) );
#1099 = ORIENTED_EDGE('',*,*,#1100,.T.);
#1100 = EDGE_CURVE('',#1072,#1101,#1103,.T.);
#1101 = VERTEX_POINT('',#1102);
#1102 = CARTESIAN_POINT('',(1.375E+03,104.98878842782,1.327966603622E-31
    ));
#1103 = SURFACE_CURVE('',#1104,(#1108,#1115),.PCURVE_S1.);
#1104 = LINE('',#1105,#1106);
#1105 = CARTESIAN_POINT('',(1.375E+03,-630.0112115721,
    -9.996501469375E-31));
#1106 = VECTOR('',#1107,1.);
#1107 = DIRECTION('',(2.746701338763E-43,1.,1.54074395551E-33));
#1108 = PCURVE('',#998,#1109);
#1109 = DEFINITIONAL_REPRESENTATION('',(#1110),#1114);
#1110 = LINE('',#1111,#1112);
#1111 = CARTESIAN_POINT('',(1.375E+03,312.5));
#1112 = VECTOR('',#1113,1.);
#1113 = DIRECTION('',(-3.245555381851E-68,1.));
#1114 = ( GEOMETRIC_REPRESENTATION_CONTEXT(2) 
PARAMETRIC_REPRESENTATION_CONTEXT() REPRESENTATION_CONTEXT('2D SPACE',''
  ) );
#1115 = PCURVE('',#1116,#1121);
#1116 = PLANE('',#1117);
#1117 = AXIS2_PLACEMENT_3D('',#1118,#1119,#1120);
#1118 = CARTESIAN_POINT('',(1.375E+03,-630.0112115721,
    -9.996501469375E-31));
#1119 = DIRECTION('',(1.,-2.746701338763E-43,-2.106485876674E-35));
#1120 = DIRECTION('',(2.746701338763E-43,1.,1.54074395551E-33));
#1121 = DEFINITIONAL_REPRESENTATION('',(#1122),#1126);
#1122 = LINE('',#1123,#1124);
#1123 = CARTESIAN_POINT('',(1.023181539495E-12,0.));
#1124 = VECTOR('',#1125,1.);
#1125 = DIRECTION('',(1.,0.));
#1126 = ( GEOMETRIC_REPRESENTATION_CONTEXT(2) 
PARAMETRIC_REPRESENTATION_CONTEXT() REPRESENTATION_CONTEXT('2D SPACE',''
  ) );
#1127 = ORIENTED_EDGE('',*,*,#1128,.T.);
#1128 = EDGE_CURVE('',#1101,#957,#1129,.T.);
#1129 = SURFACE_CURVE('',#1130,(#1135,#1142),.PCURVE_S1.);
#1130 = CIRCLE('',#1131,15.);
#1131 = AXIS2_PLACEMENT_3D('',#1132,#1133,#1134);
#1132 = CARTESIAN_POINT('',(1.36E+03,104.98878842782,1.331126332437E-31)
  );
#1133 = DIRECTION('',(2.106485876674E-35,-1.54074395551E-33,1.));
#1134 = DIRECTION('',(0.707106781187,0.707106781187,1.074575394534E-33)
  );
#1135 = PCURVE('',#998,#1136);
#1136 = DEFINITIONAL_REPRESENTATION('',(#1137),#1141);
#1137 = CIRCLE('',#1138,15.);
#1138 = AXIS2_PLACEMENT_2D('',#1139,#1140);
#1139 = CARTESIAN_POINT('',(1.36E+03,1.0475E+03));
#1140 = DIRECTION('',(0.707106781187,0.707106781187));
#1141 = ( GEOMETRIC_REPRESENTATION_CONTEXT(2) 
PARAMETRIC_REPRESENTATION_CONTEXT() REPRESENTATION_CONTEXT('2D SPACE',''
  ) );
#1142 = PCURVE('',#972,#1143);
#1143 = DEFINITIONAL_REPRESENTATION('',(#1144),#1148);
#1144 = LINE('',#1145,#1146);
#1145 = CARTESIAN_POINT('',(-6.28318530718,0.));
#1146 = VECTOR('',#1147,1.);
#1147 = DIRECTION('',(1.,0.));
#1148 = ( GEOMETRIC_REPRESENTATION_CONTEXT(2) 
PARAMETRIC_REPRESENTATION_CONTEXT() REPRESENTATION_CONTEXT('2D SPACE',''
  ) );
#1149 = ORIENTED_EDGE('',*,*,#984,.T.);
#1150 = FACE_BOUND('',#1151,.F.);
#1151 = EDGE_LOOP('',(#1152,#1182,#1210,#1238));
#1152 = ORIENTED_EDGE('',*,*,#1153,.F.);
#1153 = EDGE_CURVE('',#1154,#1156,#1158,.T.);
#1154 = VERTEX_POINT('',#1155);
#1155 = CARTESIAN_POINT('',(-915.,-505.,0.));
#1156 = VERTEX_POINT('',#1157);
#1157 = CARTESIAN_POINT('',(-915.,-505.0112115721,-7.588186259229E-31));
#1158 = SURFACE_CURVE('',#1159,(#1163,#1170),.PCURVE_S1.);
#1159 = LINE('',#1160,#1161);
#1160 = CARTESIAN_POINT('',(-914.9999999999,-723.7612115721,
    -1.095856366191E-30));
#1161 = VECTOR('',#1162,1.);
#1162 = DIRECTION('',(1.2918958832E-15,-1.,-1.54074395551E-33));
#1163 = PCURVE('',#998,#1164);
#1164 = DEFINITIONAL_REPRESENTATION('',(#1165),#1169);
#1165 = LINE('',#1166,#1167);
#1166 = CARTESIAN_POINT('',(-914.9999999999,218.75));
#1167 = VECTOR('',#1168,1.);
#1168 = DIRECTION('',(1.2918958832E-15,-1.));
#1169 = ( GEOMETRIC_REPRESENTATION_CONTEXT(2) 
PARAMETRIC_REPRESENTATION_CONTEXT() REPRESENTATION_CONTEXT('2D SPACE',''
  ) );
#1170 = PCURVE('',#1171,#1176);
#1171 = PLANE('',#1172);
#1172 = AXIS2_PLACEMENT_3D('',#1173,#1174,#1175);
#1173 = CARTESIAN_POINT('',(-915.,-505.0112115721,580.));
#1174 = DIRECTION('',(-1.,-1.2918958832E-15,2.106485876673E-35));
#1175 = DIRECTION('',(-1.2918958832E-15,1.,1.54074395551E-33));
#1176 = DEFINITIONAL_REPRESENTATION('',(#1177),#1181);
#1177 = LINE('',#1178,#1179);
#1178 = CARTESIAN_POINT('',(-218.75,580.));
#1179 = VECTOR('',#1180,1.);
#1180 = DIRECTION('',(-1.,-0.));
#1181 = ( GEOMETRIC_REPRESENTATION_CONTEXT(2) 
PARAMETRIC_REPRESENTATION_CONTEXT() REPRESENTATION_CONTEXT('2D SPACE',''
  ) );
#1182 = ORIENTED_EDGE('',*,*,#1183,.T.);
#1183 = EDGE_CURVE('',#1154,#1184,#1186,.T.);
#1184 = VERTEX_POINT('',#1185);
#1185 = CARTESIAN_POINT('',(-865.,-505.,0.));
#1186 = SURFACE_CURVE('',#1187,(#1191,#1198),.PCURVE_S1.);
#1187 = LINE('',#1188,#1189);
#1188 = CARTESIAN_POINT('',(-915.,-505.,0.));
#1189 = VECTOR('',#1190,1.);
#1190 = DIRECTION('',(1.,0.,-0.));
#1191 = PCURVE('',#998,#1192);
#1192 = DEFINITIONAL_REPRESENTATION('',(#1193),#1197);
#1193 = LINE('',#1194,#1195);
#1194 = CARTESIAN_POINT('',(-915.,437.51121157217));
#1195 = VECTOR('',#1196,1.);
#1196 = DIRECTION('',(1.,2.746701338763E-43));
#1197 = ( GEOMETRIC_REPRESENTATION_CONTEXT(2) 
PARAMETRIC_REPRESENTATION_CONTEXT() REPRESENTATION_CONTEXT('2D SPACE',''
  ) );
#1198 = PCURVE('',#1199,#1204);
#1199 = PLANE('',#1200);
#1200 = AXIS2_PLACEMENT_3D('',#1201,#1202,#1203);
#1201 = CARTESIAN_POINT('',(-915.,-505.,0.));
#1202 = DIRECTION('',(-0.,1.,0.));
#1203 = DIRECTION('',(0.,0.,1.));
#1204 = DEFINITIONAL_REPRESENTATION('',(#1205),#1209);
#1205 = LINE('',#1206,#1207);
#1206 = CARTESIAN_POINT('',(0.,0.));
#1207 = VECTOR('',#1208,1.);
#1208 = DIRECTION('',(0.,1.));
#1209 = ( GEOMETRIC_REPRESENTATION_CONTEXT(2) 
PARAMETRIC_REPRESENTATION_CONTEXT() REPRESENTATION_CONTEXT('2D SPACE',''
  ) );
#1210 = ORIENTED_EDGE('',*,*,#1211,.F.);
#1211 = EDGE_CURVE('',#1212,#1184,#1214,.T.);
#1212 = VERTEX_POINT('',#1213);
#1213 = CARTESIAN_POINT('',(-865.,-505.0112115721,-7.598718688613E-31));
#1214 = SURFACE_CURVE('',#1215,(#1219,#1226),.PCURVE_S1.);
#1215 = LINE('',#1216,#1217);
#1216 = CARTESIAN_POINT('',(-865.,-668.7612115721,-1.012168691576E-30));
#1217 = VECTOR('',#1218,1.);
#1218 = DIRECTION('',(2.746701338763E-43,1.,1.54074395551E-33));
#1219 = PCURVE('',#998,#1220);
#1220 = DEFINITIONAL_REPRESENTATION('',(#1221),#1225);
#1221 = LINE('',#1222,#1223);
#1222 = CARTESIAN_POINT('',(-865.,273.75));
#1223 = VECTOR('',#1224,1.);
#1224 = DIRECTION('',(-3.245555381851E-68,1.));
#1225 = ( GEOMETRIC_REPRESENTATION_CONTEXT(2) 
PARAMETRIC_REPRESENTATION_CONTEXT() REPRESENTATION_CONTEXT('2D SPACE',''
  ) );
#1226 = PCURVE('',#1227,#1232);
#1227 = PLANE('',#1228);
#1228 = AXIS2_PLACEMENT_3D('',#1229,#1230,#1231);
#1229 = CARTESIAN_POINT('',(-865.,-395.0112115721,580.));
#1230 = DIRECTION('',(1.,-2.746701338763E-43,-2.106485876674E-35));
#1231 = DIRECTION('',(-2.746701338763E-43,-1.,-1.54074395551E-33));
#1232 = DEFINITIONAL_REPRESENTATION('',(#1233),#1237);
#1233 = LINE('',#1234,#1235);
#1234 = CARTESIAN_POINT('',(273.75,580.));
#1235 = VECTOR('',#1236,1.);
#1236 = DIRECTION('',(-1.,0.));
#1237 = ( GEOMETRIC_REPRESENTATION_CONTEXT(2) 
PARAMETRIC_REPRESENTATION_CONTEXT() REPRESENTATION_CONTEXT('2D SPACE',''
  ) );
#1238 = ORIENTED_EDGE('',*,*,#1239,.F.);
#1239 = EDGE_CURVE('',#1156,#1212,#1240,.T.);
#1240 = SURFACE_CURVE('',#1241,(#1245,#1252),.PCURVE_S1.);
#1241 = LINE('',#1242,#1243);
#1242 = CARTESIAN_POINT('',(-432.5,-505.0112115721,-7.689824202779E-31)
  );
#1243 = VECTOR('',#1244,1.);
#1244 = DIRECTION('',(1.,-2.746701338763E-43,-2.106485876674E-35));
#1245 = PCURVE('',#998,#1246);
#1246 = DEFINITIONAL_REPRESENTATION('',(#1247),#1251);
#1247 = LINE('',#1248,#1249);
#1248 = CARTESIAN_POINT('',(-432.5,437.5));
#1249 = VECTOR('',#1250,1.);
#1250 = DIRECTION('',(1.,-3.245555381851E-68));
#1251 = ( GEOMETRIC_REPRESENTATION_CONTEXT(2) 
PARAMETRIC_REPRESENTATION_CONTEXT() REPRESENTATION_CONTEXT('2D SPACE',''
  ) );
#1252 = PCURVE('',#1253,#1258);
#1253 = PLANE('',#1254);
#1254 = AXIS2_PLACEMENT_3D('',#1255,#1256,#1257);
#1255 = CARTESIAN_POINT('',(-865.,-505.0112115721,580.));
#1256 = DIRECTION('',(-2.746701338763E-43,-1.,-1.54074395551E-33));
#1257 = DIRECTION('',(-1.,2.746701338763E-43,2.106485876674E-35));
#1258 = DEFINITIONAL_REPRESENTATION('',(#1259),#1263);
#1259 = LINE('',#1260,#1261);
#1260 = CARTESIAN_POINT('',(-432.5,580.));
#1261 = VECTOR('',#1262,1.);
#1262 = DIRECTION('',(-1.,-0.));
#1263 = ( GEOMETRIC_REPRESENTATION_CONTEXT(2) 
PARAMETRIC_REPRESENTATION_CONTEXT() REPRESENTATION_CONTEXT('2D SPACE',''
  ) );
#1264 = FACE_BOUND('',#1265,.F.);
#1265 = EDGE_LOOP('',(#1266,#1296,#1324,#1352));
#1266 = ORIENTED_EDGE('',*,*,#1267,.F.);
#1267 = EDGE_CURVE('',#1268,#1270,#1272,.T.);
#1268 = VERTEX_POINT('',#1269);
#1269 = CARTESIAN_POINT('',(865.,-505.,0.));
#1270 = VERTEX_POINT('',#1271);
#1271 = CARTESIAN_POINT('',(865.,-505.0112115721,-7.963140745277E-31));
#1272 = SURFACE_CURVE('',#1273,(#1277,#1284),.PCURVE_S1.);
#1273 = LINE('',#1274,#1275);
#1274 = CARTESIAN_POINT('',(865.,-723.7612115721,-1.133351814795E-30));
#1275 = VECTOR('',#1276,1.);
#1276 = DIRECTION('',(-2.746701338763E-43,-1.,-1.54074395551E-33));
#1277 = PCURVE('',#998,#1278);
#1278 = DEFINITIONAL_REPRESENTATION('',(#1279),#1283);
#1279 = LINE('',#1280,#1281);
#1280 = CARTESIAN_POINT('',(865.,218.75));
#1281 = VECTOR('',#1282,1.);
#1282 = DIRECTION('',(3.245555381851E-68,-1.));
#1283 = ( GEOMETRIC_REPRESENTATION_CONTEXT(2) 
PARAMETRIC_REPRESENTATION_CONTEXT() REPRESENTATION_CONTEXT('2D SPACE',''
  ) );
#1284 = PCURVE('',#1285,#1290);
#1285 = PLANE('',#1286);
#1286 = AXIS2_PLACEMENT_3D('',#1287,#1288,#1289);
#1287 = CARTESIAN_POINT('',(865.,-505.0112115721,580.));
#1288 = DIRECTION('',(-1.,2.746701338763E-43,2.106485876674E-35));
#1289 = DIRECTION('',(2.746701338763E-43,1.,1.54074395551E-33));
#1290 = DEFINITIONAL_REPRESENTATION('',(#1291),#1295);
#1291 = LINE('',#1292,#1293);
#1292 = CARTESIAN_POINT('',(-218.75,580.));
#1293 = VECTOR('',#1294,1.);
#1294 = DIRECTION('',(-1.,0.));
#1295 = ( GEOMETRIC_REPRESENTATION_CONTEXT(2) 
PARAMETRIC_REPRESENTATION_CONTEXT() REPRESENTATION_CONTEXT('2D SPACE',''
  ) );
#1296 = ORIENTED_EDGE('',*,*,#1297,.T.);
#1297 = EDGE_CURVE('',#1268,#1298,#1300,.T.);
#1298 = VERTEX_POINT('',#1299);
#1299 = CARTESIAN_POINT('',(915.,-505.,0.));
#1300 = SURFACE_CURVE('',#1301,(#1305,#1312),.PCURVE_S1.);
#1301 = LINE('',#1302,#1303);
#1302 = CARTESIAN_POINT('',(865.,-505.,0.));
#1303 = VECTOR('',#1304,1.);
#1304 = DIRECTION('',(1.,0.,-0.));
#1305 = PCURVE('',#998,#1306);
#1306 = DEFINITIONAL_REPRESENTATION('',(#1307),#1311);
#1307 = LINE('',#1308,#1309);
#1308 = CARTESIAN_POINT('',(865.,437.51121157217));
#1309 = VECTOR('',#1310,1.);
#1310 = DIRECTION('',(1.,2.746701338763E-43));
#1311 = ( GEOMETRIC_REPRESENTATION_CONTEXT(2) 
PARAMETRIC_REPRESENTATION_CONTEXT() REPRESENTATION_CONTEXT('2D SPACE',''
  ) );
#1312 = PCURVE('',#1313,#1318);
#1313 = PLANE('',#1314);
#1314 = AXIS2_PLACEMENT_3D('',#1315,#1316,#1317);
#1315 = CARTESIAN_POINT('',(865.,-505.,0.));
#1316 = DIRECTION('',(-0.,1.,0.));
#1317 = DIRECTION('',(0.,0.,1.));
#1318 = DEFINITIONAL_REPRESENTATION('',(#1319),#1323);
#1319 = LINE('',#1320,#1321);
#1320 = CARTESIAN_POINT('',(0.,0.));
#1321 = VECTOR('',#1322,1.);
#1322 = DIRECTION('',(0.,1.));
#1323 = ( GEOMETRIC_REPRESENTATION_CONTEXT(2) 
PARAMETRIC_REPRESENTATION_CONTEXT() REPRESENTATION_CONTEXT('2D SPACE',''
  ) );
#1324 = ORIENTED_EDGE('',*,*,#1325,.F.);
#1325 = EDGE_CURVE('',#1326,#1298,#1328,.T.);
#1326 = VERTEX_POINT('',#1327);
#1327 = CARTESIAN_POINT('',(915.,-505.0112115721,-7.973673174661E-31));
#1328 = SURFACE_CURVE('',#1329,(#1333,#1340),.PCURVE_S1.);
#1329 = LINE('',#1330,#1331);
#1330 = CARTESIAN_POINT('',(915.,-668.7612115721,-1.049664140181E-30));
#1331 = VECTOR('',#1332,1.);
#1332 = DIRECTION('',(2.746701338763E-43,1.,1.54074395551E-33));
#1333 = PCURVE('',#998,#1334);
#1334 = DEFINITIONAL_REPRESENTATION('',(#1335),#1339);
#1335 = LINE('',#1336,#1337);
#1336 = CARTESIAN_POINT('',(915.,273.75));
#1337 = VECTOR('',#1338,1.);
#1338 = DIRECTION('',(-3.245555381851E-68,1.));
#1339 = ( GEOMETRIC_REPRESENTATION_CONTEXT(2) 
PARAMETRIC_REPRESENTATION_CONTEXT() REPRESENTATION_CONTEXT('2D SPACE',''
  ) );
#1340 = PCURVE('',#1341,#1346);
#1341 = PLANE('',#1342);
#1342 = AXIS2_PLACEMENT_3D('',#1343,#1344,#1345);
#1343 = CARTESIAN_POINT('',(915.,-395.0112115721,580.));
#1344 = DIRECTION('',(1.,-2.746701338763E-43,-2.106485876674E-35));
#1345 = DIRECTION('',(-2.746701338763E-43,-1.,-1.54074395551E-33));
#1346 = DEFINITIONAL_REPRESENTATION('',(#1347),#1351);
#1347 = LINE('',#1348,#1349);
#1348 = CARTESIAN_POINT('',(273.75,580.));
#1349 = VECTOR('',#1350,1.);
#1350 = DIRECTION('',(-1.,0.));
#1351 = ( GEOMETRIC_REPRESENTATION_CONTEXT(2) 
PARAMETRIC_REPRESENTATION_CONTEXT() REPRESENTATION_CONTEXT('2D SPACE',''
  ) );
#1352 = ORIENTED_EDGE('',*,*,#1353,.F.);
#1353 = EDGE_CURVE('',#1270,#1326,#1354,.T.);
#1354 = SURFACE_CURVE('',#1355,(#1359,#1366),.PCURVE_S1.);
#1355 = LINE('',#1356,#1357);
#1356 = CARTESIAN_POINT('',(457.5,-505.0112115721,-7.877301445803E-31));
#1357 = VECTOR('',#1358,1.);
#1358 = DIRECTION('',(1.,-2.746701338763E-43,-2.106485876674E-35));
#1359 = PCURVE('',#998,#1360);
#1360 = DEFINITIONAL_REPRESENTATION('',(#1361),#1365);
#1361 = LINE('',#1362,#1363);
#1362 = CARTESIAN_POINT('',(457.5,437.5));
#1363 = VECTOR('',#1364,1.);
#1364 = DIRECTION('',(1.,-3.245555381851E-68));
#1365 = ( GEOMETRIC_REPRESENTATION_CONTEXT(2) 
PARAMETRIC_REPRESENTATION_CONTEXT() REPRESENTATION_CONTEXT('2D SPACE',''
  ) );
#1366 = PCURVE('',#1367,#1372);
#1367 = PLANE('',#1368);
#1368 = AXIS2_PLACEMENT_3D('',#1369,#1370,#1371);
#1369 = CARTESIAN_POINT('',(915.,-505.0112115721,580.));
#1370 = DIRECTION('',(-2.746701338763E-43,-1.,-1.54074395551E-33));
#1371 = DIRECTION('',(-1.,2.746701338763E-43,2.106485876674E-35));
#1372 = DEFINITIONAL_REPRESENTATION('',(#1373),#1377);
#1373 = LINE('',#1374,#1375);
#1374 = CARTESIAN_POINT('',(457.5,580.));
#1375 = VECTOR('',#1376,1.);
#1376 = DIRECTION('',(-1.,-0.));
#1377 = ( GEOMETRIC_REPRESENTATION_CONTEXT(2) 
PARAMETRIC_REPRESENTATION_CONTEXT() REPRESENTATION_CONTEXT('2D SPACE',''
  ) );
#1378 = FACE_BOUND('',#1379,.F.);
#1379 = EDGE_LOOP('',(#1380));
#1380 = ORIENTED_EDGE('',*,*,#1381,.F.);
#1381 = EDGE_CURVE('',#1382,#1382,#1384,.T.);
#1382 = VERTEX_POINT('',#1383);
#1383 = CARTESIAN_POINT('',(-585.,-450.,0.));
#1384 = SURFACE_CURVE('',#1385,(#1390,#1397),.PCURVE_S1.);
#1385 = CIRCLE('',#1386,15.);
#1386 = AXIS2_PLACEMENT_3D('',#1387,#1388,#1389);
#1387 = CARTESIAN_POINT('',(-600.,-450.,0.));
#1388 = DIRECTION('',(0.,0.,1.));
#1389 = DIRECTION('',(1.,0.,-0.));
#1390 = PCURVE('',#998,#1391);
#1391 = DEFINITIONAL_REPRESENTATION('',(#1392),#1396);
#1392 = CIRCLE('',#1393,15.);
#1393 = AXIS2_PLACEMENT_2D('',#1394,#1395);
#1394 = CARTESIAN_POINT('',(-600.,492.51121157217));
#1395 = DIRECTION('',(1.,2.746701338763E-43));
#1396 = ( GEOMETRIC_REPRESENTATION_CONTEXT(2) 
PARAMETRIC_REPRESENTATION_CONTEXT() REPRESENTATION_CONTEXT('2D SPACE',''
  ) );
#1397 = PCURVE('',#1398,#1403);
#1398 = CYLINDRICAL_SURFACE('',#1399,15.);
#1399 = AXIS2_PLACEMENT_3D('',#1400,#1401,#1402);
#1400 = CARTESIAN_POINT('',(-600.,-450.,-1.));
#1401 = DIRECTION('',(0.,0.,1.));
#1402 = DIRECTION('',(1.,0.,-0.));
#1403 = DEFINITIONAL_REPRESENTATION('',(#1404),#1408);
#1404 = LINE('',#1405,#1406);
#1405 = CARTESIAN_POINT('',(0.,1.));
#1406 = VECTOR('',#1407,1.);
#1407 = DIRECTION('',(1.,0.));
#1408 = ( GEOMETRIC_REPRESENTATION_CONTEXT(2) 
PARAMETRIC_REPRESENTATION_CONTEXT() REPRESENTATION_CONTEXT('2D SPACE',''
  ) );
#1409 = FACE_BOUND('',#1410,.F.);
#1410 = EDGE_LOOP('',(#1411));
#1411 = ORIENTED_EDGE('',*,*,#1412,.F.);
#1412 = EDGE_CURVE('',#1413,#1413,#1415,.T.);
#1413 = VERTEX_POINT('',#1414);
#1414 = CARTESIAN_POINT('',(615.,-450.,0.));
#1415 = SURFACE_CURVE('',#1416,(#1421,#1428),.PCURVE_S1.);
#1416 = CIRCLE('',#1417,15.);
#1417 = AXIS2_PLACEMENT_3D('',#1418,#1419,#1420);
#1418 = CARTESIAN_POINT('',(600.,-450.,0.));
#1419 = DIRECTION('',(0.,0.,1.));
#1420 = DIRECTION('',(1.,0.,-0.));
#1421 = PCURVE('',#998,#1422);
#1422 = DEFINITIONAL_REPRESENTATION('',(#1423),#1427);
#1423 = CIRCLE('',#1424,15.);
#1424 = AXIS2_PLACEMENT_2D('',#1425,#1426);
#1425 = CARTESIAN_POINT('',(600.,492.51121157217));
#1426 = DIRECTION('',(1.,2.746701338763E-43));
#1427 = ( GEOMETRIC_REPRESENTATION_CONTEXT(2) 
PARAMETRIC_REPRESENTATION_CONTEXT() REPRESENTATION_CONTEXT('2D SPACE',''
  ) );
#1428 = PCURVE('',#1429,#1434);
#1429 = CYLINDRICAL_SURFACE('',#1430,15.);
#1430 = AXIS2_PLACEMENT_3D('',#1431,#1432,#1433);
#1431 = CARTESIAN_POINT('',(600.,-450.,-1.));
#1432 = DIRECTION('',(0.,0.,1.));
#1433 = DIRECTION('',(1.,0.,-0.));
#1434 = DEFINITIONAL_REPRESENTATION('',(#1435),#1439);
#1435 = LINE('',#1436,#1437);
#1436 = CARTESIAN_POINT('',(0.,1.));
#1437 = VECTOR('',#1438,1.);
#1438 = DIRECTION('',(1.,0.));
#1439 = ( GEOMETRIC_REPRESENTATION_CONTEXT(2) 
PARAMETRIC_REPRESENTATION_CONTEXT() REPRESENTATION_CONTEXT('2D SPACE',''
  ) );
#1440 = ADVANCED_FACE('',(#1441),#1429,.F.);
#1441 = FACE_BOUND('',#1442,.F.);
#1442 = EDGE_LOOP('',(#1443,#1472,#1493,#1494));
#1443 = ORIENTED_EDGE('',*,*,#1444,.F.);
#1444 = EDGE_CURVE('',#1445,#1445,#1447,.T.);
#1445 = VERTEX_POINT('',#1446);
#1446 = CARTESIAN_POINT('',(615.,-450.,154.));
#1447 = SURFACE_CURVE('',#1448,(#1453,#1460),.PCURVE_S1.);
#1448 = CIRCLE('',#1449,15.);
#1449 = AXIS2_PLACEMENT_3D('',#1450,#1451,#1452);
#1450 = CARTESIAN_POINT('',(600.,-450.,154.));
#1451 = DIRECTION('',(0.,0.,1.));
#1452 = DIRECTION('',(1.,0.,-0.));
#1453 = PCURVE('',#1429,#1454);
#1454 = DEFINITIONAL_REPRESENTATION('',(#1455),#1459);
#1455 = LINE('',#1456,#1457);
#1456 = CARTESIAN_POINT('',(0.,155.));
#1457 = VECTOR('',#1458,1.);
#1458 = DIRECTION('',(1.,0.));
#1459 = ( GEOMETRIC_REPRESENTATION_CONTEXT(2) 
PARAMETRIC_REPRESENTATION_CONTEXT() REPRESENTATION_CONTEXT('2D SPACE',''
  ) );
#1460 = PCURVE('',#1461,#1466);
#1461 = PLANE('',#1462);
#1462 = AXIS2_PLACEMENT_3D('',#1463,#1464,#1465);
#1463 = CARTESIAN_POINT('',(-940.,-505.,154.));
#1464 = DIRECTION('',(0.,0.,1.));
#1465 = DIRECTION('',(1.,0.,-0.));
#1466 = DEFINITIONAL_REPRESENTATION('',(#1467),#1471);
#1467 = CIRCLE('',#1468,15.);
#1468 = AXIS2_PLACEMENT_2D('',#1469,#1470);
#1469 = CARTESIAN_POINT('',(1.54E+03,55.));
#1470 = DIRECTION('',(1.,0.));
#1471 = ( GEOMETRIC_REPRESENTATION_CONTEXT(2) 
PARAMETRIC_REPRESENTATION_CONTEXT() REPRESENTATION_CONTEXT('2D SPACE',''
  ) );
#1472 = ORIENTED_EDGE('',*,*,#1473,.F.);
#1473 = EDGE_CURVE('',#1413,#1445,#1474,.T.);
#1474 = SEAM_CURVE('',#1475,(#1479,#1486),.PCURVE_S1.);
#1475 = LINE('',#1476,#1477);
#1476 = CARTESIAN_POINT('',(615.,-450.,-1.));
#1477 = VECTOR('',#1478,1.);
#1478 = DIRECTION('',(0.,0.,1.));
#1479 = PCURVE('',#1429,#1480);
#1480 = DEFINITIONAL_REPRESENTATION('',(#1481),#1485);
#1481 = LINE('',#1482,#1483);
#1482 = CARTESIAN_POINT('',(6.28318530718,-0.));
#1483 = VECTOR('',#1484,1.);
#1484 = DIRECTION('',(0.,1.));
#1485 = ( GEOMETRIC_REPRESENTATION_CONTEXT(2) 
PARAMETRIC_REPRESENTATION_CONTEXT() REPRESENTATION_CONTEXT('2D SPACE',''
  ) );
#1486 = PCURVE('',#1429,#1487);
#1487 = DEFINITIONAL_REPRESENTATION('',(#1488),#1492);
#1488 = LINE('',#1489,#1490);
#1489 = CARTESIAN_POINT('',(0.,-0.));
#1490 = VECTOR('',#1491,1.);
#1491 = DIRECTION('',(0.,1.));
#1492 = ( GEOMETRIC_REPRESENTATION_CONTEXT(2) 
PARAMETRIC_REPRESENTATION_CONTEXT() REPRESENTATION_CONTEXT('2D SPACE',''
  ) );
#1493 = ORIENTED_EDGE('',*,*,#1412,.T.);
#1494 = ORIENTED_EDGE('',*,*,#1473,.T.);
#1495 = ADVANCED_FACE('',(#1496,#1712,#1738),#1461,.T.);
#1496 = FACE_BOUND('',#1497,.T.);
#1497 = EDGE_LOOP('',(#1498,#1528,#1556,#1579,#1607,#1630,#1658,#1686));
#1498 = ORIENTED_EDGE('',*,*,#1499,.F.);
#1499 = EDGE_CURVE('',#1500,#1502,#1504,.T.);
#1500 = VERTEX_POINT('',#1501);
#1501 = CARTESIAN_POINT('',(-940.,-505.,154.));
#1502 = VERTEX_POINT('',#1503);
#1503 = CARTESIAN_POINT('',(-940.,-395.,154.));
#1504 = SURFACE_CURVE('',#1505,(#1509,#1516),.PCURVE_S1.);
#1505 = LINE('',#1506,#1507);
#1506 = CARTESIAN_POINT('',(-940.,-505.,154.));
#1507 = VECTOR('',#1508,1.);
#1508 = DIRECTION('',(-0.,1.,0.));
#1509 = PCURVE('',#1461,#1510);
#1510 = DEFINITIONAL_REPRESENTATION('',(#1511),#1515);
#1511 = LINE('',#1512,#1513);
#1512 = CARTESIAN_POINT('',(0.,0.));
#1513 = VECTOR('',#1514,1.);
#1514 = DIRECTION('',(0.,1.));
#1515 = ( GEOMETRIC_REPRESENTATION_CONTEXT(2) 
PARAMETRIC_REPRESENTATION_CONTEXT() REPRESENTATION_CONTEXT('2D SPACE',''
  ) );
#1516 = PCURVE('',#1517,#1522);
#1517 = PLANE('',#1518);
#1518 = AXIS2_PLACEMENT_3D('',#1519,#1520,#1521);
#1519 = CARTESIAN_POINT('',(-940.,-505.,154.));
#1520 = DIRECTION('',(1.,0.,-0.));
#1521 = DIRECTION('',(0.,0.,1.));
#1522 = DEFINITIONAL_REPRESENTATION('',(#1523),#1527);
#1523 = LINE('',#1524,#1525);
#1524 = CARTESIAN_POINT('',(0.,0.));
#1525 = VECTOR('',#1526,1.);
#1526 = DIRECTION('',(0.,-1.));
#1527 = ( GEOMETRIC_REPRESENTATION_CONTEXT(2) 
PARAMETRIC_REPRESENTATION_CONTEXT() REPRESENTATION_CONTEXT('2D SPACE',''
  ) );
#1528 = ORIENTED_EDGE('',*,*,#1529,.T.);
#1529 = EDGE_CURVE('',#1500,#1530,#1532,.T.);
#1530 = VERTEX_POINT('',#1531);
#1531 = CARTESIAN_POINT('',(-915.,-505.,154.));
#1532 = SURFACE_CURVE('',#1533,(#1537,#1544),.PCURVE_S1.);
#1533 = LINE('',#1534,#1535);
#1534 = CARTESIAN_POINT('',(-940.,-505.,154.));
#1535 = VECTOR('',#1536,1.);
#1536 = DIRECTION('',(1.,0.,-0.));
#1537 = PCURVE('',#1461,#1538);
#1538 = DEFINITIONAL_REPRESENTATION('',(#1539),#1543);
#1539 = LINE('',#1540,#1541);
#1540 = CARTESIAN_POINT('',(0.,0.));
#1541 = VECTOR('',#1542,1.);
#1542 = DIRECTION('',(1.,0.));
#1543 = ( GEOMETRIC_REPRESENTATION_CONTEXT(2) 
PARAMETRIC_REPRESENTATION_CONTEXT() REPRESENTATION_CONTEXT('2D SPACE',''
  ) );
#1544 = PCURVE('',#1545,#1550);
#1545 = PLANE('',#1546);
#1546 = AXIS2_PLACEMENT_3D('',#1547,#1548,#1549);
#1547 = CARTESIAN_POINT('',(-940.,-505.,154.));
#1548 = DIRECTION('',(-0.,1.,0.));
#1549 = DIRECTION('',(0.,0.,1.));
#1550 = DEFINITIONAL_REPRESENTATION('',(#1551),#1555);
#1551 = LINE('',#1552,#1553);
#1552 = CARTESIAN_POINT('',(0.,0.));
#1553 = VECTOR('',#1554,1.);
#1554 = DIRECTION('',(0.,1.));
#1555 = ( GEOMETRIC_REPRESENTATION_CONTEXT(2) 
PARAMETRIC_REPRESENTATION_CONTEXT() REPRESENTATION_CONTEXT('2D SPACE',''
  ) );
#1556 = ORIENTED_EDGE('',*,*,#1557,.T.);
#1557 = EDGE_CURVE('',#1530,#1558,#1560,.T.);
#1558 = VERTEX_POINT('',#1559);
#1559 = CARTESIAN_POINT('',(-865.,-505.,154.));
#1560 = SURFACE_CURVE('',#1561,(#1565,#1572),.PCURVE_S1.);
#1561 = LINE('',#1562,#1563);
#1562 = CARTESIAN_POINT('',(-940.,-505.,154.));
#1563 = VECTOR('',#1564,1.);
#1564 = DIRECTION('',(1.,0.,-0.));
#1565 = PCURVE('',#1461,#1566);
#1566 = DEFINITIONAL_REPRESENTATION('',(#1567),#1571);
#1567 = LINE('',#1568,#1569);
#1568 = CARTESIAN_POINT('',(0.,0.));
#1569 = VECTOR('',#1570,1.);
#1570 = DIRECTION('',(1.,0.));
#1571 = ( GEOMETRIC_REPRESENTATION_CONTEXT(2) 
PARAMETRIC_REPRESENTATION_CONTEXT() REPRESENTATION_CONTEXT('2D SPACE',''
  ) );
#1572 = PCURVE('',#1199,#1573);
#1573 = DEFINITIONAL_REPRESENTATION('',(#1574),#1578);
#1574 = LINE('',#1575,#1576);
#1575 = CARTESIAN_POINT('',(154.,-25.));
#1576 = VECTOR('',#1577,1.);
#1577 = DIRECTION('',(0.,1.));
#1578 = ( GEOMETRIC_REPRESENTATION_CONTEXT(2) 
PARAMETRIC_REPRESENTATION_CONTEXT() REPRESENTATION_CONTEXT('2D SPACE',''
  ) );
#1579 = ORIENTED_EDGE('',*,*,#1580,.T.);
#1580 = EDGE_CURVE('',#1558,#1581,#1583,.T.);
#1581 = VERTEX_POINT('',#1582);
#1582 = CARTESIAN_POINT('',(865.,-505.,154.));
#1583 = SURFACE_CURVE('',#1584,(#1588,#1595),.PCURVE_S1.);
#1584 = LINE('',#1585,#1586);
#1585 = CARTESIAN_POINT('',(-940.,-505.,154.));
#1586 = VECTOR('',#1587,1.);
#1587 = DIRECTION('',(1.,0.,-0.));
#1588 = PCURVE('',#1461,#1589);
#1589 = DEFINITIONAL_REPRESENTATION('',(#1590),#1594);
#1590 = LINE('',#1591,#1592);
#1591 = CARTESIAN_POINT('',(0.,0.));
#1592 = VECTOR('',#1593,1.);
#1593 = DIRECTION('',(1.,0.));
#1594 = ( GEOMETRIC_REPRESENTATION_CONTEXT(2) 
PARAMETRIC_REPRESENTATION_CONTEXT() REPRESENTATION_CONTEXT('2D SPACE',''
  ) );
#1595 = PCURVE('',#1596,#1601);
#1596 = PLANE('',#1597);
#1597 = AXIS2_PLACEMENT_3D('',#1598,#1599,#1600);
#1598 = CARTESIAN_POINT('',(-940.,-505.,154.));
#1599 = DIRECTION('',(-0.,1.,0.));
#1600 = DIRECTION('',(0.,0.,1.));
#1601 = DEFINITIONAL_REPRESENTATION('',(#1602),#1606);
#1602 = LINE('',#1603,#1604);
#1603 = CARTESIAN_POINT('',(0.,0.));
#1604 = VECTOR('',#1605,1.);
#1605 = DIRECTION('',(0.,1.));
#1606 = ( GEOMETRIC_REPRESENTATION_CONTEXT(2) 
PARAMETRIC_REPRESENTATION_CONTEXT() REPRESENTATION_CONTEXT('2D SPACE',''
  ) );
#1607 = ORIENTED_EDGE('',*,*,#1608,.T.);
#1608 = EDGE_CURVE('',#1581,#1609,#1611,.T.);
#1609 = VERTEX_POINT('',#1610);
#1610 = CARTESIAN_POINT('',(915.,-505.,154.));
#1611 = SURFACE_CURVE('',#1612,(#1616,#1623),.PCURVE_S1.);
#1612 = LINE('',#1613,#1614);
#1613 = CARTESIAN_POINT('',(-940.,-505.,154.));
#1614 = VECTOR('',#1615,1.);
#1615 = DIRECTION('',(1.,0.,-0.));
#1616 = PCURVE('',#1461,#1617);
#1617 = DEFINITIONAL_REPRESENTATION('',(#1618),#1622);
#1618 = LINE('',#1619,#1620);
#1619 = CARTESIAN_POINT('',(0.,0.));
#1620 = VECTOR('',#1621,1.);
#1621 = DIRECTION('',(1.,0.));
#1622 = ( GEOMETRIC_REPRESENTATION_CONTEXT(2) 
PARAMETRIC_REPRESENTATION_CONTEXT() REPRESENTATION_CONTEXT('2D SPACE',''
  ) );
#1623 = PCURVE('',#1313,#1624);
#1624 = DEFINITIONAL_REPRESENTATION('',(#1625),#1629);
#1625 = LINE('',#1626,#1627);
#1626 = CARTESIAN_POINT('',(154.,-1.805E+03));
#1627 = VECTOR('',#1628,1.);
#1628 = DIRECTION('',(0.,1.));
#1629 = ( GEOMETRIC_REPRESENTATION_CONTEXT(2) 
PARAMETRIC_REPRESENTATION_CONTEXT() REPRESENTATION_CONTEXT('2D SPACE',''
  ) );
#1630 = ORIENTED_EDGE('',*,*,#1631,.T.);
#1631 = EDGE_CURVE('',#1609,#1632,#1634,.T.);
#1632 = VERTEX_POINT('',#1633);
#1633 = CARTESIAN_POINT('',(940.,-505.,154.));
#1634 = SURFACE_CURVE('',#1635,(#1639,#1646),.PCURVE_S1.);
#1635 = LINE('',#1636,#1637);
#1636 = CARTESIAN_POINT('',(-940.,-505.,154.));
#1637 = VECTOR('',#1638,1.);
#1638 = DIRECTION('',(1.,0.,-0.));
#1639 = PCURVE('',#1461,#1640);
#1640 = DEFINITIONAL_REPRESENTATION('',(#1641),#1645);
#1641 = LINE('',#1642,#1643);
#1642 = CARTESIAN_POINT('',(0.,0.));
#1643 = VECTOR('',#1644,1.);
#1644 = DIRECTION('',(1.,0.));
#1645 = ( GEOMETRIC_REPRESENTATION_CONTEXT(2) 
PARAMETRIC_REPRESENTATION_CONTEXT() REPRESENTATION_CONTEXT('2D SPACE',''
  ) );
#1646 = PCURVE('',#1647,#1652);
#1647 = PLANE('',#1648);
#1648 = AXIS2_PLACEMENT_3D('',#1649,#1650,#1651);
#1649 = CARTESIAN_POINT('',(-940.,-505.,154.));
#1650 = DIRECTION('',(-0.,1.,0.));
#1651 = DIRECTION('',(0.,0.,1.));
#1652 = DEFINITIONAL_REPRESENTATION('',(#1653),#1657);
#1653 = LINE('',#1654,#1655);
#1654 = CARTESIAN_POINT('',(0.,0.));
#1655 = VECTOR('',#1656,1.);
#1656 = DIRECTION('',(0.,1.));
#1657 = ( GEOMETRIC_REPRESENTATION_CONTEXT(2) 
PARAMETRIC_REPRESENTATION_CONTEXT() REPRESENTATION_CONTEXT('2D SPACE',''
  ) );
#1658 = ORIENTED_EDGE('',*,*,#1659,.T.);
#1659 = EDGE_CURVE('',#1632,#1660,#1662,.T.);
#1660 = VERTEX_POINT('',#1661);
#1661 = CARTESIAN_POINT('',(940.,-395.,154.));
#1662 = SURFACE_CURVE('',#1663,(#1667,#1674),.PCURVE_S1.);
#1663 = LINE('',#1664,#1665);
#1664 = CARTESIAN_POINT('',(940.,-505.,154.));
#1665 = VECTOR('',#1666,1.);
#1666 = DIRECTION('',(-0.,1.,0.));
#1667 = PCURVE('',#1461,#1668);
#1668 = DEFINITIONAL_REPRESENTATION('',(#1669),#1673);
#1669 = LINE('',#1670,#1671);
#1670 = CARTESIAN_POINT('',(1.88E+03,0.));
#1671 = VECTOR('',#1672,1.);
#1672 = DIRECTION('',(0.,1.));
#1673 = ( GEOMETRIC_REPRESENTATION_CONTEXT(2) 
PARAMETRIC_REPRESENTATION_CONTEXT() REPRESENTATION_CONTEXT('2D SPACE',''
  ) );
#1674 = PCURVE('',#1675,#1680);
#1675 = PLANE('',#1676);
#1676 = AXIS2_PLACEMENT_3D('',#1677,#1678,#1679);
#1677 = CARTESIAN_POINT('',(940.,-505.,154.));
#1678 = DIRECTION('',(1.,0.,-0.));
#1679 = DIRECTION('',(0.,0.,1.));
#1680 = DEFINITIONAL_REPRESENTATION('',(#1681),#1685);
#1681 = LINE('',#1682,#1683);
#1682 = CARTESIAN_POINT('',(0.,0.));
#1683 = VECTOR('',#1684,1.);
#1684 = DIRECTION('',(0.,-1.));
#1685 = ( GEOMETRIC_REPRESENTATION_CONTEXT(2) 
PARAMETRIC_REPRESENTATION_CONTEXT() REPRESENTATION_CONTEXT('2D SPACE',''
  ) );
#1686 = ORIENTED_EDGE('',*,*,#1687,.F.);
#1687 = EDGE_CURVE('',#1502,#1660,#1688,.T.);
#1688 = SURFACE_CURVE('',#1689,(#1693,#1700),.PCURVE_S1.);
#1689 = LINE('',#1690,#1691);
#1690 = CARTESIAN_POINT('',(-940.,-395.,154.));
#1691 = VECTOR('',#1692,1.);
#1692 = DIRECTION('',(1.,0.,-0.));
#1693 = PCURVE('',#1461,#1694);
#1694 = DEFINITIONAL_REPRESENTATION('',(#1695),#1699);
#1695 = LINE('',#1696,#1697);
#1696 = CARTESIAN_POINT('',(0.,110.));
#1697 = VECTOR('',#1698,1.);
#1698 = DIRECTION('',(1.,0.));
#1699 = ( GEOMETRIC_REPRESENTATION_CONTEXT(2) 
PARAMETRIC_REPRESENTATION_CONTEXT() REPRESENTATION_CONTEXT('2D SPACE',''
  ) );
#1700 = PCURVE('',#1701,#1706);
#1701 = PLANE('',#1702);
#1702 = AXIS2_PLACEMENT_3D('',#1703,#1704,#1705);
#1703 = CARTESIAN_POINT('',(-940.,-395.,154.));
#1704 = DIRECTION('',(-0.,1.,0.));
#1705 = DIRECTION('',(0.,0.,1.));
#1706 = DEFINITIONAL_REPRESENTATION('',(#1707),#1711);
#1707 = LINE('',#1708,#1709);
#1708 = CARTESIAN_POINT('',(0.,0.));
#1709 = VECTOR('',#1710,1.);
#1710 = DIRECTION('',(0.,1.));
#1711 = ( GEOMETRIC_REPRESENTATION_CONTEXT(2) 
PARAMETRIC_REPRESENTATION_CONTEXT() REPRESENTATION_CONTEXT('2D SPACE',''
  ) );
#1712 = FACE_BOUND('',#1713,.T.);
#1713 = EDGE_LOOP('',(#1714));
#1714 = ORIENTED_EDGE('',*,*,#1715,.F.);
#1715 = EDGE_CURVE('',#1716,#1716,#1718,.T.);
#1716 = VERTEX_POINT('',#1717);
#1717 = CARTESIAN_POINT('',(-585.,-450.,154.));
#1718 = SURFACE_CURVE('',#1719,(#1724,#1731),.PCURVE_S1.);
#1719 = CIRCLE('',#1720,15.);
#1720 = AXIS2_PLACEMENT_3D('',#1721,#1722,#1723);
#1721 = CARTESIAN_POINT('',(-600.,-450.,154.));
#1722 = DIRECTION('',(0.,0.,1.));
#1723 = DIRECTION('',(1.,0.,-0.));
#1724 = PCURVE('',#1461,#1725);
#1725 = DEFINITIONAL_REPRESENTATION('',(#1726),#1730);
#1726 = CIRCLE('',#1727,15.);
#1727 = AXIS2_PLACEMENT_2D('',#1728,#1729);
#1728 = CARTESIAN_POINT('',(340.,55.));
#1729 = DIRECTION('',(1.,0.));
#1730 = ( GEOMETRIC_REPRESENTATION_CONTEXT(2) 
PARAMETRIC_REPRESENTATION_CONTEXT() REPRESENTATION_CONTEXT('2D SPACE',''
  ) );
#1731 = PCURVE('',#1398,#1732);
#1732 = DEFINITIONAL_REPRESENTATION('',(#1733),#1737);
#1733 = LINE('',#1734,#1735);
#1734 = CARTESIAN_POINT('',(0.,155.));
#1735 = VECTOR('',#1736,1.);
#1736 = DIRECTION('',(1.,0.));
#1737 = ( GEOMETRIC_REPRESENTATION_CONTEXT(2) 
PARAMETRIC_REPRESENTATION_CONTEXT() REPRESENTATION_CONTEXT('2D SPACE',''
  ) );
#1738 = FACE_BOUND('',#1739,.T.);
#1739 = EDGE_LOOP('',(#1740));
#1740 = ORIENTED_EDGE('',*,*,#1444,.F.);
#1741 = ADVANCED_FACE('',(#1742),#1596,.T.);
#1742 = FACE_BOUND('',#1743,.T.);
#1743 = EDGE_LOOP('',(#1744,#1745,#1768,#1794));
#1744 = ORIENTED_EDGE('',*,*,#1580,.F.);
#1745 = ORIENTED_EDGE('',*,*,#1746,.T.);
#1746 = EDGE_CURVE('',#1558,#1747,#1749,.T.);
#1747 = VERTEX_POINT('',#1748);
#1748 = CARTESIAN_POINT('',(-865.,-505.,527.8435769983));
#1749 = SURFACE_CURVE('',#1750,(#1754,#1761),.PCURVE_S1.);
#1750 = LINE('',#1751,#1752);
#1751 = CARTESIAN_POINT('',(-865.,-505.,0.));
#1752 = VECTOR('',#1753,1.);
#1753 = DIRECTION('',(0.,0.,1.));
#1754 = PCURVE('',#1596,#1755);
#1755 = DEFINITIONAL_REPRESENTATION('',(#1756),#1760);
#1756 = LINE('',#1757,#1758);
#1757 = CARTESIAN_POINT('',(-154.,75.));
#1758 = VECTOR('',#1759,1.);
#1759 = DIRECTION('',(1.,0.));
#1760 = ( GEOMETRIC_REPRESENTATION_CONTEXT(2) 
PARAMETRIC_REPRESENTATION_CONTEXT() REPRESENTATION_CONTEXT('2D SPACE',''
  ) );
#1761 = PCURVE('',#1227,#1762);
#1762 = DEFINITIONAL_REPRESENTATION('',(#1763),#1767);
#1763 = LINE('',#1764,#1765);
#1764 = CARTESIAN_POINT('',(109.98878842782,580.));
#1765 = VECTOR('',#1766,1.);
#1766 = DIRECTION('',(-1.54074395551E-33,-1.));
#1767 = ( GEOMETRIC_REPRESENTATION_CONTEXT(2) 
PARAMETRIC_REPRESENTATION_CONTEXT() REPRESENTATION_CONTEXT('2D SPACE',''
  ) );
#1768 = ORIENTED_EDGE('',*,*,#1769,.T.);
#1769 = EDGE_CURVE('',#1747,#1770,#1772,.T.);
#1770 = VERTEX_POINT('',#1771);
#1771 = CARTESIAN_POINT('',(865.,-505.,527.8435769983));
#1772 = SURFACE_CURVE('',#1773,(#1777,#1783),.PCURVE_S1.);
#1773 = LINE('',#1774,#1775);
#1774 = CARTESIAN_POINT('',(217.5,-505.,527.8435769983));
#1775 = VECTOR('',#1776,1.);
#1776 = DIRECTION('',(1.,0.,-2.063497537503E-16));
#1777 = PCURVE('',#1596,#1778);
#1778 = DEFINITIONAL_REPRESENTATION('',(#1779),#1782);
#1779 = B_SPLINE_CURVE_WITH_KNOTS('',1,(#1780,#1781),.UNSPECIFIED.,.F.,
  .F.,(2,2),(-1.1575E+03,722.5),.PIECEWISE_BEZIER_KNOTS.);
#1780 = CARTESIAN_POINT('',(373.8435769983,0.));
#1781 = CARTESIAN_POINT('',(373.8435769983,1.88E+03));
#1782 = ( GEOMETRIC_REPRESENTATION_CONTEXT(2) 
PARAMETRIC_REPRESENTATION_CONTEXT() REPRESENTATION_CONTEXT('2D SPACE',''
  ) );
#1783 = PCURVE('',#1784,#1789);
#1784 = PLANE('',#1785);
#1785 = AXIS2_PLACEMENT_3D('',#1786,#1787,#1788);
#1786 = CARTESIAN_POINT('',(1.375E+03,-330.0112115721,527.8435769983));
#1787 = DIRECTION('',(-2.063497537503E-16,1.54074395551E-33,-1.));
#1788 = DIRECTION('',(-1.,2.746698159442E-43,2.063497537503E-16));
#1789 = DEFINITIONAL_REPRESENTATION('',(#1790),#1793);
#1790 = B_SPLINE_CURVE_WITH_KNOTS('',1,(#1791,#1792),.UNSPECIFIED.,.F.,
  .F.,(2,2),(-1.1575E+03,722.5),.PIECEWISE_BEZIER_KNOTS.);
#1791 = CARTESIAN_POINT('',(2.315E+03,-174.9887884278));
#1792 = CARTESIAN_POINT('',(435.,-174.9887884278));
#1793 = ( GEOMETRIC_REPRESENTATION_CONTEXT(2) 
PARAMETRIC_REPRESENTATION_CONTEXT() REPRESENTATION_CONTEXT('2D SPACE',''
  ) );
#1794 = ORIENTED_EDGE('',*,*,#1795,.F.);
#1795 = EDGE_CURVE('',#1581,#1770,#1796,.T.);
#1796 = SURFACE_CURVE('',#1797,(#1801,#1808),.PCURVE_S1.);
#1797 = LINE('',#1798,#1799);
#1798 = CARTESIAN_POINT('',(865.,-505.,0.));
#1799 = VECTOR('',#1800,1.);
#1800 = DIRECTION('',(0.,0.,1.));
#1801 = PCURVE('',#1596,#1802);
#1802 = DEFINITIONAL_REPRESENTATION('',(#1803),#1807);
#1803 = LINE('',#1804,#1805);
#1804 = CARTESIAN_POINT('',(-154.,1.805E+03));
#1805 = VECTOR('',#1806,1.);
#1806 = DIRECTION('',(1.,0.));
#1807 = ( GEOMETRIC_REPRESENTATION_CONTEXT(2) 
PARAMETRIC_REPRESENTATION_CONTEXT() REPRESENTATION_CONTEXT('2D SPACE',''
  ) );
#1808 = PCURVE('',#1285,#1809);
#1809 = DEFINITIONAL_REPRESENTATION('',(#1810),#1814);
#1810 = LINE('',#1811,#1812);
#1811 = CARTESIAN_POINT('',(1.121157217301E-02,580.));
#1812 = VECTOR('',#1813,1.);
#1813 = DIRECTION('',(1.54074395551E-33,-1.));
#1814 = ( GEOMETRIC_REPRESENTATION_CONTEXT(2) 
PARAMETRIC_REPRESENTATION_CONTEXT() REPRESENTATION_CONTEXT('2D SPACE',''
  ) );
#1815 = ADVANCED_FACE('',(#1816,#2120,#2179),#1784,.F.);
#1816 = FACE_BOUND('',#1817,.F.);
#1817 = EDGE_LOOP('',(#1818,#1848,#1898,#1971,#2014,#2037,#2065,#2094));
#1818 = ORIENTED_EDGE('',*,*,#1819,.T.);
#1819 = EDGE_CURVE('',#1820,#1822,#1824,.T.);
#1820 = VERTEX_POINT('',#1821);
#1821 = CARTESIAN_POINT('',(-1.36E+03,-340.0112115721,527.8435769983));
#1822 = VERTEX_POINT('',#1823);
#1823 = CARTESIAN_POINT('',(-80.09329903704,-340.0112115721,
    527.8435769983));
#1824 = SURFACE_CURVE('',#1825,(#1829,#1836),.PCURVE_S1.);
#1825 = LINE('',#1826,#1827);
#1826 = CARTESIAN_POINT('',(682.35297986415,-340.0112115721,
    527.8435769983));
#1827 = VECTOR('',#1828,1.);
#1828 = DIRECTION('',(1.,4.150668069688E-31,-2.063497537503E-16));
#1829 = PCURVE('',#1784,#1830);
#1830 = DEFINITIONAL_REPRESENTATION('',(#1831),#1835);
#1831 = LINE('',#1832,#1833);
#1832 = CARTESIAN_POINT('',(692.64702013584,-10.));
#1833 = VECTOR('',#1834,1.);
#1834 = DIRECTION('',(-1.,4.150668069691E-31));
#1835 = ( GEOMETRIC_REPRESENTATION_CONTEXT(2) 
PARAMETRIC_REPRESENTATION_CONTEXT() REPRESENTATION_CONTEXT('2D SPACE',''
  ) );
#1836 = PCURVE('',#1837,#1842);
#1837 = CYLINDRICAL_SURFACE('',#1838,10.);
#1838 = AXIS2_PLACEMENT_3D('',#1839,#1840,#1841);
#1839 = CARTESIAN_POINT('',(682.35297986415,-340.0112115721,
    517.8435769983));
#1840 = DIRECTION('',(1.,4.150668069688E-31,-2.063497537503E-16));
#1841 = DIRECTION('',(1.45911310173E-16,0.707106781187,0.707106781187));
#1842 = DEFINITIONAL_REPRESENTATION('',(#1843),#1847);
#1843 = LINE('',#1844,#1845);
#1844 = CARTESIAN_POINT('',(7.068583470577,2.273736754432E-13));
#1845 = VECTOR('',#1846,1.);
#1846 = DIRECTION('',(-4.684094808212E-18,1.));
#1847 = ( GEOMETRIC_REPRESENTATION_CONTEXT(2) 
PARAMETRIC_REPRESENTATION_CONTEXT() REPRESENTATION_CONTEXT('2D SPACE',''
  ) );
#1848 = ORIENTED_EDGE('',*,*,#1849,.T.);
#1849 = EDGE_CURVE('',#1822,#1850,#1852,.T.);
#1850 = VERTEX_POINT('',#1851);
#1851 = CARTESIAN_POINT('',(-59.17116988357,-338.4862786483,
    527.8435769983));
#1852 = SURFACE_CURVE('',#1853,(#1858,#1866),.PCURVE_S1.);
#1853 = B_SPLINE_CURVE_WITH_KNOTS('',3,(#1854,#1855,#1856,#1857),
  .UNSPECIFIED.,.F.,.F.,(4,4),(2.571422885216E-11,2.099890915145),
  .PIECEWISE_BEZIER_KNOTS.);
#1854 = CARTESIAN_POINT('',(-80.09329903703,-340.0112115721,
    527.8435769983));
#1855 = CARTESIAN_POINT('',(-73.0936626533,-340.0112115721,
    527.8435769983));
#1856 = CARTESIAN_POINT('',(-66.08625083786,-339.5709284702,
    527.8435769983));
#1857 = CARTESIAN_POINT('',(-59.17116918545,-338.4862830992,
    527.8435769983));
#1858 = PCURVE('',#1784,#1859);
#1859 = DEFINITIONAL_REPRESENTATION('',(#1860),#1865);
#1860 = B_SPLINE_CURVE_WITH_KNOTS('',3,(#1861,#1862,#1863,#1864),
  .UNSPECIFIED.,.F.,.F.,(4,4),(2.571422885216E-11,2.099890915145),
  .PIECEWISE_BEZIER_KNOTS.);
#1861 = CARTESIAN_POINT('',(1.455093299037E+03,-10.));
#1862 = CARTESIAN_POINT('',(1.448093662653E+03,-9.999999999988));
#1863 = CARTESIAN_POINT('',(1.441086250838E+03,-9.55971689805));
#1864 = CARTESIAN_POINT('',(1.434171169185E+03,-8.475071527041));
#1865 = ( GEOMETRIC_REPRESENTATION_CONTEXT(2) 
PARAMETRIC_REPRESENTATION_CONTEXT() REPRESENTATION_CONTEXT('2D SPACE',''
  ) );
#1866 = PCURVE('',#1867,#1892);
#1867 = B_SPLINE_SURFACE_WITH_KNOTS('',3,3,(
    (#1868,#1869,#1870,#1871)
    ,(#1872,#1873,#1874,#1875)
    ,(#1876,#1877,#1878,#1879)
    ,(#1880,#1881,#1882,#1883)
    ,(#1884,#1885,#1886,#1887)
    ,(#1888,#1889,#1890,#1891
    )),.UNSPECIFIED.,.F.,.F.,.F.,(4,1,1,4),(4,4),(0.,0.285714285714,
    0.571428571429,1.),(2.571422885216E-11,2.100753249155),
  .UNSPECIFIED.);
#1868 = CARTESIAN_POINT('',(-80.09329903703,-340.0112115721,
    527.8435769983));
#1869 = CARTESIAN_POINT('',(-73.0907882066,-340.0112115721,
    527.8435769983));
#1870 = CARTESIAN_POINT('',(-66.08049555708,-339.5705667856,
    527.8435769983));
#1871 = CARTESIAN_POINT('',(-59.16265006094,-338.4849465229,
    527.8435769983));
#1872 = CARTESIAN_POINT('',(-80.09329903703,-338.5152150704,
    527.8435769983));
#1873 = CARTESIAN_POINT('',(-73.15638828558,-338.625860243,
    527.84324997465));
#1874 = CARTESIAN_POINT('',(-66.20445437458,-338.3014681378,
    527.84381698945));
#1875 = CARTESIAN_POINT('',(-59.34104653103,-337.3481593244,
    527.8435769983));
#1876 = CARTESIAN_POINT('',(-80.09329903704,-335.5303930565,
    527.15869888572));
#1877 = CARTESIAN_POINT('',(-73.28733241949,-335.8605021996,
    527.26097109498));
#1878 = CARTESIAN_POINT('',(-66.45201691975,-335.7662942997,
    527.35498010209));
#1879 = CARTESIAN_POINT('',(-59.69750560547,-335.0767124038,
    527.441027578));
#1880 = CARTESIAN_POINT('',(-80.09329903705,-331.3237002787,
    523.81388018838));
#1881 = CARTESIAN_POINT('',(-73.47153335163,-331.8145548844,
    524.3840077207));
#1882 = CARTESIAN_POINT('',(-66.81957495662,-331.9446402051,
    524.91742000064));
#1883 = CARTESIAN_POINT('',(-60.2485884783,-331.5650736654,
    525.41946985216));
#1884 = CARTESIAN_POINT('',(-80.09329903705,-330.0112115721,
    520.0875717509));
#1885 = CARTESIAN_POINT('',(-73.52944485422,-330.2745432549,
    521.08080988113));
#1886 = CARTESIAN_POINT('',(-66.97053607915,-330.2599720593,
    522.05555351092));
#1887 = CARTESIAN_POINT('',(-60.51728749386,-329.8528559236,
    523.00412132914));
#1888 = CARTESIAN_POINT('',(-80.09329903705,-330.0112115721,
    517.84357699834));
#1889 = CARTESIAN_POINT('',(-73.52898912805,-330.0112115721,
    519.00212492638));
#1890 = CARTESIAN_POINT('',(-67.00436084334,-329.7908891789,
    520.19145639568));
#1891 = CARTESIAN_POINT('',(-60.61219537111,-329.2480790475,
    521.39027935907));
#1892 = DEFINITIONAL_REPRESENTATION('',(#1893),#1897);
#1893 = LINE('',#1894,#1895);
#1894 = CARTESIAN_POINT('',(1.408546120743E-15,1.257251590358E-16));
#1895 = VECTOR('',#1896,1.);
#1896 = DIRECTION('',(-1.556613453706E-14,1.));
#1897 = ( GEOMETRIC_REPRESENTATION_CONTEXT(2) 
PARAMETRIC_REPRESENTATION_CONTEXT() REPRESENTATION_CONTEXT('2D SPACE',''
  ) );
#1898 = ORIENTED_EDGE('',*,*,#1899,.T.);
#1899 = EDGE_CURVE('',#1850,#1900,#1902,.T.);
#1900 = VERTEX_POINT('',#1901);
#1901 = CARTESIAN_POINT('',(4.453528458525,-320.0112115721,
    527.8435769983));
#1902 = SURFACE_CURVE('',#1903,(#1912,#1924),.PCURVE_S1.);
#1903 = B_SPLINE_CURVE_WITH_KNOTS('',3,(#1904,#1905,#1906,#1907,#1908,
    #1909,#1910,#1911),.UNSPECIFIED.,.F.,.F.,(4,1,1,2,4),(
    -2.354946621143E-15,2.651343504961,3.977015257441,6.628358762402,
    6.633756090174),.UNSPECIFIED.);
#1904 = CARTESIAN_POINT('',(-59.17116988357,-338.4862786483,
    527.8435769983));
#1905 = CARTESIAN_POINT('',(-50.43900460118,-337.1238525663,
    527.8435769983));
#1906 = CARTESIAN_POINT('',(-37.52895563971,-333.9672864599,
    527.84357699829));
#1907 = CARTESIAN_POINT('',(-16.43268985,-327.3977739438,527.8435769983)
  );
#1908 = CARTESIAN_POINT('',(-3.933523140877,-322.9645042956,
    527.84357699829));
#1909 = CARTESIAN_POINT('',(4.419589500845,-320.0231640063,
    527.8435769983));
#1910 = CARTESIAN_POINT('',(4.43655886628,-320.0171875533,527.8435769983
    ));
#1911 = CARTESIAN_POINT('',(4.453528458525,-320.0112115721,
    527.8435769983));
#1912 = PCURVE('',#1784,#1913);
#1913 = DEFINITIONAL_REPRESENTATION('',(#1914),#1923);
#1914 = B_SPLINE_CURVE_WITH_KNOTS('',3,(#1915,#1916,#1917,#1918,#1919,
    #1920,#1921,#1922),.UNSPECIFIED.,.F.,.F.,(4,1,1,2,4),(
    -2.354946621143E-15,2.651343504961,3.977015257441,6.628358762402,
    6.633756090174),.UNSPECIFIED.);
#1915 = CARTESIAN_POINT('',(1.434171169884E+03,-8.47506707619));
#1916 = CARTESIAN_POINT('',(1.425439004601E+03,-7.112640994203));
#1917 = CARTESIAN_POINT('',(1.41252895564E+03,-3.956074887768));
#1918 = CARTESIAN_POINT('',(1.39143268985E+03,2.613437628284));
#1919 = CARTESIAN_POINT('',(1.378933523141E+03,7.046707276507));
#1920 = CARTESIAN_POINT('',(1.370580410499E+03,9.988047565814));
#1921 = CARTESIAN_POINT('',(1.370563441134E+03,9.994024018833));
#1922 = CARTESIAN_POINT('',(1.370546471541E+03,10.));
#1923 = ( GEOMETRIC_REPRESENTATION_CONTEXT(2) 
PARAMETRIC_REPRESENTATION_CONTEXT() REPRESENTATION_CONTEXT('2D SPACE',''
  ) );
#1924 = PCURVE('',#1925,#1966);
#1925 = B_SPLINE_SURFACE_WITH_KNOTS('',3,3,(
    (#1926,#1927,#1928,#1929,#1930,#1931,#1932,#1933)
    ,(#1934,#1935,#1936,#1937,#1938,#1939,#1940,#1941)
    ,(#1942,#1943,#1944,#1945,#1946,#1947,#1948,#1949)
    ,(#1950,#1951,#1952,#1953,#1954,#1955,#1956,#1957)
    ,(#1958,#1959,#1960,#1961,#1962,#1963,#1964,#1965
  )),.UNSPECIFIED.,.F.,.F.,.F.,(4,1,4),(4,1,1,2,4),(0.,0.571428571429,1.
    ),(-2.354946621143E-15,2.651343504961,3.977015257441,6.628358762402,
    6.633756090174),.UNSPECIFIED.);
#1926 = CARTESIAN_POINT('',(-59.17116988357,-338.4862786483,
    527.8435769983));
#1927 = CARTESIAN_POINT('',(-50.43900460118,-337.1238525663,
    527.8435769983));
#1928 = CARTESIAN_POINT('',(-37.52895563971,-333.9672864599,
    527.84357699829));
#1929 = CARTESIAN_POINT('',(-16.43268985,-327.3977739438,527.8435769983)
  );
#1930 = CARTESIAN_POINT('',(-3.933523140877,-322.9645042956,
    527.84357699829));
#1931 = CARTESIAN_POINT('',(4.419589500845,-320.0231640063,
    527.8435769983));
#1932 = CARTESIAN_POINT('',(4.43655886628,-320.0171875533,527.8435769983
    ));
#1933 = CARTESIAN_POINT('',(4.453528458525,-320.0112115721,
    527.8435769983));
#1934 = CARTESIAN_POINT('',(-59.52589949168,-336.2127185561,
    527.8435769983));
#1935 = CARTESIAN_POINT('',(-50.87627732759,-335.1937992857,
    527.83774699487));
#1936 = CARTESIAN_POINT('',(-37.94794828407,-332.520118625,
    527.84187478697));
#1937 = CARTESIAN_POINT('',(-16.68335357447,-326.6955739353,
    527.84069249928));
#1938 = CARTESIAN_POINT('',(-4.032503022451,-322.6832948111,
    527.84326522547));
#1939 = CARTESIAN_POINT('',(4.419188519029,-320.0220255994,
    527.84357743929));
#1940 = CARTESIAN_POINT('',(4.436358438583,-320.0166184122,
    527.8435769983));
#1941 = CARTESIAN_POINT('',(4.453528458525,-320.0112115721,
    527.8435769983));
#1942 = CARTESIAN_POINT('',(-60.14431360362,-332.2491316064,
    526.39550955892));
#1943 = CARTESIAN_POINT('',(-51.64040822625,-331.8137702666,
    526.82027074613));
#1944 = CARTESIAN_POINT('',(-38.68125142233,-329.9867757537,
    527.28352088792));
#1945 = CARTESIAN_POINT('',(-17.12236680008,-325.4638600513,
    527.74128558738));
#1946 = CARTESIAN_POINT('',(-4.205762389341,-322.1909446365,
    527.84325488541));
#1947 = CARTESIAN_POINT('',(4.418486863951,-320.0200337173,
    527.84357676813));
#1948 = CARTESIAN_POINT('',(4.436007690113,-320.0156224154,
    527.8435769983));
#1949 = CARTESIAN_POINT('',(4.453528458525,-320.0112115721,
    527.8435769983));
#1950 = CARTESIAN_POINT('',(-60.51804294146,-329.8537969956,
    523.00541577552));
#1951 = CARTESIAN_POINT('',(-52.16748628581,-329.3547257379,
    524.26724982512));
#1952 = CARTESIAN_POINT('',(-39.30722832961,-327.8123272906,
    525.81574454997));
#1953 = CARTESIAN_POINT('',(-17.55541625909,-324.2322753388,
    527.44905866377));
#1954 = CARTESIAN_POINT('',(-4.379216640736,-321.6988756567,
    527.84267389147));
#1955 = CARTESIAN_POINT('',(4.417785487437,-320.0180414375,
    527.84357570093));
#1956 = CARTESIAN_POINT('',(4.435656941642,-320.0146264185,
    527.8435769983));
#1957 = CARTESIAN_POINT('',(4.453528458525,-320.0112115721,
    527.8435769983));
#1958 = CARTESIAN_POINT('',(-60.61244546855,-329.2487451102,
    521.39191447107));
#1959 = CARTESIAN_POINT('',(-52.3263502151,-328.5675320692,
    522.98415830758));
#1960 = CARTESIAN_POINT('',(-39.5425263124,-326.989249016,
    525.04583284392));
#1961 = CARTESIAN_POINT('',(-17.73939299352,-323.704492758,
    527.28539846574));
#1962 = CARTESIAN_POINT('',(-4.453650269686,-321.4878579339,
    527.84248374116));
#1963 = CARTESIAN_POINT('',(4.41748503425,-320.0171877892,527.8435749384
    ));
#1964 = CARTESIAN_POINT('',(4.43550662087,-320.0141995627,527.8435769983
    ));
#1965 = CARTESIAN_POINT('',(4.453528458525,-320.0112115721,
    527.8435769983));
#1966 = DEFINITIONAL_REPRESENTATION('',(#1967),#1970);
#1967 = B_SPLINE_CURVE_WITH_KNOTS('',1,(#1968,#1969),.UNSPECIFIED.,.F.,
  .F.,(2,2),(-2.354946621143E-15,6.633756090174),
  .PIECEWISE_BEZIER_KNOTS.);
#1968 = CARTESIAN_POINT('',(-3.738826594342E-16,-2.004068877255E-15));
#1969 = CARTESIAN_POINT('',(2.668495877153E-04,6.633756090174));
#1970 = ( GEOMETRIC_REPRESENTATION_CONTEXT(2) 
PARAMETRIC_REPRESENTATION_CONTEXT() REPRESENTATION_CONTEXT('2D SPACE',''
  ) );
#1971 = ORIENTED_EDGE('',*,*,#1972,.T.);
#1972 = EDGE_CURVE('',#1900,#1973,#1975,.T.);
#1973 = VERTEX_POINT('',#1974);
#1974 = CARTESIAN_POINT('',(293.86319982925,104.98878842782,
    527.8435769983));
#1975 = SURFACE_CURVE('',#1976,(#1980,#1987),.PCURVE_S1.);
#1976 = LINE('',#1977,#1978);
#1977 = CARTESIAN_POINT('',(-2.356110867845,-330.0112115721,
    527.8435769983));
#1978 = VECTOR('',#1979,1.);
#1979 = DIRECTION('',(0.562854718944,0.826555845277,-1.305118336804E-16)
  );
#1980 = PCURVE('',#1784,#1981);
#1981 = DEFINITIONAL_REPRESENTATION('',(#1982),#1986);
#1982 = LINE('',#1983,#1984);
#1983 = CARTESIAN_POINT('',(1.377356110868E+03,0.));
#1984 = VECTOR('',#1985,1.);
#1985 = DIRECTION('',(-0.562854718944,0.826555845277));
#1986 = ( GEOMETRIC_REPRESENTATION_CONTEXT(2) 
PARAMETRIC_REPRESENTATION_CONTEXT() REPRESENTATION_CONTEXT('2D SPACE',''
  ) );
#1987 = PCURVE('',#1988,#2009);
#1988 = B_SPLINE_SURFACE_WITH_KNOTS('',3,3,(
    (#1989,#1990,#1991,#1992)
    ,(#1993,#1994,#1995,#1996)
    ,(#1997,#1998,#1999,#2000)
    ,(#2001,#2002,#2003,#2004)
    ,(#2005,#2006,#2007,#2008
  )),.UNSPECIFIED.,.F.,.F.,.F.,(4,1,4),(4,4),(0.,0.428581863065,
    1.000024347152),(1.927408197599E-02,0.970953215323),.UNSPECIFIED.);
#1989 = CARTESIAN_POINT('',(3.550118729306,-321.3378746829,
    527.8435769983));
#1990 = CARTESIAN_POINT('',(100.75899351716,-178.5860046809,
    527.8435769983));
#1991 = CARTESIAN_POINT('',(197.96786830501,-35.83413467896,
    527.8435769983));
#1992 = CARTESIAN_POINT('',(295.17674309286,106.91773532304,
    527.8435769983));
#1993 = CARTESIAN_POINT('',(-5.511645606791,-321.3378746829,
    527.8435769983));
#1994 = CARTESIAN_POINT('',(80.303058528616,-178.5860046809,
    527.84370377519));
#1995 = CARTESIAN_POINT('',(166.11755376599,-35.83413467896,
    527.84345022141));
#1996 = CARTESIAN_POINT('',(251.9322579014,106.91773532304,
    527.8435769983));
#1997 = CARTESIAN_POINT('',(-26.65606410942,-321.3378746829,
    526.092868913));
#1998 = CARTESIAN_POINT('',(32.571957852277,-178.5860046809,
    524.22203356655));
#1999 = CARTESIAN_POINT('',(91.799569497604,-35.83413467896,
    522.35320291488));
#2000 = CARTESIAN_POINT('',(151.0275914593,106.91773532304,
    520.48236756843));
#2001 = CARTESIAN_POINT('',(-47.12511623465,-321.3378746829,
    520.30548734171));
#2002 = CARTESIAN_POINT('',(-13.87599516168,-178.5860046809,
    512.23916816747));
#2003 = CARTESIAN_POINT('',(19.374255109925,-35.83413467896,
    504.168259754));
#2004 = CARTESIAN_POINT('',(52.623376182898,106.91773532304,
    496.10194057976));
#2005 = CARTESIAN_POINT('',(-58.31820396487,-321.3378746829,
    515.75951586262));
#2006 = CARTESIAN_POINT('',(-39.45685364551,-178.5860046809,
    502.79686454315));
#2007 = CARTESIAN_POINT('',(-20.59550332614,-35.83413467896,
    489.83421322369));
#2008 = CARTESIAN_POINT('',(-1.734153006782,106.91773532304,
    476.87156190422));
#2009 = DEFINITIONAL_REPRESENTATION('',(#2010),#2013);
#2010 = B_SPLINE_CURVE_WITH_KNOTS('',1,(#2011,#2012),.UNSPECIFIED.,.F.,
  .F.,(2,2),(12.098396081929,526.28022956393),.PIECEWISE_BEZIER_KNOTS.);
#2011 = CARTESIAN_POINT('',(1.487106643488E-15,2.222222222222E-02));
#2012 = CARTESIAN_POINT('',(4.971616850516E-16,0.966666666667));
#2013 = ( GEOMETRIC_REPRESENTATION_CONTEXT(2) 
PARAMETRIC_REPRESENTATION_CONTEXT() REPRESENTATION_CONTEXT('2D SPACE',''
  ) );
#2014 = ORIENTED_EDGE('',*,*,#2015,.T.);
#2015 = EDGE_CURVE('',#1973,#2016,#2018,.T.);
#2016 = VERTEX_POINT('',#2017);
#2017 = CARTESIAN_POINT('',(1.36E+03,104.98878842782,527.8435769983));
#2018 = SURFACE_CURVE('',#2019,(#2023,#2030),.PCURVE_S1.);
#2019 = LINE('',#2020,#2021);
#2020 = CARTESIAN_POINT('',(1.375E+03,104.98878842782,527.8435769983));
#2021 = VECTOR('',#2022,1.);
#2022 = DIRECTION('',(1.,-6.459479416001E-18,-2.063497537503E-16));
#2023 = PCURVE('',#1784,#2024);
#2024 = DEFINITIONAL_REPRESENTATION('',(#2025),#2029);
#2025 = LINE('',#2026,#2027);
#2026 = CARTESIAN_POINT('',(0.,435.));
#2027 = VECTOR('',#2028,1.);
#2028 = DIRECTION('',(-1.,-6.459479416001E-18));
#2029 = ( GEOMETRIC_REPRESENTATION_CONTEXT(2) 
PARAMETRIC_REPRESENTATION_CONTEXT() REPRESENTATION_CONTEXT('2D SPACE',''
  ) );
#2030 = PCURVE('',#944,#2031);
#2031 = DEFINITIONAL_REPRESENTATION('',(#2032),#2036);
#2032 = LINE('',#2033,#2034);
#2033 = CARTESIAN_POINT('',(0.785398163397,0.));
#2034 = VECTOR('',#2035,1.);
#2035 = DIRECTION('',(0.,1.));
#2036 = ( GEOMETRIC_REPRESENTATION_CONTEXT(2) 
PARAMETRIC_REPRESENTATION_CONTEXT() REPRESENTATION_CONTEXT('2D SPACE',''
  ) );
#2037 = ORIENTED_EDGE('',*,*,#2038,.T.);
#2038 = EDGE_CURVE('',#2016,#2039,#2041,.T.);
#2039 = VERTEX_POINT('',#2040);
#2040 = CARTESIAN_POINT('',(1.36E+03,-630.0112115721,527.8435769983));
#2041 = SURFACE_CURVE('',#2042,(#2046,#2053),.PCURVE_S1.);
#2042 = LINE('',#2043,#2044);
#2043 = CARTESIAN_POINT('',(1.36E+03,-480.0112115721,527.8435769983));
#2044 = VECTOR('',#2045,1.);
#2045 = DIRECTION('',(-2.746701338763E-43,-1.,-1.54074395551E-33));
#2046 = PCURVE('',#1784,#2047);
#2047 = DEFINITIONAL_REPRESENTATION('',(#2048),#2052);
#2048 = LINE('',#2049,#2050);
#2049 = CARTESIAN_POINT('',(15.,-150.));
#2050 = VECTOR('',#2051,1.);
#2051 = DIRECTION('',(0.,-1.));
#2052 = ( GEOMETRIC_REPRESENTATION_CONTEXT(2) 
PARAMETRIC_REPRESENTATION_CONTEXT() REPRESENTATION_CONTEXT('2D SPACE',''
  ) );
#2053 = PCURVE('',#2054,#2059);
#2054 = CYLINDRICAL_SURFACE('',#2055,15.);
#2055 = AXIS2_PLACEMENT_3D('',#2056,#2057,#2058);
#2056 = CARTESIAN_POINT('',(1.36E+03,-480.0112115721,512.8435769983));
#2057 = DIRECTION('',(-2.746701338763E-43,-1.,-1.54074395551E-33));
#2058 = DIRECTION('',(0.707106781187,-1.089470499207E-33,0.707106781187)
  );
#2059 = DEFINITIONAL_REPRESENTATION('',(#2060),#2064);
#2060 = LINE('',#2061,#2062);
#2061 = CARTESIAN_POINT('',(0.785398163397,0.));
#2062 = VECTOR('',#2063,1.);
#2063 = DIRECTION('',(0.,1.));
#2064 = ( GEOMETRIC_REPRESENTATION_CONTEXT(2) 
PARAMETRIC_REPRESENTATION_CONTEXT() REPRESENTATION_CONTEXT('2D SPACE',''
  ) );
#2065 = ORIENTED_EDGE('',*,*,#2066,.T.);
#2066 = EDGE_CURVE('',#2039,#2067,#2069,.T.);
#2067 = VERTEX_POINT('',#2068);
#2068 = CARTESIAN_POINT('',(-1.36E+03,-630.0112115721,527.8435769983));
#2069 = SURFACE_CURVE('',#2070,(#2075,#2082),.PCURVE_S1.);
#2070 = CIRCLE('',#2071,1.36E+03);
#2071 = AXIS2_PLACEMENT_3D('',#2072,#2073,#2074);
#2072 = CARTESIAN_POINT('',(3.095246306254E-15,-630.0112115721,
    527.8435769983));
#2073 = DIRECTION('',(-2.063497537503E-16,1.54074395551E-33,-1.));
#2074 = DIRECTION('',(3.986824247592E-17,-1.,-9.767545972872E-33));
#2075 = PCURVE('',#1784,#2076);
#2076 = DEFINITIONAL_REPRESENTATION('',(#2077),#2081);
#2077 = CIRCLE('',#2078,1.36E+03);
#2078 = AXIS2_PLACEMENT_2D('',#2079,#2080);
#2079 = CARTESIAN_POINT('',(1.375E+03,-300.));
#2080 = DIRECTION('',(-3.986824247592E-17,-1.));
#2081 = ( GEOMETRIC_REPRESENTATION_CONTEXT(2) 
PARAMETRIC_REPRESENTATION_CONTEXT() REPRESENTATION_CONTEXT('2D SPACE',''
  ) );
#2082 = PCURVE('',#2083,#2088);
#2083 = TOROIDAL_SURFACE('',#2084,1.36E+03,15.);
#2084 = AXIS2_PLACEMENT_3D('',#2085,#2086,#2087);
#2085 = CARTESIAN_POINT('',(1.080297734585E-32,-630.0112115721,
    512.8435769983));
#2086 = DIRECTION('',(-2.063497537503E-16,1.54074395551E-33,-1.));
#2087 = DIRECTION('',(-1.,2.746698159442E-43,2.063497537503E-16));
#2088 = DEFINITIONAL_REPRESENTATION('',(#2089),#2093);
#2089 = LINE('',#2090,#2091);
#2090 = CARTESIAN_POINT('',(-1.570796326795,4.712388980385));
#2091 = VECTOR('',#2092,1.);
#2092 = DIRECTION('',(1.,0.));
#2093 = ( GEOMETRIC_REPRESENTATION_CONTEXT(2) 
PARAMETRIC_REPRESENTATION_CONTEXT() REPRESENTATION_CONTEXT('2D SPACE',''
  ) );
#2094 = ORIENTED_EDGE('',*,*,#2095,.T.);
#2095 = EDGE_CURVE('',#2067,#1820,#2096,.T.);
#2096 = SURFACE_CURVE('',#2097,(#2101,#2108),.PCURVE_S1.);
#2097 = LINE('',#2098,#2099);
#2098 = CARTESIAN_POINT('',(-1.36E+03,-105.0112115721,527.8435769983));
#2099 = VECTOR('',#2100,1.);
#2100 = DIRECTION('',(2.746701338763E-43,1.,1.54074395551E-33));
#2101 = PCURVE('',#1784,#2102);
#2102 = DEFINITIONAL_REPRESENTATION('',(#2103),#2107);
#2103 = LINE('',#2104,#2105);
#2104 = CARTESIAN_POINT('',(2.735E+03,225.));
#2105 = VECTOR('',#2106,1.);
#2106 = DIRECTION('',(0.,1.));
#2107 = ( GEOMETRIC_REPRESENTATION_CONTEXT(2) 
PARAMETRIC_REPRESENTATION_CONTEXT() REPRESENTATION_CONTEXT('2D SPACE',''
  ) );
#2108 = PCURVE('',#2109,#2114);
#2109 = CYLINDRICAL_SURFACE('',#2110,15.);
#2110 = AXIS2_PLACEMENT_3D('',#2111,#2112,#2113);
#2111 = CARTESIAN_POINT('',(-1.36E+03,-105.0112115721,512.8435769983));
#2112 = DIRECTION('',(2.746701338763E-43,1.,1.54074395551E-33));
#2113 = DIRECTION('',(-0.707106781187,-1.089470498819E-33,0.707106781187
    ));
#2114 = DEFINITIONAL_REPRESENTATION('',(#2115),#2119);
#2115 = LINE('',#2116,#2117);
#2116 = CARTESIAN_POINT('',(0.785398163397,0.));
#2117 = VECTOR('',#2118,1.);
#2118 = DIRECTION('',(0.,1.));
#2119 = ( GEOMETRIC_REPRESENTATION_CONTEXT(2) 
PARAMETRIC_REPRESENTATION_CONTEXT() REPRESENTATION_CONTEXT('2D SPACE',''
  ) );
#2120 = FACE_BOUND('',#2121,.F.);
#2121 = EDGE_LOOP('',(#2122,#2153));
#2122 = ORIENTED_EDGE('',*,*,#2123,.F.);
#2123 = EDGE_CURVE('',#2124,#2126,#2128,.T.);
#2124 = VERTEX_POINT('',#2125);
#2125 = CARTESIAN_POINT('',(860.,-630.0112115721,527.8435769983));
#2126 = VERTEX_POINT('',#2127);
#2127 = CARTESIAN_POINT('',(-860.,-630.0112115721,527.8435769983));
#2128 = SURFACE_CURVE('',#2129,(#2134,#2141),.PCURVE_S1.);
#2129 = CIRCLE('',#2130,860.);
#2130 = AXIS2_PLACEMENT_3D('',#2131,#2132,#2133);
#2131 = CARTESIAN_POINT('',(3.095246306254E-15,-630.0112115721,
    527.8435769983));
#2132 = DIRECTION('',(-2.063497537503E-16,1.54074395551E-33,-1.));
#2133 = DIRECTION('',(-1.,-1.306144734853E-16,2.063497537503E-16));
#2134 = PCURVE('',#1784,#2135);
#2135 = DEFINITIONAL_REPRESENTATION('',(#2136),#2140);
#2136 = CIRCLE('',#2137,860.);
#2137 = AXIS2_PLACEMENT_2D('',#2138,#2139);
#2138 = CARTESIAN_POINT('',(1.375E+03,-300.));
#2139 = DIRECTION('',(1.,-1.306144734853E-16));
#2140 = ( GEOMETRIC_REPRESENTATION_CONTEXT(2) 
PARAMETRIC_REPRESENTATION_CONTEXT() REPRESENTATION_CONTEXT('2D SPACE',''
  ) );
#2141 = PCURVE('',#2142,#2147);
#2142 = CYLINDRICAL_SURFACE('',#2143,860.);
#2143 = AXIS2_PLACEMENT_3D('',#2144,#2145,#2146);
#2144 = CARTESIAN_POINT('',(3.095246306254E-15,-630.0112115721,
    527.8435769983));
#2145 = DIRECTION('',(-2.106485876674E-35,1.54074395551E-33,-1.));
#2146 = DIRECTION('',(-1.,-1.306144734853E-16,2.106485876674E-35));
#2147 = DEFINITIONAL_REPRESENTATION('',(#2148),#2152);
#2148 = LINE('',#2149,#2150);
#2149 = CARTESIAN_POINT('',(0.,1.591615728103E-12));
#2150 = VECTOR('',#2151,1.);
#2151 = DIRECTION('',(1.,-1.447505775031E-13));
#2152 = ( GEOMETRIC_REPRESENTATION_CONTEXT(2) 
PARAMETRIC_REPRESENTATION_CONTEXT() REPRESENTATION_CONTEXT('2D SPACE',''
  ) );
#2153 = ORIENTED_EDGE('',*,*,#2154,.F.);
#2154 = EDGE_CURVE('',#2126,#2124,#2155,.T.);
#2155 = SURFACE_CURVE('',#2156,(#2160,#2167),.PCURVE_S1.);
#2156 = LINE('',#2157,#2158);
#2157 = CARTESIAN_POINT('',(257.5,-630.0112115721,527.8435769983));
#2158 = VECTOR('',#2159,1.);
#2159 = DIRECTION('',(1.,-5.704246186312E-16,-2.063497537503E-16));
#2160 = PCURVE('',#1784,#2161);
#2161 = DEFINITIONAL_REPRESENTATION('',(#2162),#2166);
#2162 = LINE('',#2163,#2164);
#2163 = CARTESIAN_POINT('',(1.1175E+03,-300.));
#2164 = VECTOR('',#2165,1.);
#2165 = DIRECTION('',(-1.,-5.704246186312E-16));
#2166 = ( GEOMETRIC_REPRESENTATION_CONTEXT(2) 
PARAMETRIC_REPRESENTATION_CONTEXT() REPRESENTATION_CONTEXT('2D SPACE',''
  ) );
#2167 = PCURVE('',#2168,#2173);
#2168 = PLANE('',#2169);
#2169 = AXIS2_PLACEMENT_3D('',#2170,#2171,#2172);
#2170 = CARTESIAN_POINT('',(-860.,-630.0112115721,527.8435769983));
#2171 = DIRECTION('',(5.704246186312E-16,1.,1.54074395551E-33));
#2172 = DIRECTION('',(1.,-5.704246186312E-16,-2.063497537503E-16));
#2173 = DEFINITIONAL_REPRESENTATION('',(#2174),#2178);
#2174 = LINE('',#2175,#2176);
#2175 = CARTESIAN_POINT('',(1.1175E+03,-2.30595849816E-13));
#2176 = VECTOR('',#2177,1.);
#2177 = DIRECTION('',(1.,0.));
#2178 = ( GEOMETRIC_REPRESENTATION_CONTEXT(2) 
PARAMETRIC_REPRESENTATION_CONTEXT() REPRESENTATION_CONTEXT('2D SPACE',''
  ) );
#2179 = FACE_BOUND('',#2180,.F.);
#2180 = EDGE_LOOP('',(#2181,#2204,#2227,#2250,#2271,#2292,#2315,#2336,
    #2357,#2380,#2403,#2424));
#2181 = ORIENTED_EDGE('',*,*,#2182,.F.);
#2182 = EDGE_CURVE('',#2183,#1770,#2185,.T.);
#2183 = VERTEX_POINT('',#2184);
#2184 = CARTESIAN_POINT('',(865.,-505.0112115721,527.8435769983));
#2185 = SURFACE_CURVE('',#2186,(#2190,#2197),.PCURVE_S1.);
#2186 = LINE('',#2187,#2188);
#2187 = CARTESIAN_POINT('',(865.,-417.5112115721,527.8435769983));
#2188 = VECTOR('',#2189,1.);
#2189 = DIRECTION('',(2.746701338763E-43,1.,1.54074395551E-33));
#2190 = PCURVE('',#1784,#2191);
#2191 = DEFINITIONAL_REPRESENTATION('',(#2192),#2196);
#2192 = LINE('',#2193,#2194);
#2193 = CARTESIAN_POINT('',(510.,-87.5));
#2194 = VECTOR('',#2195,1.);
#2195 = DIRECTION('',(0.,1.));
#2196 = ( GEOMETRIC_REPRESENTATION_CONTEXT(2) 
PARAMETRIC_REPRESENTATION_CONTEXT() REPRESENTATION_CONTEXT('2D SPACE',''
  ) );
#2197 = PCURVE('',#1285,#2198);
#2198 = DEFINITIONAL_REPRESENTATION('',(#2199),#2203);
#2199 = LINE('',#2200,#2201);
#2200 = CARTESIAN_POINT('',(87.5,52.156423001699));
#2201 = VECTOR('',#2202,1.);
#2202 = DIRECTION('',(1.,0.));
#2203 = ( GEOMETRIC_REPRESENTATION_CONTEXT(2) 
PARAMETRIC_REPRESENTATION_CONTEXT() REPRESENTATION_CONTEXT('2D SPACE',''
  ) );
#2204 = ORIENTED_EDGE('',*,*,#2205,.F.);
#2205 = EDGE_CURVE('',#2206,#2183,#2208,.T.);
#2206 = VERTEX_POINT('',#2207);
#2207 = CARTESIAN_POINT('',(915.,-505.0112115721,527.8435769983));
#2208 = SURFACE_CURVE('',#2209,(#2213,#2220),.PCURVE_S1.);
#2209 = LINE('',#2210,#2211);
#2210 = CARTESIAN_POINT('',(1.145E+03,-505.0112115721,527.8435769983));
#2211 = VECTOR('',#2212,1.);
#2212 = DIRECTION('',(-1.,2.746698159442E-43,2.063497537503E-16));
#2213 = PCURVE('',#1784,#2214);
#2214 = DEFINITIONAL_REPRESENTATION('',(#2215),#2219);
#2215 = LINE('',#2216,#2217);
#2216 = CARTESIAN_POINT('',(230.,-175.));
#2217 = VECTOR('',#2218,1.);
#2218 = DIRECTION('',(1.,0.));
#2219 = ( GEOMETRIC_REPRESENTATION_CONTEXT(2) 
PARAMETRIC_REPRESENTATION_CONTEXT() REPRESENTATION_CONTEXT('2D SPACE',''
  ) );
#2220 = PCURVE('',#1367,#2221);
#2221 = DEFINITIONAL_REPRESENTATION('',(#2222),#2226);
#2222 = LINE('',#2223,#2224);
#2223 = CARTESIAN_POINT('',(-230.,52.156423001699));
#2224 = VECTOR('',#2225,1.);
#2225 = DIRECTION('',(1.,-2.063497537503E-16));
#2226 = ( GEOMETRIC_REPRESENTATION_CONTEXT(2) 
PARAMETRIC_REPRESENTATION_CONTEXT() REPRESENTATION_CONTEXT('2D SPACE',''
  ) );
#2227 = ORIENTED_EDGE('',*,*,#2228,.F.);
#2228 = EDGE_CURVE('',#2229,#2206,#2231,.T.);
#2229 = VERTEX_POINT('',#2230);
#2230 = CARTESIAN_POINT('',(915.,-505.,527.8435769983));
#2231 = SURFACE_CURVE('',#2232,(#2236,#2243),.PCURVE_S1.);
#2232 = LINE('',#2233,#2234);
#2233 = CARTESIAN_POINT('',(915.,-362.5112115721,527.8435769983));
#2234 = VECTOR('',#2235,1.);
#2235 = DIRECTION('',(-2.746701338763E-43,-1.,-1.54074395551E-33));
#2236 = PCURVE('',#1784,#2237);
#2237 = DEFINITIONAL_REPRESENTATION('',(#2238),#2242);
#2238 = LINE('',#2239,#2240);
#2239 = CARTESIAN_POINT('',(460.,-32.5));
#2240 = VECTOR('',#2241,1.);
#2241 = DIRECTION('',(0.,-1.));
#2242 = ( GEOMETRIC_REPRESENTATION_CONTEXT(2) 
PARAMETRIC_REPRESENTATION_CONTEXT() REPRESENTATION_CONTEXT('2D SPACE',''
  ) );
#2243 = PCURVE('',#1341,#2244);
#2244 = DEFINITIONAL_REPRESENTATION('',(#2245),#2249);
#2245 = LINE('',#2246,#2247);
#2246 = CARTESIAN_POINT('',(-32.5,52.156423001699));
#2247 = VECTOR('',#2248,1.);
#2248 = DIRECTION('',(1.,0.));
#2249 = ( GEOMETRIC_REPRESENTATION_CONTEXT(2) 
PARAMETRIC_REPRESENTATION_CONTEXT() REPRESENTATION_CONTEXT('2D SPACE',''
  ) );
#2250 = ORIENTED_EDGE('',*,*,#2251,.T.);
#2251 = EDGE_CURVE('',#2229,#2252,#2254,.T.);
#2252 = VERTEX_POINT('',#2253);
#2253 = CARTESIAN_POINT('',(940.,-505.,527.8435769983));
#2254 = SURFACE_CURVE('',#2255,(#2259,#2265),.PCURVE_S1.);
#2255 = LINE('',#2256,#2257);
#2256 = CARTESIAN_POINT('',(217.5,-505.,527.8435769983));
#2257 = VECTOR('',#2258,1.);
#2258 = DIRECTION('',(1.,0.,-2.063497537503E-16));
#2259 = PCURVE('',#1784,#2260);
#2260 = DEFINITIONAL_REPRESENTATION('',(#2261),#2264);
#2261 = B_SPLINE_CURVE_WITH_KNOTS('',1,(#2262,#2263),.UNSPECIFIED.,.F.,
  .F.,(2,2),(-1.1575E+03,722.5),.PIECEWISE_BEZIER_KNOTS.);
#2262 = CARTESIAN_POINT('',(2.315E+03,-174.9887884278));
#2263 = CARTESIAN_POINT('',(435.,-174.9887884278));
#2264 = ( GEOMETRIC_REPRESENTATION_CONTEXT(2) 
PARAMETRIC_REPRESENTATION_CONTEXT() REPRESENTATION_CONTEXT('2D SPACE',''
  ) );
#2265 = PCURVE('',#1647,#2266);
#2266 = DEFINITIONAL_REPRESENTATION('',(#2267),#2270);
#2267 = B_SPLINE_CURVE_WITH_KNOTS('',1,(#2268,#2269),.UNSPECIFIED.,.F.,
  .F.,(2,2),(-1.1575E+03,722.5),.PIECEWISE_BEZIER_KNOTS.);
#2268 = CARTESIAN_POINT('',(373.8435769983,0.));
#2269 = CARTESIAN_POINT('',(373.8435769983,1.88E+03));
#2270 = ( GEOMETRIC_REPRESENTATION_CONTEXT(2) 
PARAMETRIC_REPRESENTATION_CONTEXT() REPRESENTATION_CONTEXT('2D SPACE',''
  ) );
#2271 = ORIENTED_EDGE('',*,*,#2272,.F.);
#2272 = EDGE_CURVE('',#2273,#2252,#2275,.T.);
#2273 = VERTEX_POINT('',#2274);
#2274 = CARTESIAN_POINT('',(940.,-395.,527.8435769983));
#2275 = SURFACE_CURVE('',#2276,(#2280,#2286),.PCURVE_S1.);
#2276 = LINE('',#2277,#2278);
#2277 = CARTESIAN_POINT('',(940.,-417.505605786,527.8435769983));
#2278 = VECTOR('',#2279,1.);
#2279 = DIRECTION('',(0.,-1.,-1.54074395551E-33));
#2280 = PCURVE('',#1784,#2281);
#2281 = DEFINITIONAL_REPRESENTATION('',(#2282),#2285);
#2282 = B_SPLINE_CURVE_WITH_KNOTS('',1,(#2283,#2284),.UNSPECIFIED.,.F.,
  .F.,(2,2),(-22.50560578608,87.494394213913),.PIECEWISE_BEZIER_KNOTS.);
#2283 = CARTESIAN_POINT('',(435.,-64.98878842782));
#2284 = CARTESIAN_POINT('',(435.,-174.9887884278));
#2285 = ( GEOMETRIC_REPRESENTATION_CONTEXT(2) 
PARAMETRIC_REPRESENTATION_CONTEXT() REPRESENTATION_CONTEXT('2D SPACE',''
  ) );
#2286 = PCURVE('',#1675,#2287);
#2287 = DEFINITIONAL_REPRESENTATION('',(#2288),#2291);
#2288 = B_SPLINE_CURVE_WITH_KNOTS('',1,(#2289,#2290),.UNSPECIFIED.,.F.,
  .F.,(2,2),(-22.50560578608,87.494394213913),.PIECEWISE_BEZIER_KNOTS.);
#2289 = CARTESIAN_POINT('',(373.8435769983,-110.));
#2290 = CARTESIAN_POINT('',(373.8435769983,0.));
#2291 = ( GEOMETRIC_REPRESENTATION_CONTEXT(2) 
PARAMETRIC_REPRESENTATION_CONTEXT() REPRESENTATION_CONTEXT('2D SPACE',''
  ) );
#2292 = ORIENTED_EDGE('',*,*,#2293,.F.);
#2293 = EDGE_CURVE('',#2294,#2273,#2296,.T.);
#2294 = VERTEX_POINT('',#2295);
#2295 = CARTESIAN_POINT('',(-940.,-395.,527.8435769983));
#2296 = SURFACE_CURVE('',#2297,(#2301,#2308),.PCURVE_S1.);
#2297 = LINE('',#2298,#2299);
#2298 = CARTESIAN_POINT('',(-940.,-395.,527.8435769983));
#2299 = VECTOR('',#2300,1.);
#2300 = DIRECTION('',(1.,0.,-1.81415166577E-16));
#2301 = PCURVE('',#1784,#2302);
#2302 = DEFINITIONAL_REPRESENTATION('',(#2303),#2307);
#2303 = LINE('',#2304,#2305);
#2304 = CARTESIAN_POINT('',(2.315E+03,-64.98878842782));
#2305 = VECTOR('',#2306,1.);
#2306 = DIRECTION('',(-1.,2.74669854362E-43));
#2307 = ( GEOMETRIC_REPRESENTATION_CONTEXT(2) 
PARAMETRIC_REPRESENTATION_CONTEXT() REPRESENTATION_CONTEXT('2D SPACE',''
  ) );
#2308 = PCURVE('',#1701,#2309);
#2309 = DEFINITIONAL_REPRESENTATION('',(#2310),#2314);
#2310 = LINE('',#2311,#2312);
#2311 = CARTESIAN_POINT('',(373.8435769983,0.));
#2312 = VECTOR('',#2313,1.);
#2313 = DIRECTION('',(-1.81415166577E-16,1.));
#2314 = ( GEOMETRIC_REPRESENTATION_CONTEXT(2) 
PARAMETRIC_REPRESENTATION_CONTEXT() REPRESENTATION_CONTEXT('2D SPACE',''
  ) );
#2315 = ORIENTED_EDGE('',*,*,#2316,.T.);
#2316 = EDGE_CURVE('',#2294,#2317,#2319,.T.);
#2317 = VERTEX_POINT('',#2318);
#2318 = CARTESIAN_POINT('',(-940.,-505.,527.8435769983));
#2319 = SURFACE_CURVE('',#2320,(#2324,#2330),.PCURVE_S1.);
#2320 = LINE('',#2321,#2322);
#2321 = CARTESIAN_POINT('',(-940.,-417.505605786,527.8435769983));
#2322 = VECTOR('',#2323,1.);
#2323 = DIRECTION('',(0.,-1.,-1.54074395551E-33));
#2324 = PCURVE('',#1784,#2325);
#2325 = DEFINITIONAL_REPRESENTATION('',(#2326),#2329);
#2326 = B_SPLINE_CURVE_WITH_KNOTS('',1,(#2327,#2328),.UNSPECIFIED.,.F.,
  .F.,(2,2),(-22.50560578608,87.494394213913),.PIECEWISE_BEZIER_KNOTS.);
#2327 = CARTESIAN_POINT('',(2.315E+03,-64.98878842782));
#2328 = CARTESIAN_POINT('',(2.315E+03,-174.9887884278));
#2329 = ( GEOMETRIC_REPRESENTATION_CONTEXT(2) 
PARAMETRIC_REPRESENTATION_CONTEXT() REPRESENTATION_CONTEXT('2D SPACE',''
  ) );
#2330 = PCURVE('',#1517,#2331);
#2331 = DEFINITIONAL_REPRESENTATION('',(#2332),#2335);
#2332 = B_SPLINE_CURVE_WITH_KNOTS('',1,(#2333,#2334),.UNSPECIFIED.,.F.,
  .F.,(2,2),(-22.50560578608,87.494394213913),.PIECEWISE_BEZIER_KNOTS.);
#2333 = CARTESIAN_POINT('',(373.8435769983,-110.));
#2334 = CARTESIAN_POINT('',(373.8435769983,0.));
#2335 = ( GEOMETRIC_REPRESENTATION_CONTEXT(2) 
PARAMETRIC_REPRESENTATION_CONTEXT() REPRESENTATION_CONTEXT('2D SPACE',''
  ) );
#2336 = ORIENTED_EDGE('',*,*,#2337,.T.);
#2337 = EDGE_CURVE('',#2317,#2338,#2340,.T.);
#2338 = VERTEX_POINT('',#2339);
#2339 = CARTESIAN_POINT('',(-915.,-505.,527.8435769983));
#2340 = SURFACE_CURVE('',#2341,(#2345,#2351),.PCURVE_S1.);
#2341 = LINE('',#2342,#2343);
#2342 = CARTESIAN_POINT('',(217.5,-505.,527.8435769983));
#2343 = VECTOR('',#2344,1.);
#2344 = DIRECTION('',(1.,0.,-2.063497537503E-16));
#2345 = PCURVE('',#1784,#2346);
#2346 = DEFINITIONAL_REPRESENTATION('',(#2347),#2350);
#2347 = B_SPLINE_CURVE_WITH_KNOTS('',1,(#2348,#2349),.UNSPECIFIED.,.F.,
  .F.,(2,2),(-1.1575E+03,722.5),.PIECEWISE_BEZIER_KNOTS.);
#2348 = CARTESIAN_POINT('',(2.315E+03,-174.9887884278));
#2349 = CARTESIAN_POINT('',(435.,-174.9887884278));
#2350 = ( GEOMETRIC_REPRESENTATION_CONTEXT(2) 
PARAMETRIC_REPRESENTATION_CONTEXT() REPRESENTATION_CONTEXT('2D SPACE',''
  ) );
#2351 = PCURVE('',#1545,#2352);
#2352 = DEFINITIONAL_REPRESENTATION('',(#2353),#2356);
#2353 = B_SPLINE_CURVE_WITH_KNOTS('',1,(#2354,#2355),.UNSPECIFIED.,.F.,
  .F.,(2,2),(-1.1575E+03,722.5),.PIECEWISE_BEZIER_KNOTS.);
#2354 = CARTESIAN_POINT('',(373.8435769983,0.));
#2355 = CARTESIAN_POINT('',(373.8435769983,1.88E+03));
#2356 = ( GEOMETRIC_REPRESENTATION_CONTEXT(2) 
PARAMETRIC_REPRESENTATION_CONTEXT() REPRESENTATION_CONTEXT('2D SPACE',''
  ) );
#2357 = ORIENTED_EDGE('',*,*,#2358,.F.);
#2358 = EDGE_CURVE('',#2359,#2338,#2361,.T.);
#2359 = VERTEX_POINT('',#2360);
#2360 = CARTESIAN_POINT('',(-915.,-505.0112115721,527.8435769983));
#2361 = SURFACE_CURVE('',#2362,(#2366,#2373),.PCURVE_S1.);
#2362 = LINE('',#2363,#2364);
#2363 = CARTESIAN_POINT('',(-915.,-417.5112115721,527.8435769983));
#2364 = VECTOR('',#2365,1.);
#2365 = DIRECTION('',(-1.2918958832E-15,1.,2.681231413249E-31));
#2366 = PCURVE('',#1784,#2367);
#2367 = DEFINITIONAL_REPRESENTATION('',(#2368),#2372);
#2368 = LINE('',#2369,#2370);
#2369 = CARTESIAN_POINT('',(2.29E+03,-87.5));
#2370 = VECTOR('',#2371,1.);
#2371 = DIRECTION('',(1.2918958832E-15,1.));
#2372 = ( GEOMETRIC_REPRESENTATION_CONTEXT(2) 
PARAMETRIC_REPRESENTATION_CONTEXT() REPRESENTATION_CONTEXT('2D SPACE',''
  ) );
#2373 = PCURVE('',#1171,#2374);
#2374 = DEFINITIONAL_REPRESENTATION('',(#2375),#2379);
#2375 = LINE('',#2376,#2377);
#2376 = CARTESIAN_POINT('',(87.499999999999,52.156423001698));
#2377 = VECTOR('',#2378,1.);
#2378 = DIRECTION('',(1.,-2.665823973694E-31));
#2379 = ( GEOMETRIC_REPRESENTATION_CONTEXT(2) 
PARAMETRIC_REPRESENTATION_CONTEXT() REPRESENTATION_CONTEXT('2D SPACE',''
  ) );
#2380 = ORIENTED_EDGE('',*,*,#2381,.F.);
#2381 = EDGE_CURVE('',#2382,#2359,#2384,.T.);
#2382 = VERTEX_POINT('',#2383);
#2383 = CARTESIAN_POINT('',(-865.,-505.0112115721,527.8435769983));
#2384 = SURFACE_CURVE('',#2385,(#2389,#2396),.PCURVE_S1.);
#2385 = LINE('',#2386,#2387);
#2386 = CARTESIAN_POINT('',(255.,-505.0112115721,527.8435769983));
#2387 = VECTOR('',#2388,1.);
#2388 = DIRECTION('',(-1.,2.746698159442E-43,2.063497537503E-16));
#2389 = PCURVE('',#1784,#2390);
#2390 = DEFINITIONAL_REPRESENTATION('',(#2391),#2395);
#2391 = LINE('',#2392,#2393);
#2392 = CARTESIAN_POINT('',(1.12E+03,-175.));
#2393 = VECTOR('',#2394,1.);
#2394 = DIRECTION('',(1.,0.));
#2395 = ( GEOMETRIC_REPRESENTATION_CONTEXT(2) 
PARAMETRIC_REPRESENTATION_CONTEXT() REPRESENTATION_CONTEXT('2D SPACE',''
  ) );
#2396 = PCURVE('',#1253,#2397);
#2397 = DEFINITIONAL_REPRESENTATION('',(#2398),#2402);
#2398 = LINE('',#2399,#2400);
#2399 = CARTESIAN_POINT('',(-1.12E+03,52.156423001698));
#2400 = VECTOR('',#2401,1.);
#2401 = DIRECTION('',(1.,-2.063497537503E-16));
#2402 = ( GEOMETRIC_REPRESENTATION_CONTEXT(2) 
PARAMETRIC_REPRESENTATION_CONTEXT() REPRESENTATION_CONTEXT('2D SPACE',''
  ) );
#2403 = ORIENTED_EDGE('',*,*,#2404,.F.);
#2404 = EDGE_CURVE('',#1747,#2382,#2405,.T.);
#2405 = SURFACE_CURVE('',#2406,(#2410,#2417),.PCURVE_S1.);
#2406 = LINE('',#2407,#2408);
#2407 = CARTESIAN_POINT('',(-865.,-362.5112115721,527.8435769983));
#2408 = VECTOR('',#2409,1.);
#2409 = DIRECTION('',(-2.746701338763E-43,-1.,-1.54074395551E-33));
#2410 = PCURVE('',#1784,#2411);
#2411 = DEFINITIONAL_REPRESENTATION('',(#2412),#2416);
#2412 = LINE('',#2413,#2414);
#2413 = CARTESIAN_POINT('',(2.24E+03,-32.5));
#2414 = VECTOR('',#2415,1.);
#2415 = DIRECTION('',(0.,-1.));
#2416 = ( GEOMETRIC_REPRESENTATION_CONTEXT(2) 
PARAMETRIC_REPRESENTATION_CONTEXT() REPRESENTATION_CONTEXT('2D SPACE',''
  ) );
#2417 = PCURVE('',#1227,#2418);
#2418 = DEFINITIONAL_REPRESENTATION('',(#2419),#2423);
#2419 = LINE('',#2420,#2421);
#2420 = CARTESIAN_POINT('',(-32.5,52.156423001698));
#2421 = VECTOR('',#2422,1.);
#2422 = DIRECTION('',(1.,0.));
#2423 = ( GEOMETRIC_REPRESENTATION_CONTEXT(2) 
PARAMETRIC_REPRESENTATION_CONTEXT() REPRESENTATION_CONTEXT('2D SPACE',''
  ) );
#2424 = ORIENTED_EDGE('',*,*,#1769,.T.);
#2425 = ADVANCED_FACE('',(#2426),#2168,.F.);
#2426 = FACE_BOUND('',#2427,.T.);
#2427 = EDGE_LOOP('',(#2428,#2429,#2452,#2480));
#2428 = ORIENTED_EDGE('',*,*,#2154,.F.);
#2429 = ORIENTED_EDGE('',*,*,#2430,.T.);
#2430 = EDGE_CURVE('',#2126,#2431,#2433,.T.);
#2431 = VERTEX_POINT('',#2432);
#2432 = CARTESIAN_POINT('',(-860.,-630.0112115721,507.8435769983));
#2433 = SURFACE_CURVE('',#2434,(#2438,#2445),.PCURVE_S1.);
#2434 = LINE('',#2435,#2436);
#2435 = CARTESIAN_POINT('',(-860.,-630.0112115721,527.8435769983));
#2436 = VECTOR('',#2437,1.);
#2437 = DIRECTION('',(-2.106485876674E-35,1.54074395551E-33,-1.));
#2438 = PCURVE('',#2168,#2439);
#2439 = DEFINITIONAL_REPRESENTATION('',(#2440),#2444);
#2440 = LINE('',#2441,#2442);
#2441 = CARTESIAN_POINT('',(0.,0.));
#2442 = VECTOR('',#2443,1.);
#2443 = DIRECTION('',(2.063497537503E-16,1.));
#2444 = ( GEOMETRIC_REPRESENTATION_CONTEXT(2) 
PARAMETRIC_REPRESENTATION_CONTEXT() REPRESENTATION_CONTEXT('2D SPACE',''
  ) );
#2445 = PCURVE('',#2142,#2446);
#2446 = DEFINITIONAL_REPRESENTATION('',(#2447),#2451);
#2447 = LINE('',#2448,#2449);
#2448 = CARTESIAN_POINT('',(6.28318530718,0.));
#2449 = VECTOR('',#2450,1.);
#2450 = DIRECTION('',(0.,1.));
#2451 = ( GEOMETRIC_REPRESENTATION_CONTEXT(2) 
PARAMETRIC_REPRESENTATION_CONTEXT() REPRESENTATION_CONTEXT('2D SPACE',''
  ) );
#2452 = ORIENTED_EDGE('',*,*,#2453,.T.);
#2453 = EDGE_CURVE('',#2431,#2454,#2456,.T.);
#2454 = VERTEX_POINT('',#2455);
#2455 = CARTESIAN_POINT('',(860.,-630.0112115721,507.8435769983));
#2456 = SURFACE_CURVE('',#2457,(#2461,#2468),.PCURVE_S1.);
#2457 = LINE('',#2458,#2459);
#2458 = CARTESIAN_POINT('',(860.,-630.0112115721,507.8435769983));
#2459 = VECTOR('',#2460,1.);
#2460 = DIRECTION('',(1.,-5.704246186312E-16,-2.063497537503E-16));
#2461 = PCURVE('',#2168,#2462);
#2462 = DEFINITIONAL_REPRESENTATION('',(#2463),#2467);
#2463 = LINE('',#2464,#2465);
#2464 = CARTESIAN_POINT('',(1.72E+03,20.000000000001));
#2465 = VECTOR('',#2466,1.);
#2466 = DIRECTION('',(1.,0.));
#2467 = ( GEOMETRIC_REPRESENTATION_CONTEXT(2) 
PARAMETRIC_REPRESENTATION_CONTEXT() REPRESENTATION_CONTEXT('2D SPACE',''
  ) );
#2468 = PCURVE('',#2469,#2474);
#2469 = PLANE('',#2470);
#2470 = AXIS2_PLACEMENT_3D('',#2471,#2472,#2473);
#2471 = CARTESIAN_POINT('',(1.069765293391E-32,-1.060011211572E+03,
    507.8435769983));
#2472 = DIRECTION('',(2.063497537503E-16,-1.54074395551E-33,1.));
#2473 = DIRECTION('',(1.,-2.746698159442E-43,-2.063497537503E-16));
#2474 = DEFINITIONAL_REPRESENTATION('',(#2475),#2479);
#2475 = LINE('',#2476,#2477);
#2476 = CARTESIAN_POINT('',(860.,429.99999999999));
#2477 = VECTOR('',#2478,1.);
#2478 = DIRECTION('',(1.,-5.704246186312E-16));
#2479 = ( GEOMETRIC_REPRESENTATION_CONTEXT(2) 
PARAMETRIC_REPRESENTATION_CONTEXT() REPRESENTATION_CONTEXT('2D SPACE',''
  ) );
#2480 = ORIENTED_EDGE('',*,*,#2481,.F.);
#2481 = EDGE_CURVE('',#2124,#2454,#2482,.T.);
#2482 = SURFACE_CURVE('',#2483,(#2487,#2494),.PCURVE_S1.);
#2483 = LINE('',#2484,#2485);
#2484 = CARTESIAN_POINT('',(860.,-630.0112115721,527.8435769983));
#2485 = VECTOR('',#2486,1.);
#2486 = DIRECTION('',(-2.106485876674E-35,1.54074395551E-33,-1.));
#2487 = PCURVE('',#2168,#2488);
#2488 = DEFINITIONAL_REPRESENTATION('',(#2489),#2493);
#2489 = LINE('',#2490,#2491);
#2490 = CARTESIAN_POINT('',(1.72E+03,5.545731253224E-13));
#2491 = VECTOR('',#2492,1.);
#2492 = DIRECTION('',(2.063497537503E-16,1.));
#2493 = ( GEOMETRIC_REPRESENTATION_CONTEXT(2) 
PARAMETRIC_REPRESENTATION_CONTEXT() REPRESENTATION_CONTEXT('2D SPACE',''
  ) );
#2494 = PCURVE('',#2142,#2495);
#2495 = DEFINITIONAL_REPRESENTATION('',(#2496),#2500);
#2496 = LINE('',#2497,#2498);
#2497 = CARTESIAN_POINT('',(3.14159265359,9.094947017729E-13));
#2498 = VECTOR('',#2499,1.);
#2499 = DIRECTION('',(0.,1.));
#2500 = ( GEOMETRIC_REPRESENTATION_CONTEXT(2) 
PARAMETRIC_REPRESENTATION_CONTEXT() REPRESENTATION_CONTEXT('2D SPACE',''
  ) );
#2501 = ADVANCED_FACE('',(#2502),#2469,.T.);
#2502 = FACE_BOUND('',#2503,.T.);
#2503 = EDGE_LOOP('',(#2504,#2505));
#2504 = ORIENTED_EDGE('',*,*,#2453,.F.);
#2505 = ORIENTED_EDGE('',*,*,#2506,.F.);
#2506 = EDGE_CURVE('',#2454,#2431,#2507,.T.);
#2507 = SURFACE_CURVE('',#2508,(#2513,#2524),.PCURVE_S1.);
#2508 = CIRCLE('',#2509,860.);
#2509 = AXIS2_PLACEMENT_3D('',#2510,#2511,#2512);
#2510 = CARTESIAN_POINT('',(3.095246306254E-15,-630.0112115721,
    507.8435769983));
#2511 = DIRECTION('',(-2.063497537503E-16,1.54074395551E-33,-1.));
#2512 = DIRECTION('',(-1.,-1.306144734853E-16,2.063497537503E-16));
#2513 = PCURVE('',#2469,#2514);
#2514 = DEFINITIONAL_REPRESENTATION('',(#2515),#2523);
#2515 = ( BOUNDED_CURVE() B_SPLINE_CURVE(2,(#2516,#2517,#2518,#2519,
#2520,#2521,#2522),.UNSPECIFIED.,.T.,.F.) B_SPLINE_CURVE_WITH_KNOTS((1,2
    ,2,2,2,1),(-2.094395102393,0.,2.094395102393,4.188790204786,
6.28318530718,8.377580409573),.UNSPECIFIED.) CURVE() 
GEOMETRIC_REPRESENTATION_ITEM() RATIONAL_B_SPLINE_CURVE((1.,0.5,1.,0.5,
1.,0.5,1.)) REPRESENTATION_ITEM('') );
#2516 = CARTESIAN_POINT('',(-860.,429.99999999999));
#2517 = CARTESIAN_POINT('',(-860.,1.919563694509E+03));
#2518 = CARTESIAN_POINT('',(430.,1.174781847255E+03));
#2519 = CARTESIAN_POINT('',(1.72E+03,429.99999999999));
#2520 = CARTESIAN_POINT('',(430.,-314.7818472546));
#2521 = CARTESIAN_POINT('',(-859.9999999999,-1.059563694509E+03));
#2522 = CARTESIAN_POINT('',(-860.,429.99999999999));
#2523 = ( GEOMETRIC_REPRESENTATION_CONTEXT(2) 
PARAMETRIC_REPRESENTATION_CONTEXT() REPRESENTATION_CONTEXT('2D SPACE',''
  ) );
#2524 = PCURVE('',#2142,#2525);
#2525 = DEFINITIONAL_REPRESENTATION('',(#2526),#2530);
#2526 = LINE('',#2527,#2528);
#2527 = CARTESIAN_POINT('',(0.,20.));
#2528 = VECTOR('',#2529,1.);
#2529 = DIRECTION('',(1.,-1.085629331273E-13));
#2530 = ( GEOMETRIC_REPRESENTATION_CONTEXT(2) 
PARAMETRIC_REPRESENTATION_CONTEXT() REPRESENTATION_CONTEXT('2D SPACE',''
  ) );
#2531 = ADVANCED_FACE('',(#2532),#2142,.F.);
#2532 = FACE_BOUND('',#2533,.F.);
#2533 = EDGE_LOOP('',(#2534,#2535,#2536,#2537));
#2534 = ORIENTED_EDGE('',*,*,#2430,.T.);
#2535 = ORIENTED_EDGE('',*,*,#2506,.F.);
#2536 = ORIENTED_EDGE('',*,*,#2481,.F.);
#2537 = ORIENTED_EDGE('',*,*,#2123,.T.);
#2538 = ADVANCED_FACE('',(#2539),#2109,.T.);
#2539 = FACE_BOUND('',#2540,.T.);
#2540 = EDGE_LOOP('',(#2541,#2635,#2658,#2680));
#2541 = ORIENTED_EDGE('',*,*,#2542,.F.);
#2542 = EDGE_CURVE('',#2543,#1820,#2545,.T.);
#2543 = VERTEX_POINT('',#2544);
#2544 = CARTESIAN_POINT('',(-1.375E+03,-345.0112115721,512.8435769983));
#2545 = SURFACE_CURVE('',#2546,(#2551,#2580),.PCURVE_S1.);
#2546 = ELLIPSE('',#2547,15.811388300842,15.);
#2547 = AXIS2_PLACEMENT_3D('',#2548,#2549,#2550);
#2548 = CARTESIAN_POINT('',(-1.36E+03,-345.0112115721,512.8435769983));
#2549 = DIRECTION('',(-6.66129296869E-36,0.948683298051,-0.316227766017)
  );
#2550 = DIRECTION('',(1.998387977465E-35,0.316227766017,0.948683298051)
  );
#2551 = PCURVE('',#2109,#2552);
#2552 = DEFINITIONAL_REPRESENTATION('',(#2553),#2579);
#2553 = B_SPLINE_CURVE_WITH_KNOTS('',3,(#2554,#2555,#2556,#2557,#2558,
    #2559,#2560,#2561,#2562,#2563,#2564,#2565,#2566,#2567,#2568,#2569,
    #2570,#2571,#2572,#2573,#2574,#2575,#2576,#2577,#2578),
  .UNSPECIFIED.,.F.,.F.,(4,1,1,1,1,1,1,1,1,1,1,1,1,1,1,1,1,1,1,1,1,1,4),
  (4.712388980385,4.783788813421,4.855188646457,4.926588479493,
    4.997988312529,5.069388145565,5.140787978601,5.212187811638,
    5.283587644674,5.35498747771,5.426387310746,5.497787143782,
    5.569186976818,5.640586809854,5.711986642891,5.783386475927,
    5.854786308963,5.926186141999,5.997585975035,6.068985808071,
    6.140385641107,6.211785474143,6.28318530718),.QUASI_UNIFORM_KNOTS.);
#2554 = CARTESIAN_POINT('',(-0.785398163397,-240.));
#2555 = CARTESIAN_POINT('',(-0.761598219052,-239.8809993521));
#2556 = CARTESIAN_POINT('',(-0.713998330361,-239.6430013241));
#2557 = CARTESIAN_POINT('',(-0.642598497325,-239.2878208411));
#2558 = CARTESIAN_POINT('',(-0.571198664289,-238.936270163));
#2559 = CARTESIAN_POINT('',(-0.499798831253,-238.5901398199));
#2560 = CARTESIAN_POINT('',(-0.428398998217,-238.2511938517));
#2561 = CARTESIAN_POINT('',(-0.356999165181,-237.9211593851));
#2562 = CARTESIAN_POINT('',(-0.285599332145,-237.6017182175));
#2563 = CARTESIAN_POINT('',(-0.214199499108,-237.2944981431));
#2564 = CARTESIAN_POINT('',(-0.142799666072,-237.0010646862));
#2565 = CARTESIAN_POINT('',(-7.139983303614E-02,-236.7229131163));
#2566 = CARTESIAN_POINT('',(1.929923316599E-15,-236.4614608299));
#2567 = CARTESIAN_POINT('',(7.139983303613E-02,-236.218040128));
#2568 = CARTESIAN_POINT('',(0.142799666072,-235.993891427));
#2569 = CARTESIAN_POINT('',(0.214199499108,-235.7901569361));
#2570 = CARTESIAN_POINT('',(0.285599332145,-235.6078748435));
#2571 = CARTESIAN_POINT('',(0.356999165181,-235.4479740028));
#2572 = CARTESIAN_POINT('',(0.428398998217,-235.3112692846));
#2573 = CARTESIAN_POINT('',(0.499798831253,-235.1984571087));
#2574 = CARTESIAN_POINT('',(0.571198664289,-235.1101130719));
#2575 = CARTESIAN_POINT('',(0.642598497325,-235.0466846242));
#2576 = CARTESIAN_POINT('',(0.713998330361,-235.0085051747));
#2577 = CARTESIAN_POINT('',(0.761598219052,-234.9999892172));
#2578 = CARTESIAN_POINT('',(0.785398163397,-235.));
#2579 = ( GEOMETRIC_REPRESENTATION_CONTEXT(2) 
PARAMETRIC_REPRESENTATION_CONTEXT() REPRESENTATION_CONTEXT('2D SPACE',''
  ) );
#2580 = PCURVE('',#2581,#2630);
#2581 = B_SPLINE_SURFACE_WITH_KNOTS('',3,3,(
    (#2582,#2583,#2584,#2585,#2586,#2587,#2588,#2589)
    ,(#2590,#2591,#2592,#2593,#2594,#2595,#2596,#2597)
    ,(#2598,#2599,#2600,#2601,#2602,#2603,#2604,#2605)
    ,(#2606,#2607,#2608,#2609,#2610,#2611,#2612,#2613)
    ,(#2614,#2615,#2616,#2617,#2618,#2619,#2620,#2621)
    ,(#2622,#2623,#2624,#2625,#2626,#2627,#2628,#2629
  )),.UNSPECIFIED.,.F.,.F.,.F.,(4,1,1,4),(4,1,1,1,1,4),(0.,
    0.285714285714,0.571428571429,1.),(-1.570796326795,-1.121997376282,
    -0.897597901026,-0.448798950513,-0.224399475256,0.),.UNSPECIFIED.);
#2582 = CARTESIAN_POINT('',(-1.375E+03,-345.0112115721,512.8435769983));
#2583 = CARTESIAN_POINT('',(-1.375E+03,-344.2632133213,515.08757175086)
  );
#2584 = CARTESIAN_POINT('',(-1.374227996986E+03,-343.1426390925,
    518.44929443726));
#2585 = CARTESIAN_POINT('',(-1.371224930558E+03,-341.548436247,
    523.23190297362));
#2586 = CARTESIAN_POINT('',(-1.367630157654E+03,-340.5920326175,
    526.10111386205));
#2587 = CARTESIAN_POINT('',(-1.363364507117E+03,-340.0959309931,
    527.58941873536));
#2588 = CARTESIAN_POINT('',(-1.361121997376E+03,-340.0112115721,
    527.8435769983));
#2589 = CARTESIAN_POINT('',(-1.36E+03,-340.0112115721,527.8435769983));
#2590 = CARTESIAN_POINT('',(-1.375E+03,-345.0112115721,512.8435769983));
#2591 = CARTESIAN_POINT('',(-1.375E+03,-344.120737464,514.94509589356));
#2592 = CARTESIAN_POINT('',(-1.374335395684E+03,-342.78452229,
    518.09851669648));
#2593 = CARTESIAN_POINT('',(-1.371624452546E+03,-340.7877124756,
    522.76894245094));
#2594 = CARTESIAN_POINT('',(-1.368193396954E+03,-339.4539207178,
    525.80631833393));
#2595 = CARTESIAN_POINT('',(-1.363699044583E+03,-338.6583654928,
    527.53785493202));
#2596 = CARTESIAN_POINT('',(-1.361234089796E+03,-338.5152150704,
    527.8435769983));
#2597 = CARTESIAN_POINT('',(-1.36E+03,-338.5152150704,527.8435769983));
#2598 = CARTESIAN_POINT('',(-1.375E+03,-345.0112115721,512.8435769983));
#2599 = CARTESIAN_POINT('',(-1.375E+03,-343.8357857494,514.66014417894)
  );
#2600 = CARTESIAN_POINT('',(-1.374488132659E+03,-342.0687521962,
    517.39245740045));
#2601 = CARTESIAN_POINT('',(-1.372207691789E+03,-339.2671534908,
    521.68085505863));
#2602 = CARTESIAN_POINT('',(-1.369042431668E+03,-337.1810311666,
    524.79398094593));
#2603 = CARTESIAN_POINT('',(-1.364213479207E+03,-335.7896277633,
    526.79152601029));
#2604 = CARTESIAN_POINT('',(-1.361406406448E+03,-335.5305128818,
    527.15864581453));
#2605 = CARTESIAN_POINT('',(-1.36E+03,-335.5305128818,527.15864581453));
#2606 = CARTESIAN_POINT('',(-1.375E+03,-345.0112115721,512.8435769983));
#2607 = CARTESIAN_POINT('',(-1.375E+03,-343.3371202488,514.16147867837)
  );
#2608 = CARTESIAN_POINT('',(-1.374541399368E+03,-340.817023888,
    516.14589968358));
#2609 = CARTESIAN_POINT('',(-1.372415777921E+03,-336.7802720568,
    519.34990088996));
#2610 = CARTESIAN_POINT('',(-1.36935356682E+03,-333.7358814112,
    521.81200330323));
#2611 = CARTESIAN_POINT('',(-1.36440502819E+03,-331.7026397534,
    523.49695780281));
#2612 = CARTESIAN_POINT('',(-1.36147054167E+03,-331.3238508675,
    523.81382707455));
#2613 = CARTESIAN_POINT('',(-1.36E+03,-331.3238508675,523.81382707455));
#2614 = CARTESIAN_POINT('',(-1.375E+03,-345.0112115721,512.8435769983));
#2615 = CARTESIAN_POINT('',(-1.375E+03,-342.9809306055,513.80528903511)
  );
#2616 = CARTESIAN_POINT('',(-1.374389014589E+03,-339.934479827,
    515.24893116903));
#2617 = CARTESIAN_POINT('',(-1.371824865709E+03,-335.3201582137,
    517.44699536133));
#2618 = CARTESIAN_POINT('',(-1.368477473978E+03,-332.199094932,
    518.96929166276));
#2619 = CARTESIAN_POINT('',(-1.36386833476E+03,-330.3423047559,
    519.91520708073));
#2620 = CARTESIAN_POINT('',(-1.361290828175E+03,-330.0112115721,
    520.08757175086));
#2621 = CARTESIAN_POINT('',(-1.36E+03,-330.0112115721,520.08757175086));
#2622 = CARTESIAN_POINT('',(-1.375E+03,-345.0112115721,512.8435769983));
#2623 = CARTESIAN_POINT('',(-1.375E+03,-342.7672168196,513.59157524915)
  );
#2624 = CARTESIAN_POINT('',(-1.374227996986E+03,-339.4054941332,
    514.71214947795));
#2625 = CARTESIAN_POINT('',(-1.371224930558E+03,-334.6228855968,
    516.3063523234));
#2626 = CARTESIAN_POINT('',(-1.367630157654E+03,-331.7536747084,
    517.26275595288));
#2627 = CARTESIAN_POINT('',(-1.363364507117E+03,-330.2653698351,
    517.75885757732));
#2628 = CARTESIAN_POINT('',(-1.361121997376E+03,-330.0112115721,
    517.8435769983));
#2629 = CARTESIAN_POINT('',(-1.36E+03,-330.0112115721,517.8435769983));
#2630 = DEFINITIONAL_REPRESENTATION('',(#2631),#2634);
#2631 = B_SPLINE_CURVE_WITH_KNOTS('',1,(#2632,#2633),.UNSPECIFIED.,.F.,
  .F.,(2,2),(4.712388980385,6.28318530718),.PIECEWISE_BEZIER_KNOTS.);
#2632 = CARTESIAN_POINT('',(1.136363636364E-04,-1.570796326795));
#2633 = CARTESIAN_POINT('',(0.,5.785921041131E-15));
#2634 = ( GEOMETRIC_REPRESENTATION_CONTEXT(2) 
PARAMETRIC_REPRESENTATION_CONTEXT() REPRESENTATION_CONTEXT('2D SPACE',''
  ) );
#2635 = ORIENTED_EDGE('',*,*,#2636,.T.);
#2636 = EDGE_CURVE('',#2543,#2637,#2639,.T.);
#2637 = VERTEX_POINT('',#2638);
#2638 = CARTESIAN_POINT('',(-1.375E+03,-630.0112115721,512.8435769983));
#2639 = SURFACE_CURVE('',#2640,(#2644,#2651),.PCURVE_S1.);
#2640 = LINE('',#2641,#2642);
#2641 = CARTESIAN_POINT('',(-1.375E+03,-105.0112115721,512.8435769983));
#2642 = VECTOR('',#2643,1.);
#2643 = DIRECTION('',(-2.746701338763E-43,-1.,-1.54074395551E-33));
#2644 = PCURVE('',#2109,#2645);
#2645 = DEFINITIONAL_REPRESENTATION('',(#2646),#2650);
#2646 = LINE('',#2647,#2648);
#2647 = CARTESIAN_POINT('',(-0.785398163397,0.));
#2648 = VECTOR('',#2649,1.);
#2649 = DIRECTION('',(0.,-1.));
#2650 = ( GEOMETRIC_REPRESENTATION_CONTEXT(2) 
PARAMETRIC_REPRESENTATION_CONTEXT() REPRESENTATION_CONTEXT('2D SPACE',''
  ) );
#2651 = PCURVE('',#1059,#2652);
#2652 = DEFINITIONAL_REPRESENTATION('',(#2653),#2657);
#2653 = LINE('',#2654,#2655);
#2654 = CARTESIAN_POINT('',(225.,512.8435769983));
#2655 = VECTOR('',#2656,1.);
#2656 = DIRECTION('',(1.,0.));
#2657 = ( GEOMETRIC_REPRESENTATION_CONTEXT(2) 
PARAMETRIC_REPRESENTATION_CONTEXT() REPRESENTATION_CONTEXT('2D SPACE',''
  ) );
#2658 = ORIENTED_EDGE('',*,*,#2659,.F.);
#2659 = EDGE_CURVE('',#2067,#2637,#2660,.T.);
#2660 = SURFACE_CURVE('',#2661,(#2666,#2673),.PCURVE_S1.);
#2661 = CIRCLE('',#2662,15.);
#2662 = AXIS2_PLACEMENT_3D('',#2663,#2664,#2665);
#2663 = CARTESIAN_POINT('',(-1.36E+03,-630.0112115721,512.8435769983));
#2664 = DIRECTION('',(-2.746701338763E-43,-1.,-1.54074395551E-33));
#2665 = DIRECTION('',(2.106485876674E-35,-1.54074395551E-33,1.));
#2666 = PCURVE('',#2109,#2667);
#2667 = DEFINITIONAL_REPRESENTATION('',(#2668),#2672);
#2668 = LINE('',#2669,#2670);
#2669 = CARTESIAN_POINT('',(0.785398163397,-525.));
#2670 = VECTOR('',#2671,1.);
#2671 = DIRECTION('',(-1.,0.));
#2672 = ( GEOMETRIC_REPRESENTATION_CONTEXT(2) 
PARAMETRIC_REPRESENTATION_CONTEXT() REPRESENTATION_CONTEXT('2D SPACE',''
  ) );
#2673 = PCURVE('',#2083,#2674);
#2674 = DEFINITIONAL_REPRESENTATION('',(#2675),#2679);
#2675 = LINE('',#2676,#2677);
#2676 = CARTESIAN_POINT('',(6.28318530718,4.712388980385));
#2677 = VECTOR('',#2678,1.);
#2678 = DIRECTION('',(0.,1.));
#2679 = ( GEOMETRIC_REPRESENTATION_CONTEXT(2) 
PARAMETRIC_REPRESENTATION_CONTEXT() REPRESENTATION_CONTEXT('2D SPACE',''
  ) );
#2680 = ORIENTED_EDGE('',*,*,#2095,.T.);
#2681 = ADVANCED_FACE('',(#2682),#2581,.F.);
#2682 = FACE_BOUND('',#2683,.F.);
#2683 = EDGE_LOOP('',(#2684,#2685,#2758));
#2684 = ORIENTED_EDGE('',*,*,#2542,.F.);
#2685 = ORIENTED_EDGE('',*,*,#2686,.F.);
#2686 = EDGE_CURVE('',#2687,#2543,#2689,.T.);
#2687 = VERTEX_POINT('',#2688);
#2688 = CARTESIAN_POINT('',(-1.36E+03,-330.0112115721,517.8435769983));
#2689 = SURFACE_CURVE('',#2690,(#2695,#2724),.PCURVE_S1.);
#2690 = ELLIPSE('',#2691,15.811388300842,15.);
#2691 = AXIS2_PLACEMENT_3D('',#2692,#2693,#2694);
#2692 = CARTESIAN_POINT('',(-1.36E+03,-345.0112115721,512.8435769983));
#2693 = DIRECTION('',(1.998387960094E-35,-0.316227766017,0.948683298051)
  );
#2694 = DIRECTION('',(6.66129348984E-36,0.948683298051,0.316227766017));
#2695 = PCURVE('',#2581,#2696);
#2696 = DEFINITIONAL_REPRESENTATION('',(#2697),#2723);
#2697 = B_SPLINE_CURVE_WITH_KNOTS('',3,(#2698,#2699,#2700,#2701,#2702,
    #2703,#2704,#2705,#2706,#2707,#2708,#2709,#2710,#2711,#2712,#2713,
    #2714,#2715,#2716,#2717,#2718,#2719,#2720,#2721,#2722),
  .UNSPECIFIED.,.F.,.F.,(4,1,1,1,1,1,1,1,1,1,1,1,1,1,1,1,1,1,1,1,1,1,4),
  (0.,7.139983303613E-02,0.142799666072,0.214199499108,0.285599332145,
    0.356999165181,0.428398998217,0.499798831253,0.571198664289,
    0.642598497325,0.713998330361,0.785398163397,0.856797996434,
    0.92819782947,0.999597662506,1.070997495542,1.142397328578,
    1.213797161614,1.28519699465,1.356596827687,1.427996660723,
    1.499396493759,1.570796326795),.QUASI_UNIFORM_KNOTS.);
#2698 = CARTESIAN_POINT('',(1.,0.));
#2699 = CARTESIAN_POINT('',(0.999999446623,-2.380080031952E-02));
#2700 = CARTESIAN_POINT('',(0.999995319153,-7.140895114566E-02));
#2701 = CARTESIAN_POINT('',(0.999986287176,-0.142827447657));
#2702 = CARTESIAN_POINT('',(0.999983466298,-0.214237972372));
#2703 = CARTESIAN_POINT('',(0.999986001654,-0.285629299452));
#2704 = CARTESIAN_POINT('',(0.999994433234,-0.357017865838));
#2705 = CARTESIAN_POINT('',(1.000002159514,-0.428419402262));
#2706 = CARTESIAN_POINT('',(0.999984982454,-0.499829093527));
#2707 = CARTESIAN_POINT('',(0.999953945028,-0.571228439544));
#2708 = CARTESIAN_POINT('',(0.999930661568,-0.642618818684));
#2709 = CARTESIAN_POINT('',(0.99992501974,-0.714009810823));
#2710 = CARTESIAN_POINT('',(0.999938440533,-0.785410233412));
#2711 = CARTESIAN_POINT('',(0.99996350725,-0.856822265178));
#2712 = CARTESIAN_POINT('',(0.999978183664,-0.928229487886));
#2713 = CARTESIAN_POINT('',(0.999974768076,-0.999616954369));
#2714 = CARTESIAN_POINT('',(0.999968196414,-1.070998685285));
#2715 = CARTESIAN_POINT('',(0.999953652869,-1.142384745518));
#2716 = CARTESIAN_POINT('',(0.999928412281,-1.213775340291));
#2717 = CARTESIAN_POINT('',(0.999913582543,-1.285166999654));
#2718 = CARTESIAN_POINT('',(0.999918903035,-1.356564502513));
#2719 = CARTESIAN_POINT('',(0.99994376929,-1.427971472443));
#2720 = CARTESIAN_POINT('',(0.999986796997,-1.499387884674));
#2721 = CARTESIAN_POINT('',(0.999991175925,-1.546995276982));
#2722 = CARTESIAN_POINT('',(0.999980720445,-1.570796326795));
#2723 = ( GEOMETRIC_REPRESENTATION_CONTEXT(2) 
PARAMETRIC_REPRESENTATION_CONTEXT() REPRESENTATION_CONTEXT('2D SPACE',''
  ) );
#2724 = PCURVE('',#2725,#2730);
#2725 = CYLINDRICAL_SURFACE('',#2726,15.);
#2726 = AXIS2_PLACEMENT_3D('',#2727,#2728,#2729);
#2727 = CARTESIAN_POINT('',(-1.36E+03,-345.0112115721,270.75366043045));
#2728 = DIRECTION('',(-2.106485876674E-35,2.679774884735E-29,-1.));
#2729 = DIRECTION('',(-0.707106781187,0.707106781187,1.89488848256E-29)
  );
#2730 = DEFINITIONAL_REPRESENTATION('',(#2731),#2757);
#2731 = B_SPLINE_CURVE_WITH_KNOTS('',3,(#2732,#2733,#2734,#2735,#2736,
    #2737,#2738,#2739,#2740,#2741,#2742,#2743,#2744,#2745,#2746,#2747,
    #2748,#2749,#2750,#2751,#2752,#2753,#2754,#2755,#2756),
  .UNSPECIFIED.,.F.,.F.,(4,1,1,1,1,1,1,1,1,1,1,1,1,1,1,1,1,1,1,1,1,1,4),
  (0.,7.139983303613E-02,0.142799666072,0.214199499108,0.285599332145,
    0.356999165181,0.428398998217,0.499798831253,0.571198664289,
    0.642598497325,0.713998330361,0.785398163397,0.856797996434,
    0.92819782947,0.999597662506,1.070997495542,1.142397328578,
    1.213797161614,1.28519699465,1.356596827687,1.427996660723,
    1.499396493759,1.570796326795),.QUASI_UNIFORM_KNOTS.);
#2732 = CARTESIAN_POINT('',(7.068583470577,-247.0899165678));
#2733 = CARTESIAN_POINT('',(7.044783526232,-247.0899273506));
#2734 = CARTESIAN_POINT('',(6.997183637541,-247.081411393));
#2735 = CARTESIAN_POINT('',(6.925783804505,-247.0432319436));
#2736 = CARTESIAN_POINT('',(6.854383971469,-246.9798034958));
#2737 = CARTESIAN_POINT('',(6.782984138433,-246.8914594591));
#2738 = CARTESIAN_POINT('',(6.711584305396,-246.7786472832));
#2739 = CARTESIAN_POINT('',(6.64018447236,-246.641942565));
#2740 = CARTESIAN_POINT('',(6.568784639324,-246.4820417243));
#2741 = CARTESIAN_POINT('',(6.497384806288,-246.2997596317));
#2742 = CARTESIAN_POINT('',(6.425984973252,-246.0960251408));
#2743 = CARTESIAN_POINT('',(6.354585140216,-245.8718764397));
#2744 = CARTESIAN_POINT('',(6.28318530718,-245.6284557378));
#2745 = CARTESIAN_POINT('',(6.211785474143,-245.3670034515));
#2746 = CARTESIAN_POINT('',(6.140385641107,-245.0888518815));
#2747 = CARTESIAN_POINT('',(6.068985808071,-244.7954184247));
#2748 = CARTESIAN_POINT('',(5.997585975035,-244.4881983503));
#2749 = CARTESIAN_POINT('',(5.926186141999,-244.1687571826));
#2750 = CARTESIAN_POINT('',(5.854786308963,-243.8387227161));
#2751 = CARTESIAN_POINT('',(5.783386475927,-243.4997767478));
#2752 = CARTESIAN_POINT('',(5.711986642891,-243.1536464047));
#2753 = CARTESIAN_POINT('',(5.640586809854,-242.8020957267));
#2754 = CARTESIAN_POINT('',(5.569186976818,-242.4469152436));
#2755 = CARTESIAN_POINT('',(5.521587088128,-242.2089172156));
#2756 = CARTESIAN_POINT('',(5.497787143782,-242.0899165678));
#2757 = ( GEOMETRIC_REPRESENTATION_CONTEXT(2) 
PARAMETRIC_REPRESENTATION_CONTEXT() REPRESENTATION_CONTEXT('2D SPACE',''
  ) );
#2758 = ORIENTED_EDGE('',*,*,#2759,.F.);
#2759 = EDGE_CURVE('',#1820,#2687,#2760,.T.);
#2760 = SURFACE_CURVE('',#2761,(#2766,#2772),.PCURVE_S1.);
#2761 = CIRCLE('',#2762,10.);
#2762 = AXIS2_PLACEMENT_3D('',#2763,#2764,#2765);
#2763 = CARTESIAN_POINT('',(-1.36E+03,-340.0112115721,517.8435769983));
#2764 = DIRECTION('',(-1.,2.746701338763E-43,2.106485876674E-35));
#2765 = DIRECTION('',(2.106485876674E-35,-1.54074395551E-33,1.));
#2766 = PCURVE('',#2581,#2767);
#2767 = DEFINITIONAL_REPRESENTATION('',(#2768),#2771);
#2768 = B_SPLINE_CURVE_WITH_KNOTS('',1,(#2769,#2770),.UNSPECIFIED.,.F.,
  .F.,(2,2),(0.,1.570796326795),.PIECEWISE_BEZIER_KNOTS.);
#2769 = CARTESIAN_POINT('',(0.,5.785921041131E-15));
#2770 = CARTESIAN_POINT('',(1.,0.));
#2771 = ( GEOMETRIC_REPRESENTATION_CONTEXT(2) 
PARAMETRIC_REPRESENTATION_CONTEXT() REPRESENTATION_CONTEXT('2D SPACE',''
  ) );
#2772 = PCURVE('',#1837,#2773);
#2773 = DEFINITIONAL_REPRESENTATION('',(#2774),#2778);
#2774 = LINE('',#2775,#2776);
#2775 = CARTESIAN_POINT('',(7.068583470577,-2.042352979864E+03));
#2776 = VECTOR('',#2777,1.);
#2777 = DIRECTION('',(-1.,0.));
#2778 = ( GEOMETRIC_REPRESENTATION_CONTEXT(2) 
PARAMETRIC_REPRESENTATION_CONTEXT() REPRESENTATION_CONTEXT('2D SPACE',''
  ) );
#2779 = ADVANCED_FACE('',(#2780),#2725,.T.);
#2780 = FACE_BOUND('',#2781,.T.);
#2781 = EDGE_LOOP('',(#2782,#2783,#2811,#3097));
#2782 = ORIENTED_EDGE('',*,*,#2686,.F.);
#2783 = ORIENTED_EDGE('',*,*,#2784,.T.);
#2784 = EDGE_CURVE('',#2687,#2785,#2787,.T.);
#2785 = VERTEX_POINT('',#2786);
#2786 = CARTESIAN_POINT('',(-1.36E+03,-330.0112115721,495.88494137034));
#2787 = SURFACE_CURVE('',#2788,(#2792,#2799),.PCURVE_S1.);
#2788 = LINE('',#2789,#2790);
#2789 = CARTESIAN_POINT('',(-1.36E+03,-330.0112115721,270.75366043045));
#2790 = VECTOR('',#2791,1.);
#2791 = DIRECTION('',(-2.106485876674E-35,2.679774884735E-29,-1.));
#2792 = PCURVE('',#2725,#2793);
#2793 = DEFINITIONAL_REPRESENTATION('',(#2794),#2798);
#2794 = LINE('',#2795,#2796);
#2795 = CARTESIAN_POINT('',(7.068583470577,0.));
#2796 = VECTOR('',#2797,1.);
#2797 = DIRECTION('',(0.,1.));
#2798 = ( GEOMETRIC_REPRESENTATION_CONTEXT(2) 
PARAMETRIC_REPRESENTATION_CONTEXT() REPRESENTATION_CONTEXT('2D SPACE',''
  ) );
#2799 = PCURVE('',#2800,#2805);
#2800 = PLANE('',#2801);
#2801 = AXIS2_PLACEMENT_3D('',#2802,#2803,#2804);
#2802 = CARTESIAN_POINT('',(-10.29404027168,-330.0112115721,
    541.50732086091));
#2803 = DIRECTION('',(-4.150668069688E-31,1.,2.679774884735E-29));
#2804 = DIRECTION('',(2.106485876674E-35,-2.679774884735E-29,1.));
#2805 = DEFINITIONAL_REPRESENTATION('',(#2806),#2810);
#2806 = LINE('',#2807,#2808);
#2807 = CARTESIAN_POINT('',(-270.7536604304,-1.349705959728E+03));
#2808 = VECTOR('',#2809,1.);
#2809 = DIRECTION('',(-1.,0.));
#2810 = ( GEOMETRIC_REPRESENTATION_CONTEXT(2) 
PARAMETRIC_REPRESENTATION_CONTEXT() REPRESENTATION_CONTEXT('2D SPACE',''
  ) );
#2811 = ORIENTED_EDGE('',*,*,#2812,.F.);
#2812 = EDGE_CURVE('',#2813,#2785,#2815,.T.);
#2813 = VERTEX_POINT('',#2814);
#2814 = CARTESIAN_POINT('',(-1.375E+03,-345.0112115721,471.46504634729)
  );
#2815 = SURFACE_CURVE('',#2816,(#2836,#2909),.PCURVE_S1.);
#2816 = B_SPLINE_CURVE_WITH_KNOTS('',3,(#2817,#2818,#2819,#2820,#2821,
    #2822,#2823,#2824,#2825,#2826,#2827,#2828,#2829,#2830,#2831,#2832,
    #2833,#2834,#2835),.UNSPECIFIED.,.F.,.F.,(4,2,1,1,1,1,1,1,1,1,1,1,1,
    1,1,4),(-4.721578635837,-4.718464482624,-4.482541258493,
    -4.246618034362,-4.010694810231,-3.774771586099,-3.538848361968,
    -3.302925137837,-3.067001913706,-2.831078689574,-2.359232241312,
    -1.88738579305,-1.415539344787,-0.943692896525,-0.471846448262,0.),
  .UNSPECIFIED.);
#2817 = CARTESIAN_POINT('',(-1.375E+03,-345.0112115721,471.46504634729)
  );
#2818 = CARTESIAN_POINT('',(-1.375E+03,-345.0067561111,471.47229982668)
  );
#2819 = CARTESIAN_POINT('',(-1.374999998058E+03,-345.0023006665,
    471.47955328309));
#2820 = CARTESIAN_POINT('',(-1.374999688306E+03,-344.6603051222,
    472.0363214192));
#2821 = CARTESIAN_POINT('',(-1.374976272272E+03,-343.9842327503,
    473.13696571951));
#2822 = CARTESIAN_POINT('',(-1.374872167428E+03,-342.9707894204,
    474.78684851064));
#2823 = CARTESIAN_POINT('',(-1.374698684086E+03,-341.9620947792,
    476.42899973537));
#2824 = CARTESIAN_POINT('',(-1.374455047512E+03,-340.9613558325,
    478.05819843302));
#2825 = CARTESIAN_POINT('',(-1.374141517297E+03,-339.9738382341,
    479.66587215722));
#2826 = CARTESIAN_POINT('',(-1.373754438764E+03,-338.9961618775,
    481.25752373227));
#2827 = CARTESIAN_POINT('',(-1.373292903544E+03,-338.0340078772,
    482.82390435958));
#2828 = CARTESIAN_POINT('',(-1.372574880152E+03,-336.7786690217,
    484.86758725721));
#2829 = CARTESIAN_POINT('',(-1.371490629677E+03,-335.2792685396,
    487.30859933771));
#2830 = CARTESIAN_POINT('',(-1.369834494466E+03,-333.6009287083,
    490.04092124801));
#2831 = CARTESIAN_POINT('',(-1.367851829464E+03,-332.1465449609,
    492.40864311877));
#2832 = CARTESIAN_POINT('',(-1.36549421808E+03,-330.9677741346,
    494.32766890179));
#2833 = CARTESIAN_POINT('',(-1.362857373372E+03,-330.1967282367,
    495.58292250188));
#2834 = CARTESIAN_POINT('',(-1.360943692897E+03,-330.0112115721,
    495.88494137034));
#2835 = CARTESIAN_POINT('',(-1.36E+03,-330.0112115721,495.88494137034));
#2836 = PCURVE('',#2725,#2837);
#2837 = DEFINITIONAL_REPRESENTATION('',(#2838),#2908);
#2838 = B_SPLINE_CURVE_WITH_KNOTS('',3,(#2839,#2840,#2841,#2842,#2843,
    #2844,#2845,#2846,#2847,#2848,#2849,#2850,#2851,#2852,#2853,#2854,
    #2855,#2856,#2857,#2858,#2859,#2860,#2861,#2862,#2863,#2864,#2865,
    #2866,#2867,#2868,#2869,#2870,#2871,#2872,#2873,#2874,#2875,#2876,
    #2877,#2878,#2879,#2880,#2881,#2882,#2883,#2884,#2885,#2886,#2887,
    #2888,#2889,#2890,#2891,#2892,#2893,#2894,#2895,#2896,#2897,#2898,
    #2899,#2900,#2901,#2902,#2903,#2904,#2905,#2906,#2907),
  .UNSPECIFIED.,.F.,.F.,(4,1,1,1,1,1,1,1,1,1,1,1,1,1,1,1,1,1,1,1,1,1,1,1
    ,1,1,1,1,1,1,1,1,1,1,1,1,1,1,1,1,1,1,1,1,1,1,1,1,1,1,1,1,1,1,1,1,1,1
    ,1,1,1,1,1,1,1,1,4),(-4.721578635837,-4.650039565597,-4.578500495357
    ,-4.506961425117,-4.435422354877,-4.363883284637,-4.292344214397,
    -4.220805144157,-4.149266073917,-4.077727003677,-4.006187933437,
    -3.934648863197,-3.863109792957,-3.791570722717,-3.720031652477,
    -3.648492582237,-3.576953511997,-3.505414441757,-3.433875371518,
    -3.362336301278,-3.290797231038,-3.219258160798,-3.147719090558,
    -3.076180020318,-3.004640950078,-2.933101879838,-2.861562809598,
    -2.790023739358,-2.718484669118,-2.646945598878,-2.575406528638,
    -2.503867458398,-2.432328388158,-2.360789317918,-2.289250247678,
    -2.217711177438,-2.146172107198,-2.074633036958,-2.003093966719,
    -1.931554896479,-1.860015826239,-1.788476755999,-1.716937685759,
    -1.645398615519,-1.573859545279,-1.502320475039,-1.430781404799,
    -1.359242334559,-1.287703264319,-1.216164194079,-1.144625123839,
    -1.073086053599,-1.001546983359,-0.930007913119,-0.858468842879,
    -0.786929772639,-0.715390702399,-0.64385163216,-0.57231256192,
    -0.50077349168,-0.42923442144,-0.3576953512,-0.28615628096,
    -0.21461721072,-0.14307814048,-7.153907023995E-02,0.),
  .UNSPECIFIED.);
#2839 = CARTESIAN_POINT('',(5.497787143782,-200.7113859168));
#2840 = CARTESIAN_POINT('',(5.504610380748,-200.8780090853));
#2841 = CARTESIAN_POINT('',(5.518263014442,-201.211406086));
#2842 = CARTESIAN_POINT('',(5.538762364451,-201.7117887617));
#2843 = CARTESIAN_POINT('',(5.559283986771,-202.212293157));
#2844 = CARTESIAN_POINT('',(5.579829919942,-202.712756052));
#2845 = CARTESIAN_POINT('',(5.600401581939,-203.2129982208));
#2846 = CARTESIAN_POINT('',(5.621000155335,-203.7128336546));
#2847 = CARTESIAN_POINT('',(5.641626788141,-204.2120742854));
#2848 = CARTESIAN_POINT('',(5.662283386258,-204.7105481375));
#2849 = CARTESIAN_POINT('',(5.68297326943,-205.2081137092));
#2850 = CARTESIAN_POINT('',(5.703699686095,-205.7046251807));
#2851 = CARTESIAN_POINT('',(5.724465877222,-206.1999338971));
#2852 = CARTESIAN_POINT('',(5.745270877133,-206.6937947137));
#2853 = CARTESIAN_POINT('',(5.766114521543,-207.1859796564));
#2854 = CARTESIAN_POINT('',(5.786994519313,-207.6762116845));
#2855 = CARTESIAN_POINT('',(5.807924481764,-208.1645686692));
#2856 = CARTESIAN_POINT('',(5.828922074604,-208.6512130687));
#2857 = CARTESIAN_POINT('',(5.850006204674,-209.1363326629));
#2858 = CARTESIAN_POINT('',(5.871186410722,-209.6198924549));
#2859 = CARTESIAN_POINT('',(5.89246106221,-210.1015917189));
#2860 = CARTESIAN_POINT('',(5.913830981075,-210.5811832825));
#2861 = CARTESIAN_POINT('',(5.935296923632,-211.0584094551));
#2862 = CARTESIAN_POINT('',(5.956862254401,-211.5330407753));
#2863 = CARTESIAN_POINT('',(5.978530340003,-212.0048419347));
#2864 = CARTESIAN_POINT('',(6.000305761548,-212.4735871766));
#2865 = CARTESIAN_POINT('',(6.022185731991,-212.9389542884));
#2866 = CARTESIAN_POINT('',(6.044167117981,-213.4006192022));
#2867 = CARTESIAN_POINT('',(6.06624445936,-213.8582235507));
#2868 = CARTESIAN_POINT('',(6.088425357224,-214.3116001156));
#2869 = CARTESIAN_POINT('',(6.110727614515,-214.7607210253));
#2870 = CARTESIAN_POINT('',(6.133167608138,-215.2055268501));
#2871 = CARTESIAN_POINT('',(6.155762934761,-215.6459664566));
#2872 = CARTESIAN_POINT('',(6.178531667994,-216.0819870846));
#2873 = CARTESIAN_POINT('',(6.201492318936,-216.513534185));
#2874 = CARTESIAN_POINT('',(6.224664342952,-216.9405619902));
#2875 = CARTESIAN_POINT('',(6.248038236964,-217.3624936578));
#2876 = CARTESIAN_POINT('',(6.271604308336,-217.7787425303));
#2877 = CARTESIAN_POINT('',(6.295353490419,-218.1887251204));
#2878 = CARTESIAN_POINT('',(6.319277032513,-218.5918550701));
#2879 = CARTESIAN_POINT('',(6.343367380821,-218.9875543336));
#2880 = CARTESIAN_POINT('',(6.367615425303,-219.3752144872));
#2881 = CARTESIAN_POINT('',(6.392022288595,-219.7543566255));
#2882 = CARTESIAN_POINT('',(6.416605978809,-220.124719016));
#2883 = CARTESIAN_POINT('',(6.441382591183,-220.4860003604));
#2884 = CARTESIAN_POINT('',(6.466369832106,-220.8379090349));
#2885 = CARTESIAN_POINT('',(6.491586363733,-221.1801542836));
#2886 = CARTESIAN_POINT('',(6.517050512275,-221.512432204));
#2887 = CARTESIAN_POINT('',(6.542785651781,-221.8344906121));
#2888 = CARTESIAN_POINT('',(6.568780776854,-222.1456611335));
#2889 = CARTESIAN_POINT('',(6.595016870598,-222.4451735568));
#2890 = CARTESIAN_POINT('',(6.621477828914,-222.7322840167));
#2891 = CARTESIAN_POINT('',(6.648147768038,-223.0062406856));
#2892 = CARTESIAN_POINT('',(6.675012189839,-223.2662972387));
#2893 = CARTESIAN_POINT('',(6.702056976411,-223.5116933025));
#2894 = CARTESIAN_POINT('',(6.729272316467,-223.7417210654));
#2895 = CARTESIAN_POINT('',(6.756663179145,-223.955920524));
#2896 = CARTESIAN_POINT('',(6.78423382434,-224.1538030414));
#2897 = CARTESIAN_POINT('',(6.811989687186,-224.334887947));
#2898 = CARTESIAN_POINT('',(6.839937602941,-224.4986913393));
#2899 = CARTESIAN_POINT('',(6.868083177505,-224.6447342731));
#2900 = CARTESIAN_POINT('',(6.896441203045,-224.7725212095));
#2901 = CARTESIAN_POINT('',(6.924983974042,-224.8816435279));
#2902 = CARTESIAN_POINT('',(6.95365476094,-224.9717497439));
#2903 = CARTESIAN_POINT('',(6.982403215295,-225.0424752009));
#2904 = CARTESIAN_POINT('',(7.011177623886,-225.0934587718));
#2905 = CARTESIAN_POINT('',(7.039927420561,-225.1243383836));
#2906 = CARTESIAN_POINT('',(7.059045071591,-225.1312809398));
#2907 = CARTESIAN_POINT('',(7.068583470576,-225.1312809398));
#2908 = ( GEOMETRIC_REPRESENTATION_CONTEXT(2) 
PARAMETRIC_REPRESENTATION_CONTEXT() REPRESENTATION_CONTEXT('2D SPACE',''
  ) );
#2909 = PCURVE('',#2910,#3025);
#2910 = B_SPLINE_SURFACE_WITH_KNOTS('',3,3,(
    (#2911,#2912,#2913,#2914,#2915,#2916,#2917,#2918,#2919,#2920,#2921
      ,#2922,#2923,#2924,#2925,#2926,#2927,#2928,#2929)
    ,(#2930,#2931,#2932,#2933,#2934,#2935,#2936,#2937,#2938,#2939,#2940
      ,#2941,#2942,#2943,#2944,#2945,#2946,#2947,#2948)
    ,(#2949,#2950,#2951,#2952,#2953,#2954,#2955,#2956,#2957,#2958,#2959
      ,#2960,#2961,#2962,#2963,#2964,#2965,#2966,#2967)
    ,(#2968,#2969,#2970,#2971,#2972,#2973,#2974,#2975,#2976,#2977,#2978
      ,#2979,#2980,#2981,#2982,#2983,#2984,#2985,#2986)
    ,(#2987,#2988,#2989,#2990,#2991,#2992,#2993,#2994,#2995,#2996,#2997
      ,#2998,#2999,#3000,#3001,#3002,#3003,#3004,#3005)
    ,(#3006,#3007,#3008,#3009,#3010,#3011,#3012,#3013,#3014,#3015,#3016
      ,#3017,#3018,#3019,#3020,#3021,#3022,#3023,#3024
  )),.UNSPECIFIED.,.F.,.F.,.F.,(4,1,1,4),(4,1,1,1,1,1,1,1,1,1,1,1,1,1,2,
    4),(0.,0.285714285714,0.571428571429,1.),(0.,0.471846448262,
    0.943692896525,1.415539344787,1.88738579305,2.359232241312,
    2.831078689574,3.067001913706,3.302925137837,3.538848361968,
    3.774771586099,4.010694810231,4.246618034362,4.482541258493,
    4.718464482624,4.721578635837),.UNSPECIFIED.);
#2911 = CARTESIAN_POINT('',(-1.36E+03,-330.0112115721,495.88494137034));
#2912 = CARTESIAN_POINT('',(-1.360943692897E+03,-330.0112115721,
    495.88494137034));
#2913 = CARTESIAN_POINT('',(-1.362857373372E+03,-330.1967282367,
    495.58292250188));
#2914 = CARTESIAN_POINT('',(-1.36549421808E+03,-330.9677741346,
    494.32766890179));
#2915 = CARTESIAN_POINT('',(-1.367851829464E+03,-332.1465449609,
    492.40864311877));
#2916 = CARTESIAN_POINT('',(-1.369834494466E+03,-333.6009287083,
    490.04092124801));
#2917 = CARTESIAN_POINT('',(-1.371490629677E+03,-335.2792685396,
    487.30859933771));
#2918 = CARTESIAN_POINT('',(-1.372574880152E+03,-336.7786690217,
    484.86758725721));
#2919 = CARTESIAN_POINT('',(-1.373292903544E+03,-338.0340078772,
    482.82390435958));
#2920 = CARTESIAN_POINT('',(-1.373754438764E+03,-338.9961618775,
    481.25752373227));
#2921 = CARTESIAN_POINT('',(-1.374141517297E+03,-339.9738382341,
    479.66587215722));
#2922 = CARTESIAN_POINT('',(-1.374455047512E+03,-340.9613558325,
    478.05819843302));
#2923 = CARTESIAN_POINT('',(-1.374698684086E+03,-341.9620947792,
    476.42899973537));
#2924 = CARTESIAN_POINT('',(-1.374872167428E+03,-342.9707894204,
    474.78684851064));
#2925 = CARTESIAN_POINT('',(-1.374976272272E+03,-343.9842327503,
    473.13696571951));
#2926 = CARTESIAN_POINT('',(-1.374999688306E+03,-344.6603051222,
    472.0363214192));
#2927 = CARTESIAN_POINT('',(-1.374999998058E+03,-345.0023006665,
    471.47955328309));
#2928 = CARTESIAN_POINT('',(-1.375E+03,-345.0067561111,471.47229982668)
  );
#2929 = CARTESIAN_POINT('',(-1.375E+03,-345.0112115721,471.46504634729)
  );
#2930 = CARTESIAN_POINT('',(-1.36E+03,-330.0112115721,494.41130547272));
#2931 = CARTESIAN_POINT('',(-1.360852981607E+03,-330.0112115721,
    494.41130547272));
#2932 = CARTESIAN_POINT('',(-1.362583841108E+03,-330.1595822778,
    494.15075858049));
#2933 = CARTESIAN_POINT('',(-1.365052411973E+03,-330.8040731598,
    493.04871246996));
#2934 = CARTESIAN_POINT('',(-1.367365116795E+03,-331.8528776027,
    491.32188792887));
#2935 = CARTESIAN_POINT('',(-1.369393044967E+03,-333.2190020938,
    489.14591982428));
#2936 = CARTESIAN_POINT('',(-1.371142513669E+03,-334.863134805,
    486.59459925584));
#2937 = CARTESIAN_POINT('',(-1.372315833004E+03,-336.3780607629,
    484.28921494637));
#2938 = CARTESIAN_POINT('',(-1.3731018333E+03,-337.6671920939,
    482.34788462322));
#2939 = CARTESIAN_POINT('',(-1.373610796568E+03,-338.6642681366,
    480.85516608647));
#2940 = CARTESIAN_POINT('',(-1.374040084368E+03,-339.6849106025,
    479.33447856259));
#2941 = CARTESIAN_POINT('',(-1.374389449385E+03,-340.7219459128,
    477.79534823998));
#2942 = CARTESIAN_POINT('',(-1.374661898842E+03,-341.777681057,
    476.23317797345));
#2943 = CARTESIAN_POINT('',(-1.374856415196E+03,-342.8454107265,
    474.65678525567));
#2944 = CARTESIAN_POINT('',(-1.374973338978E+03,-343.9205278959,
    473.0717997181));
#2945 = CARTESIAN_POINT('',(-1.374999651273E+03,-344.638544687,
    472.01405018669));
#2946 = CARTESIAN_POINT('',(-1.374999997803E+03,-345.0017482049,
    471.47898764617));
#2947 = CARTESIAN_POINT('',(-1.375E+03,-345.0064798642,471.47201701819)
  );
#2948 = CARTESIAN_POINT('',(-1.375E+03,-345.0112115721,471.46504634729)
  );
#2949 = CARTESIAN_POINT('',(-1.36E+03,-329.3468800332,491.47085028353));
#2950 = CARTESIAN_POINT('',(-1.360713847596E+03,-329.3468800332,
    491.47085028353));
#2951 = CARTESIAN_POINT('',(-1.362164439038E+03,-329.4509374718,
    491.29258562642));
#2952 = CARTESIAN_POINT('',(-1.364381760378E+03,-329.954499546,
    490.4952740684));
#2953 = CARTESIAN_POINT('',(-1.366635590722E+03,-330.8816625884,
    489.15115440302));
#2954 = CARTESIAN_POINT('',(-1.368739575051E+03,-332.1998252361,
    487.35741156334));
#2955 = CARTESIAN_POINT('',(-1.370632978608E+03,-333.8803229448,
    485.16741409688));
#2956 = CARTESIAN_POINT('',(-1.371939386481E+03,-335.487286658,
    483.13289506339));
#2957 = CARTESIAN_POINT('',(-1.372825504064E+03,-336.8794256792,
    481.39613247748));
#2958 = CARTESIAN_POINT('',(-1.373403754922E+03,-337.9665030476,
    480.05066119066));
#2959 = CARTESIAN_POINT('',(-1.373894295588E+03,-339.0876136022,
    478.67184945207));
#2960 = CARTESIAN_POINT('',(-1.374295383188E+03,-340.2334073886,
    477.2697649383));
#2961 = CARTESIAN_POINT('',(-1.374609244329E+03,-341.4050215103,
    475.84161941041));
#2962 = CARTESIAN_POINT('',(-1.37483389582E+03,-342.593747897,
    474.39671189401));
#2963 = CARTESIAN_POINT('',(-1.374969148134E+03,-343.7931722419,
    472.9414968321));
#2964 = CARTESIAN_POINT('',(-1.374999598209E+03,-344.5950298698,
    471.96951081105));
#2965 = CARTESIAN_POINT('',(-1.374999997441E+03,-345.0006432286,
    471.47785634548));
#2966 = CARTESIAN_POINT('',(-1.375E+03,-345.0059273704,471.47145140121)
  );
#2967 = CARTESIAN_POINT('',(-1.375E+03,-345.0112115721,471.46504634729)
  );
#2968 = CARTESIAN_POINT('',(-1.36E+03,-326.0962851417,487.2976276944));
#2969 = CARTESIAN_POINT('',(-1.3606621544E+03,-326.0962851417,
    487.2976276944));
#2970 = CARTESIAN_POINT('',(-1.362008536702E+03,-326.2355898654,
    487.20541055868));
#2971 = CARTESIAN_POINT('',(-1.364134457997E+03,-326.8933996668,
    486.73808040621));
#2972 = CARTESIAN_POINT('',(-1.366369294469E+03,-328.0689295937,
    485.83998973621));
#2973 = CARTESIAN_POINT('',(-1.368503506152E+03,-329.703150478,
    484.53065083538));
#2974 = CARTESIAN_POINT('',(-1.370450623075E+03,-331.7531672449,
    482.83757573754));
#2975 = CARTESIAN_POINT('',(-1.371805511599E+03,-333.6906610231,
    481.20570793691));
#2976 = CARTESIAN_POINT('',(-1.372727630128E+03,-335.3588201326,
    479.78711683773));
#2977 = CARTESIAN_POINT('',(-1.373330629493E+03,-336.6569576688,
    478.67746227303));
#2978 = CARTESIAN_POINT('',(-1.373842922557E+03,-337.9919838563,
    477.53159111422));
#2979 = CARTESIAN_POINT('',(-1.374262294587E+03,-339.3533114167,
    476.35935667762));
#2980 = CARTESIAN_POINT('',(-1.374590742188E+03,-340.7428655576,
    475.15986037406));
#2981 = CARTESIAN_POINT('',(-1.374825983497E+03,-342.1508706075,
    473.9422407248));
#2982 = CARTESIAN_POINT('',(-1.374967667237E+03,-343.5703382116,
    472.71327523967));
#2983 = CARTESIAN_POINT('',(-1.374999578106E+03,-344.5188837766,
    471.89154629385));
#2984 = CARTESIAN_POINT('',(-1.374999997327E+03,-344.9987094776,
    471.47587674868));
#2985 = CARTESIAN_POINT('',(-1.375E+03,-345.0049605062,471.4704615715));
#2986 = CARTESIAN_POINT('',(-1.375E+03,-345.0112115721,471.46504634729)
  );
#2987 = CARTESIAN_POINT('',(-1.36E+03,-322.455820967,485.93959114455));
#2988 = CARTESIAN_POINT('',(-1.36080708373E+03,-322.455820967,
    485.93959114455));
#2989 = CARTESIAN_POINT('',(-1.362445646721E+03,-322.6986664205,
    485.81495832424));
#2990 = CARTESIAN_POINT('',(-1.364829558058E+03,-323.7372210289,
    485.25907832094));
#2991 = CARTESIAN_POINT('',(-1.367120187563E+03,-325.3904353997,
    484.31472063445));
#2992 = CARTESIAN_POINT('',(-1.369171345726E+03,-327.501006038,
    483.04199150059));
#2993 = CARTESIAN_POINT('',(-1.370968067794E+03,-329.9993227475,
    481.47351977473));
#2994 = CARTESIAN_POINT('',(-1.372186145016E+03,-332.27213849,
    480.00312164382));
#2995 = CARTESIAN_POINT('',(-1.373006276807E+03,-334.1924546221,
    478.74170030489));
#2996 = CARTESIAN_POINT('',(-1.373539012706E+03,-335.6717833911,
    477.76145183671));
#2997 = CARTESIAN_POINT('',(-1.373989434557E+03,-337.181066598,
    476.75431578136));
#2998 = CARTESIAN_POINT('',(-1.374356721331E+03,-338.7104602128,
    475.72796089356));
#2999 = CARTESIAN_POINT('',(-1.374643568183E+03,-340.2641453085,
    474.68074188992));
#3000 = CARTESIAN_POINT('',(-1.374848580947E+03,-341.8330145472,
    473.61984534103));
#3001 = CARTESIAN_POINT('',(-1.374971895777E+03,-343.4111025337,
    472.55049603709));
#3002 = CARTESIAN_POINT('',(-1.374999635236E+03,-344.4644868464,
    471.83588188161));
#3003 = CARTESIAN_POINT('',(-1.374999997654E+03,-344.9973282862,
    471.47446253814));
#3004 = CARTESIAN_POINT('',(-1.375E+03,-345.0042698889,471.46975455027)
  );
#3005 = CARTESIAN_POINT('',(-1.375E+03,-345.0112115721,471.46504634729)
  );
#3006 = CARTESIAN_POINT('',(-1.36E+03,-320.2459763448,485.88769747507));
#3007 = CARTESIAN_POINT('',(-1.360943692897E+03,-320.2459763448,
    485.88769747507));
#3008 = CARTESIAN_POINT('',(-1.362857373372E+03,-320.5522664843,
    485.70932227727));
#3009 = CARTESIAN_POINT('',(-1.36549421808E+03,-321.8252723212,
    484.96795753191));
#3010 = CARTESIAN_POINT('',(-1.367851829464E+03,-323.7714374734,
    483.83456228504));
#3011 = CARTESIAN_POINT('',(-1.369834494466E+03,-326.1726440261,
    482.43616225978));
#3012 = CARTESIAN_POINT('',(-1.371490629677E+03,-328.9436064793,
    480.82242512266));
#3013 = CARTESIAN_POINT('',(-1.372574880152E+03,-331.4191390364,
    479.38073783523));
#3014 = CARTESIAN_POINT('',(-1.373292903544E+03,-333.4917231911,
    478.17371685175));
#3015 = CARTESIAN_POINT('',(-1.373754438764E+03,-335.0802550604,
    477.24859545016));
#3016 = CARTESIAN_POINT('',(-1.374141517297E+03,-336.6944151217,
    476.30854849913));
#3017 = CARTESIAN_POINT('',(-1.374455047512E+03,-338.3248237807,
    475.35903843096));
#3018 = CARTESIAN_POINT('',(-1.374698684086E+03,-339.9770616714,
    474.39681520696));
#3019 = CARTESIAN_POINT('',(-1.374872167428E+03,-341.6424351256,
    473.42694180162));
#3020 = CARTESIAN_POINT('',(-1.374976272272E+03,-343.3156493281,
    472.45250176925));
#3021 = CARTESIAN_POINT('',(-1.374999688306E+03,-344.4318580523,
    471.80244821577));
#3022 = CARTESIAN_POINT('',(-1.374999998058E+03,-344.9964994899,
    471.47361431653));
#3023 = CARTESIAN_POINT('',(-1.375E+03,-345.0038555186,471.46933033754)
  );
#3024 = CARTESIAN_POINT('',(-1.375E+03,-345.0112115721,471.46504634729)
  );
#3025 = DEFINITIONAL_REPRESENTATION('',(#3026),#3096);
#3026 = B_SPLINE_CURVE_WITH_KNOTS('',3,(#3027,#3028,#3029,#3030,#3031,
    #3032,#3033,#3034,#3035,#3036,#3037,#3038,#3039,#3040,#3041,#3042,
    #3043,#3044,#3045,#3046,#3047,#3048,#3049,#3050,#3051,#3052,#3053,
    #3054,#3055,#3056,#3057,#3058,#3059,#3060,#3061,#3062,#3063,#3064,
    #3065,#3066,#3067,#3068,#3069,#3070,#3071,#3072,#3073,#3074,#3075,
    #3076,#3077,#3078,#3079,#3080,#3081,#3082,#3083,#3084,#3085,#3086,
    #3087,#3088,#3089,#3090,#3091,#3092,#3093,#3094,#3095),
  .UNSPECIFIED.,.F.,.F.,(4,1,1,1,1,1,1,1,1,1,1,1,1,1,1,1,1,1,1,1,1,1,1,1
    ,1,1,1,1,1,1,1,1,1,1,1,1,1,1,1,1,1,1,1,1,1,1,1,1,1,1,1,1,1,1,1,1,1,1
    ,1,1,1,1,1,1,1,1,4),(-4.721578635837,-4.650039565597,-4.578500495357
    ,-4.506961425117,-4.435422354877,-4.363883284637,-4.292344214397,
    -4.220805144157,-4.149266073917,-4.077727003677,-4.006187933437,
    -3.934648863197,-3.863109792957,-3.791570722717,-3.720031652477,
    -3.648492582237,-3.576953511997,-3.505414441757,-3.433875371518,
    -3.362336301278,-3.290797231038,-3.219258160798,-3.147719090558,
    -3.076180020318,-3.004640950078,-2.933101879838,-2.861562809598,
    -2.790023739358,-2.718484669118,-2.646945598878,-2.575406528638,
    -2.503867458398,-2.432328388158,-2.360789317918,-2.289250247678,
    -2.217711177438,-2.146172107198,-2.074633036958,-2.003093966719,
    -1.931554896479,-1.860015826239,-1.788476755999,-1.716937685759,
    -1.645398615519,-1.573859545279,-1.502320475039,-1.430781404799,
    -1.359242334559,-1.287703264319,-1.216164194079,-1.144625123839,
    -1.073086053599,-1.001546983359,-0.930007913119,-0.858468842879,
    -0.786929772639,-0.715390702399,-0.64385163216,-0.57231256192,
    -0.50077349168,-0.42923442144,-0.3576953512,-0.28615628096,
    -0.21461721072,-0.14307814048,-7.153907023995E-02,0.),
  .UNSPECIFIED.);
#3027 = CARTESIAN_POINT('',(0.,4.721578635837));
#3028 = CARTESIAN_POINT('',(0.,4.69773227909));
#3029 = CARTESIAN_POINT('',(0.,4.650039565597));
#3030 = CARTESIAN_POINT('',(0.,4.578500495357));
#3031 = CARTESIAN_POINT('',(0.,4.506961425117));
#3032 = CARTESIAN_POINT('',(0.,4.435422354877));
#3033 = CARTESIAN_POINT('',(0.,4.363883284637));
#3034 = CARTESIAN_POINT('',(0.,4.292344214397));
#3035 = CARTESIAN_POINT('',(0.,4.220805144157));
#3036 = CARTESIAN_POINT('',(0.,4.149266073917));
#3037 = CARTESIAN_POINT('',(0.,4.077727003677));
#3038 = CARTESIAN_POINT('',(0.,4.006187933437));
#3039 = CARTESIAN_POINT('',(0.,3.934648863197));
#3040 = CARTESIAN_POINT('',(0.,3.863109792957));
#3041 = CARTESIAN_POINT('',(0.,3.791570722717));
#3042 = CARTESIAN_POINT('',(0.,3.720031652477));
#3043 = CARTESIAN_POINT('',(0.,3.648492582237));
#3044 = CARTESIAN_POINT('',(0.,3.576953511997));
#3045 = CARTESIAN_POINT('',(0.,3.505414441757));
#3046 = CARTESIAN_POINT('',(0.,3.433875371518));
#3047 = CARTESIAN_POINT('',(0.,3.362336301278));
#3048 = CARTESIAN_POINT('',(0.,3.290797231038));
#3049 = CARTESIAN_POINT('',(0.,3.219258160798));
#3050 = CARTESIAN_POINT('',(0.,3.147719090558));
#3051 = CARTESIAN_POINT('',(0.,3.076180020318));
#3052 = CARTESIAN_POINT('',(0.,3.004640950078));
#3053 = CARTESIAN_POINT('',(0.,2.933101879838));
#3054 = CARTESIAN_POINT('',(0.,2.861562809598));
#3055 = CARTESIAN_POINT('',(0.,2.790023739358));
#3056 = CARTESIAN_POINT('',(0.,2.718484669118));
#3057 = CARTESIAN_POINT('',(0.,2.646945598878));
#3058 = CARTESIAN_POINT('',(0.,2.575406528638));
#3059 = CARTESIAN_POINT('',(0.,2.503867458398));
#3060 = CARTESIAN_POINT('',(0.,2.432328388158));
#3061 = CARTESIAN_POINT('',(0.,2.360789317918));
#3062 = CARTESIAN_POINT('',(0.,2.289250247678));
#3063 = CARTESIAN_POINT('',(0.,2.217711177438));
#3064 = CARTESIAN_POINT('',(0.,2.146172107198));
#3065 = CARTESIAN_POINT('',(0.,2.074633036958));
#3066 = CARTESIAN_POINT('',(0.,2.003093966719));
#3067 = CARTESIAN_POINT('',(0.,1.931554896479));
#3068 = CARTESIAN_POINT('',(0.,1.860015826239));
#3069 = CARTESIAN_POINT('',(0.,1.788476755999));
#3070 = CARTESIAN_POINT('',(0.,1.716937685759));
#3071 = CARTESIAN_POINT('',(0.,1.645398615519));
#3072 = CARTESIAN_POINT('',(0.,1.573859545279));
#3073 = CARTESIAN_POINT('',(0.,1.502320475039));
#3074 = CARTESIAN_POINT('',(0.,1.430781404799));
#3075 = CARTESIAN_POINT('',(0.,1.359242334559));
#3076 = CARTESIAN_POINT('',(0.,1.287703264319));
#3077 = CARTESIAN_POINT('',(0.,1.216164194079));
#3078 = CARTESIAN_POINT('',(0.,1.144625123839));
#3079 = CARTESIAN_POINT('',(0.,1.073086053599));
#3080 = CARTESIAN_POINT('',(0.,1.001546983359));
#3081 = CARTESIAN_POINT('',(0.,0.930007913119));
#3082 = CARTESIAN_POINT('',(0.,0.858468842879));
#3083 = CARTESIAN_POINT('',(0.,0.786929772639));
#3084 = CARTESIAN_POINT('',(0.,0.715390702399));
#3085 = CARTESIAN_POINT('',(0.,0.64385163216));
#3086 = CARTESIAN_POINT('',(0.,0.57231256192));
#3087 = CARTESIAN_POINT('',(0.,0.50077349168));
#3088 = CARTESIAN_POINT('',(0.,0.42923442144));
#3089 = CARTESIAN_POINT('',(0.,0.3576953512));
#3090 = CARTESIAN_POINT('',(0.,0.28615628096));
#3091 = CARTESIAN_POINT('',(0.,0.21461721072));
#3092 = CARTESIAN_POINT('',(0.,0.14307814048));
#3093 = CARTESIAN_POINT('',(0.,7.153907023995E-02));
#3094 = CARTESIAN_POINT('',(-0.,2.384635674667E-02));
#3095 = CARTESIAN_POINT('',(0.,0.));
#3096 = ( GEOMETRIC_REPRESENTATION_CONTEXT(2) 
PARAMETRIC_REPRESENTATION_CONTEXT() REPRESENTATION_CONTEXT('2D SPACE',''
  ) );
#3097 = ORIENTED_EDGE('',*,*,#3098,.T.);
#3098 = EDGE_CURVE('',#2813,#2543,#3099,.T.);
#3099 = SURFACE_CURVE('',#3100,(#3104,#3111),.PCURVE_S1.);
#3100 = LINE('',#3101,#3102);
#3101 = CARTESIAN_POINT('',(-1.375E+03,-345.0112115721,270.75366043045)
  );
#3102 = VECTOR('',#3103,1.);
#3103 = DIRECTION('',(2.106485876674E-35,-2.679774884735E-29,1.));
#3104 = PCURVE('',#2725,#3105);
#3105 = DEFINITIONAL_REPRESENTATION('',(#3106),#3110);
#3106 = LINE('',#3107,#3108);
#3107 = CARTESIAN_POINT('',(5.497787143782,0.));
#3108 = VECTOR('',#3109,1.);
#3109 = DIRECTION('',(0.,-1.));
#3110 = ( GEOMETRIC_REPRESENTATION_CONTEXT(2) 
PARAMETRIC_REPRESENTATION_CONTEXT() REPRESENTATION_CONTEXT('2D SPACE',''
  ) );
#3111 = PCURVE('',#1059,#3112);
#3112 = DEFINITIONAL_REPRESENTATION('',(#3113),#3117);
#3113 = LINE('',#3114,#3115);
#3114 = CARTESIAN_POINT('',(465.,270.75366043045));
#3115 = VECTOR('',#3116,1.);
#3116 = DIRECTION('',(2.67962081034E-29,1.));
#3117 = ( GEOMETRIC_REPRESENTATION_CONTEXT(2) 
PARAMETRIC_REPRESENTATION_CONTEXT() REPRESENTATION_CONTEXT('2D SPACE',''
  ) );
#3118 = ADVANCED_FACE('',(#3119),#2910,.T.);
#3119 = FACE_BOUND('',#3120,.T.);
#3120 = EDGE_LOOP('',(#3121,#3321,#3322));
#3121 = ORIENTED_EDGE('',*,*,#3122,.T.);
#3122 = EDGE_CURVE('',#3123,#2813,#3125,.T.);
#3123 = VERTEX_POINT('',#3124);
#3124 = CARTESIAN_POINT('',(-1.36E+03,-320.2459763448,485.88769747507));
#3125 = SURFACE_CURVE('',#3126,(#3146,#3219),.PCURVE_S1.);
#3126 = B_SPLINE_CURVE_WITH_KNOTS('',3,(#3127,#3128,#3129,#3130,#3131,
    #3132,#3133,#3134,#3135,#3136,#3137,#3138,#3139,#3140,#3141,#3142,
    #3143,#3144,#3145),.UNSPECIFIED.,.F.,.F.,(4,1,1,1,1,1,1,1,1,1,1,1,1,
    1,2,4),(0.,0.471846448262,0.943692896525,1.415539344787,
    1.88738579305,2.359232241312,2.831078689574,3.067001913706,
    3.302925137837,3.538848361968,3.774771586099,4.010694810231,
    4.246618034362,4.482541258493,4.718464482624,4.721578635837),
  .UNSPECIFIED.);
#3127 = CARTESIAN_POINT('',(-1.36E+03,-320.2459763448,485.88769747507));
#3128 = CARTESIAN_POINT('',(-1.360943692897E+03,-320.2459763448,
    485.88769747507));
#3129 = CARTESIAN_POINT('',(-1.362857373372E+03,-320.5522664843,
    485.70932227727));
#3130 = CARTESIAN_POINT('',(-1.36549421808E+03,-321.8252723212,
    484.96795753191));
#3131 = CARTESIAN_POINT('',(-1.367851829464E+03,-323.7714374734,
    483.83456228504));
#3132 = CARTESIAN_POINT('',(-1.369834494466E+03,-326.1726440261,
    482.43616225978));
#3133 = CARTESIAN_POINT('',(-1.371490629677E+03,-328.9436064793,
    480.82242512266));
#3134 = CARTESIAN_POINT('',(-1.372574880152E+03,-331.4191390364,
    479.38073783523));
#3135 = CARTESIAN_POINT('',(-1.373292903544E+03,-333.4917231911,
    478.17371685175));
#3136 = CARTESIAN_POINT('',(-1.373754438764E+03,-335.0802550604,
    477.24859545016));
#3137 = CARTESIAN_POINT('',(-1.374141517297E+03,-336.6944151217,
    476.30854849913));
#3138 = CARTESIAN_POINT('',(-1.374455047512E+03,-338.3248237807,
    475.35903843096));
#3139 = CARTESIAN_POINT('',(-1.374698684086E+03,-339.9770616714,
    474.39681520696));
#3140 = CARTESIAN_POINT('',(-1.374872167428E+03,-341.6424351256,
    473.42694180162));
#3141 = CARTESIAN_POINT('',(-1.374976272272E+03,-343.3156493281,
    472.45250176925));
#3142 = CARTESIAN_POINT('',(-1.374999688306E+03,-344.4318580523,
    471.80244821577));
#3143 = CARTESIAN_POINT('',(-1.374999998058E+03,-344.9964994899,
    471.47361431653));
#3144 = CARTESIAN_POINT('',(-1.375E+03,-345.0038555186,471.46933033754)
  );
#3145 = CARTESIAN_POINT('',(-1.375E+03,-345.0112115721,471.46504634729)
  );
#3146 = PCURVE('',#2910,#3147);
#3147 = DEFINITIONAL_REPRESENTATION('',(#3148),#3218);
#3148 = B_SPLINE_CURVE_WITH_KNOTS('',3,(#3149,#3150,#3151,#3152,#3153,
    #3154,#3155,#3156,#3157,#3158,#3159,#3160,#3161,#3162,#3163,#3164,
    #3165,#3166,#3167,#3168,#3169,#3170,#3171,#3172,#3173,#3174,#3175,
    #3176,#3177,#3178,#3179,#3180,#3181,#3182,#3183,#3184,#3185,#3186,
    #3187,#3188,#3189,#3190,#3191,#3192,#3193,#3194,#3195,#3196,#3197,
    #3198,#3199,#3200,#3201,#3202,#3203,#3204,#3205,#3206,#3207,#3208,
    #3209,#3210,#3211,#3212,#3213,#3214,#3215,#3216,#3217),
  .UNSPECIFIED.,.F.,.F.,(4,1,1,1,1,1,1,1,1,1,1,1,1,1,1,1,1,1,1,1,1,1,1,1
    ,1,1,1,1,1,1,1,1,1,1,1,1,1,1,1,1,1,1,1,1,1,1,1,1,1,1,1,1,1,1,1,1,1,1
    ,1,1,1,1,1,1,1,1,4),(0.,7.153907023995E-02,0.14307814048,
    0.21461721072,0.28615628096,0.3576953512,0.42923442144,0.50077349168
    ,0.57231256192,0.64385163216,0.715390702399,0.786929772639,
    0.858468842879,0.930007913119,1.001546983359,1.073086053599,
    1.144625123839,1.216164194079,1.287703264319,1.359242334559,
    1.430781404799,1.502320475039,1.573859545279,1.645398615519,
    1.716937685759,1.788476755999,1.860015826239,1.931554896479,
    2.003093966719,2.074633036958,2.146172107198,2.217711177438,
    2.289250247678,2.360789317918,2.432328388158,2.503867458398,
    2.575406528638,2.646945598878,2.718484669118,2.790023739358,
    2.861562809598,2.933101879838,3.004640950078,3.076180020318,
    3.147719090558,3.219258160798,3.290797231038,3.362336301278,
    3.433875371518,3.505414441757,3.576953511997,3.648492582237,
    3.720031652477,3.791570722717,3.863109792957,3.934648863197,
    4.006187933437,4.077727003677,4.149266073917,4.220805144157,
    4.292344214397,4.363883284637,4.435422354877,4.506961425117,
    4.578500495357,4.650039565597,4.721578635837),
  .QUASI_UNIFORM_KNOTS.);
#3149 = CARTESIAN_POINT('',(1.,0.));
#3150 = CARTESIAN_POINT('',(1.,2.384635674665E-02));
#3151 = CARTESIAN_POINT('',(1.,7.153907023995E-02));
#3152 = CARTESIAN_POINT('',(1.,0.14307814048));
#3153 = CARTESIAN_POINT('',(1.,0.21461721072));
#3154 = CARTESIAN_POINT('',(1.,0.28615628096));
#3155 = CARTESIAN_POINT('',(1.,0.3576953512));
#3156 = CARTESIAN_POINT('',(1.,0.42923442144));
#3157 = CARTESIAN_POINT('',(1.,0.50077349168));
#3158 = CARTESIAN_POINT('',(1.,0.57231256192));
#3159 = CARTESIAN_POINT('',(1.,0.64385163216));
#3160 = CARTESIAN_POINT('',(1.,0.715390702399));
#3161 = CARTESIAN_POINT('',(1.,0.786929772639));
#3162 = CARTESIAN_POINT('',(1.,0.858468842879));
#3163 = CARTESIAN_POINT('',(1.,0.930007913119));
#3164 = CARTESIAN_POINT('',(1.,1.001546983359));
#3165 = CARTESIAN_POINT('',(1.,1.073086053599));
#3166 = CARTESIAN_POINT('',(1.,1.144625123839));
#3167 = CARTESIAN_POINT('',(1.,1.216164194079));
#3168 = CARTESIAN_POINT('',(1.,1.287703264319));
#3169 = CARTESIAN_POINT('',(1.,1.359242334559));
#3170 = CARTESIAN_POINT('',(1.,1.430781404799));
#3171 = CARTESIAN_POINT('',(1.,1.502320475039));
#3172 = CARTESIAN_POINT('',(1.,1.573859545279));
#3173 = CARTESIAN_POINT('',(1.,1.645398615519));
#3174 = CARTESIAN_POINT('',(1.,1.716937685759));
#3175 = CARTESIAN_POINT('',(1.,1.788476755999));
#3176 = CARTESIAN_POINT('',(1.,1.860015826239));
#3177 = CARTESIAN_POINT('',(1.,1.931554896479));
#3178 = CARTESIAN_POINT('',(1.,2.003093966719));
#3179 = CARTESIAN_POINT('',(1.,2.074633036958));
#3180 = CARTESIAN_POINT('',(1.,2.146172107198));
#3181 = CARTESIAN_POINT('',(1.,2.217711177438));
#3182 = CARTESIAN_POINT('',(1.,2.289250247678));
#3183 = CARTESIAN_POINT('',(1.,2.360789317918));
#3184 = CARTESIAN_POINT('',(1.,2.432328388158));
#3185 = CARTESIAN_POINT('',(1.,2.503867458398));
#3186 = CARTESIAN_POINT('',(1.,2.575406528638));
#3187 = CARTESIAN_POINT('',(1.,2.646945598878));
#3188 = CARTESIAN_POINT('',(1.,2.718484669118));
#3189 = CARTESIAN_POINT('',(1.,2.790023739358));
#3190 = CARTESIAN_POINT('',(1.,2.861562809598));
#3191 = CARTESIAN_POINT('',(1.,2.933101879838));
#3192 = CARTESIAN_POINT('',(1.,3.004640950078));
#3193 = CARTESIAN_POINT('',(1.,3.076180020318));
#3194 = CARTESIAN_POINT('',(1.,3.147719090558));
#3195 = CARTESIAN_POINT('',(1.,3.219258160798));
#3196 = CARTESIAN_POINT('',(1.,3.290797231038));
#3197 = CARTESIAN_POINT('',(1.,3.362336301278));
#3198 = CARTESIAN_POINT('',(1.,3.433875371518));
#3199 = CARTESIAN_POINT('',(1.,3.505414441757));
#3200 = CARTESIAN_POINT('',(1.,3.576953511997));
#3201 = CARTESIAN_POINT('',(1.,3.648492582237));
#3202 = CARTESIAN_POINT('',(1.,3.720031652477));
#3203 = CARTESIAN_POINT('',(1.,3.791570722717));
#3204 = CARTESIAN_POINT('',(1.,3.863109792957));
#3205 = CARTESIAN_POINT('',(1.,3.934648863197));
#3206 = CARTESIAN_POINT('',(1.,4.006187933437));
#3207 = CARTESIAN_POINT('',(1.,4.077727003677));
#3208 = CARTESIAN_POINT('',(1.,4.149266073917));
#3209 = CARTESIAN_POINT('',(1.,4.220805144157));
#3210 = CARTESIAN_POINT('',(1.,4.292344214397));
#3211 = CARTESIAN_POINT('',(1.,4.363883284637));
#3212 = CARTESIAN_POINT('',(1.,4.435422354877));
#3213 = CARTESIAN_POINT('',(1.,4.506961425117));
#3214 = CARTESIAN_POINT('',(1.,4.578500495357));
#3215 = CARTESIAN_POINT('',(1.,4.650039565597));
#3216 = CARTESIAN_POINT('',(1.,4.69773227909));
#3217 = CARTESIAN_POINT('',(1.,4.721578635837));
#3218 = ( GEOMETRIC_REPRESENTATION_CONTEXT(2) 
PARAMETRIC_REPRESENTATION_CONTEXT() REPRESENTATION_CONTEXT('2D SPACE',''
  ) );
#3219 = PCURVE('',#3220,#3249);
#3220 = B_SPLINE_SURFACE_WITH_KNOTS('',3,3,(
    (#3221,#3222,#3223,#3224)
    ,(#3225,#3226,#3227,#3228)
    ,(#3229,#3230,#3231,#3232)
    ,(#3233,#3234,#3235,#3236)
    ,(#3237,#3238,#3239,#3240)
    ,(#3241,#3242,#3243,#3244)
    ,(#3245,#3246,#3247,#3248
    )),.UNSPECIFIED.,.F.,.F.,.F.,(4,1,1,1,4),(4,4),(0.,0.285714285714,
    0.571428571429,0.714285714286,1.),(-1.465203975049,43.547251275714),
  .UNSPECIFIED.);
#3221 = CARTESIAN_POINT('',(-1.359612850843E+03,-344.6592760083,
    486.45591879986));
#3222 = CARTESIAN_POINT('',(-1.359692767545E+03,-194.6584567055,
    482.93646498595));
#3223 = CARTESIAN_POINT('',(-1.359765128559E+03,-44.65795086199,
    479.40750199727));
#3224 = CARTESIAN_POINT('',(-1.359831722158E+03,105.34233104265,
    475.87161144404));
#3225 = CARTESIAN_POINT('',(-1.361892961208E+03,-344.6578943387,
    486.51477171513));
#3226 = CARTESIAN_POINT('',(-1.361965620467E+03,-194.657362981,
    482.98295194827));
#3227 = CARTESIAN_POINT('',(-1.362031205721E+03,-44.65711544207,
    479.44296812803));
#3228 = CARTESIAN_POINT('',(-1.362091601485E+03,105.34292866399,
    475.89695850312));
#3229 = CARTESIAN_POINT('',(-1.366479405365E+03,-344.6799863276,
    485.57375232774));
#3230 = CARTESIAN_POINT('',(-1.366531596618E+03,-194.6799056208,
    482.02430069352));
#3231 = CARTESIAN_POINT('',(-1.366578738188E+03,-44.68006008829,
    478.46859775259));
#3232 = CARTESIAN_POINT('',(-1.366621957092E+03,105.31961797705,
    474.90827667548));
#3233 = CARTESIAN_POINT('',(-1.371104447773E+03,-344.7640443063,
    481.99326042438));
#3234 = CARTESIAN_POINT('',(-1.371129532562E+03,-194.7641388184,
    478.44229133687));
#3235 = CARTESIAN_POINT('',(-1.371152198373E+03,-44.76443892019,
    474.88542153744));
#3236 = CARTESIAN_POINT('',(-1.371172931306E+03,105.23511242294,
    471.32412208164));
#3237 = CARTESIAN_POINT('',(-1.374202604051E+03,-344.8774820043,
    477.16132458936));
#3238 = CARTESIAN_POINT('',(-1.374208032587E+03,-194.8775183417,
    473.62086296399));
#3239 = CARTESIAN_POINT('',(-1.374212924616E+03,-44.87775337725,
    470.07349289371));
#3240 = CARTESIAN_POINT('',(-1.374217402607E+03,105.12186826628,
    466.52107015705));
#3241 = CARTESIAN_POINT('',(-1.375E+03,-344.9576791162,473.74528824802)
  );
#3242 = CARTESIAN_POINT('',(-1.374999938709E+03,-194.9575829754,
    470.21613982241));
#3243 = CARTESIAN_POINT('',(-1.375000049837E+03,-44.95768669486,
    466.67911164243));
#3244 = CARTESIAN_POINT('',(-1.375E+03,105.04205937536,463.13611628012)
  );
#3245 = CARTESIAN_POINT('',(-1.375E+03,-345.0112115721,471.46504634729)
  );
#3246 = CARTESIAN_POINT('',(-1.375E+03,-195.0110249323,467.94354348471)
  );
#3247 = CARTESIAN_POINT('',(-1.375E+03,-45.0110423791,464.41334989585));
#3248 = CARTESIAN_POINT('',(-1.375E+03,104.98878842782,460.87672264194)
  );
#3249 = DEFINITIONAL_REPRESENTATION('',(#3250),#3320);
#3250 = B_SPLINE_CURVE_WITH_KNOTS('',3,(#3251,#3252,#3253,#3254,#3255,
    #3256,#3257,#3258,#3259,#3260,#3261,#3262,#3263,#3264,#3265,#3266,
    #3267,#3268,#3269,#3270,#3271,#3272,#3273,#3274,#3275,#3276,#3277,
    #3278,#3279,#3280,#3281,#3282,#3283,#3284,#3285,#3286,#3287,#3288,
    #3289,#3290,#3291,#3292,#3293,#3294,#3295,#3296,#3297,#3298,#3299,
    #3300,#3301,#3302,#3303,#3304,#3305,#3306,#3307,#3308,#3309,#3310,
    #3311,#3312,#3313,#3314,#3315,#3316,#3317,#3318,#3319),
  .UNSPECIFIED.,.F.,.F.,(4,1,1,1,1,1,1,1,1,1,1,1,1,1,1,1,1,1,1,1,1,1,1,1
    ,1,1,1,1,1,1,1,1,1,1,1,1,1,1,1,1,1,1,1,1,1,1,1,1,1,1,1,1,1,1,1,1,1,1
    ,1,1,1,1,1,1,1,1,4),(0.,7.153907023995E-02,0.14307814048,
    0.21461721072,0.28615628096,0.3576953512,0.42923442144,0.50077349168
    ,0.57231256192,0.64385163216,0.715390702399,0.786929772639,
    0.858468842879,0.930007913119,1.001546983359,1.073086053599,
    1.144625123839,1.216164194079,1.287703264319,1.359242334559,
    1.430781404799,1.502320475039,1.573859545279,1.645398615519,
    1.716937685759,1.788476755999,1.860015826239,1.931554896479,
    2.003093966719,2.074633036958,2.146172107198,2.217711177438,
    2.289250247678,2.360789317918,2.432328388158,2.503867458398,
    2.575406528638,2.646945598878,2.718484669118,2.790023739358,
    2.861562809598,2.933101879838,3.004640950078,3.076180020318,
    3.147719090558,3.219258160798,3.290797231038,3.362336301278,
    3.433875371518,3.505414441757,3.576953511997,3.648492582237,
    3.720031652477,3.791570722717,3.863109792957,3.934648863197,
    4.006187933437,4.077727003677,4.149266073917,4.220805144157,
    4.292344214397,4.363883284637,4.435422354877,4.506961425117,
    4.578500495357,4.650039565597,4.721578635837),
  .QUASI_UNIFORM_KNOTS.);
#3251 = CARTESIAN_POINT('',(1.563528900452E-02,0.976777686643));
#3252 = CARTESIAN_POINT('',(2.161273301125E-02,0.976777686585));
#3253 = CARTESIAN_POINT('',(3.359321254815E-02,0.976083435287));
#3254 = CARTESIAN_POINT('',(5.160957036114E-02,0.972995493645));
#3255 = CARTESIAN_POINT('',(6.964065597836E-02,0.967897168896));
#3256 = CARTESIAN_POINT('',(8.765476993912E-02,0.960824668047));
#3257 = CARTESIAN_POINT('',(0.105619687493,0.95181410346));
#3258 = CARTESIAN_POINT('',(0.123504208616,0.940901940407));
#3259 = CARTESIAN_POINT('',(0.141273228588,0.928123326932));
#3260 = CARTESIAN_POINT('',(0.158909851642,0.913519124652));
#3261 = CARTESIAN_POINT('',(0.176423784813,0.897138886955));
#3262 = CARTESIAN_POINT('',(0.193818923085,0.879030507868));
#3263 = CARTESIAN_POINT('',(0.211099836674,0.859242376993));
#3264 = CARTESIAN_POINT('',(0.228270090062,0.837822560864));
#3265 = CARTESIAN_POINT('',(0.245332350532,0.814819922594));
#3266 = CARTESIAN_POINT('',(0.262289541179,0.790280461955));
#3267 = CARTESIAN_POINT('',(0.279135097089,0.764274959379));
#3268 = CARTESIAN_POINT('',(0.295859508743,0.736879451494));
#3269 = CARTESIAN_POINT('',(0.312452721991,0.708168570068));
#3270 = CARTESIAN_POINT('',(0.328904057805,0.678217497144));
#3271 = CARTESIAN_POINT('',(0.34520300022,0.647100618551));
#3272 = CARTESIAN_POINT('',(0.36133743163,0.614894954721));
#3273 = CARTESIAN_POINT('',(0.377300438413,0.581667342453));
#3274 = CARTESIAN_POINT('',(0.3931067825,0.547442999757));
#3275 = CARTESIAN_POINT('',(0.408768142556,0.512252316452));
#3276 = CARTESIAN_POINT('',(0.424296459261,0.476124367715));
#3277 = CARTESIAN_POINT('',(0.439703100345,0.439088315532));
#3278 = CARTESIAN_POINT('',(0.454998428936,0.401174289339));
#3279 = CARTESIAN_POINT('',(0.470193993327,0.362408461993));
#3280 = CARTESIAN_POINT('',(0.485290728931,0.322838723555));
#3281 = CARTESIAN_POINT('',(0.500283107646,0.282525915855));
#3282 = CARTESIAN_POINT('',(0.515166507039,0.241527842969));
#3283 = CARTESIAN_POINT('',(0.529935469341,0.199903140209));
#3284 = CARTESIAN_POINT('',(0.544584239242,0.157710155858));
#3285 = CARTESIAN_POINT('',(0.559106563912,0.115007555227));
#3286 = CARTESIAN_POINT('',(0.573496182551,7.185302216708E-02));
#3287 = CARTESIAN_POINT('',(0.587764913394,2.825113327409E-02));
#3288 = CARTESIAN_POINT('',(0.601924340086,-1.579265674293E-02));
#3289 = CARTESIAN_POINT('',(0.615985821409,-6.027307202736E-02));
#3290 = CARTESIAN_POINT('',(0.629960473667,-0.105184999413));
#3291 = CARTESIAN_POINT('',(0.643858680153,-0.150522496113));
#3292 = CARTESIAN_POINT('',(0.657691735056,-0.196282775128));
#3293 = CARTESIAN_POINT('',(0.671464544102,-0.242449114836));
#3294 = CARTESIAN_POINT('',(0.685173820444,-0.288985678784));
#3295 = CARTESIAN_POINT('',(0.698817713884,-0.335860060403));
#3296 = CARTESIAN_POINT('',(0.712394550007,-0.383040038665));
#3297 = CARTESIAN_POINT('',(0.725907246035,-0.43050303806));
#3298 = CARTESIAN_POINT('',(0.739357622722,-0.478225527932));
#3299 = CARTESIAN_POINT('',(0.75274755451,-0.526184562293));
#3300 = CARTESIAN_POINT('',(0.766077381486,-0.574354372237));
#3301 = CARTESIAN_POINT('',(0.779347553984,-0.62271024068));
#3302 = CARTESIAN_POINT('',(0.792557044825,-0.671222095174));
#3303 = CARTESIAN_POINT('',(0.805711869435,-0.719886436096));
#3304 = CARTESIAN_POINT('',(0.81882394388,-0.76872204145));
#3305 = CARTESIAN_POINT('',(0.831904427802,-0.817745157082));
#3306 = CARTESIAN_POINT('',(0.844961953933,-0.866963570179));
#3307 = CARTESIAN_POINT('',(0.857995196668,-0.916349576815));
#3308 = CARTESIAN_POINT('',(0.87100415675,-0.965880379717));
#3309 = CARTESIAN_POINT('',(0.883988317422,-1.015531464514));
#3310 = CARTESIAN_POINT('',(0.896949773561,-1.065287965737));
#3311 = CARTESIAN_POINT('',(0.909890592463,-1.115135301406));
#3312 = CARTESIAN_POINT('',(0.922812845185,-1.165059321326));
#3313 = CARTESIAN_POINT('',(0.935717667107,-1.215042828066));
#3314 = CARTESIAN_POINT('',(0.948605659945,-1.265067014997));
#3315 = CARTESIAN_POINT('',(0.961477380747,-1.315113281493));
#3316 = CARTESIAN_POINT('',(0.97433345607,-1.365163704868));
#3317 = CARTESIAN_POINT('',(0.987174827554,-1.41520196213));
#3318 = CARTESIAN_POINT('',(0.995726411481,-1.448541658984));
#3319 = CARTESIAN_POINT('',(1.,-1.465203975049));
#3320 = ( GEOMETRIC_REPRESENTATION_CONTEXT(2) 
PARAMETRIC_REPRESENTATION_CONTEXT() REPRESENTATION_CONTEXT('2D SPACE',''
  ) );
#3321 = ORIENTED_EDGE('',*,*,#2812,.T.);
#3322 = ORIENTED_EDGE('',*,*,#3323,.F.);
#3323 = EDGE_CURVE('',#3123,#2785,#3324,.T.);
#3324 = SURFACE_CURVE('',#3325,(#3330,#3336),.PCURVE_S1.);
#3325 = CIRCLE('',#3326,10.);
#3326 = AXIS2_PLACEMENT_3D('',#3327,#3328,#3329);
#3327 = CARTESIAN_POINT('',(-1.36E+03,-320.0112115721,495.88494137034));
#3328 = DIRECTION('',(-1.,-4.263256414561E-13,-3.311431554566E-13));
#3329 = DIRECTION('',(3.410605131648E-13,-2.347647726693E-02,
    -0.999724389527));
#3330 = PCURVE('',#2910,#3331);
#3331 = DEFINITIONAL_REPRESENTATION('',(#3332),#3335);
#3332 = B_SPLINE_CURVE_WITH_KNOTS('',1,(#3333,#3334),.UNSPECIFIED.,.F.,
  .F.,(2,2),(0.,1.547317692503),.PIECEWISE_BEZIER_KNOTS.);
#3333 = CARTESIAN_POINT('',(1.,-5.856175336247E-13));
#3334 = CARTESIAN_POINT('',(7.347349434186E-15,-7.579122514812E-13));
#3335 = ( GEOMETRIC_REPRESENTATION_CONTEXT(2) 
PARAMETRIC_REPRESENTATION_CONTEXT() REPRESENTATION_CONTEXT('2D SPACE',''
  ) );
#3336 = PCURVE('',#3337,#3362);
#3337 = B_SPLINE_SURFACE_WITH_KNOTS('',3,3,(
    (#3338,#3339,#3340,#3341)
    ,(#3342,#3343,#3344,#3345)
    ,(#3346,#3347,#3348,#3349)
    ,(#3350,#3351,#3352,#3353)
    ,(#3354,#3355,#3356,#3357)
    ,(#3358,#3359,#3360,#3361
    )),.UNSPECIFIED.,.F.,.F.,.F.,(4,1,1,4),(4,4),(0.,0.285714285714,
    0.571428571429,1.),(0.,6.237467077347E-02),.UNSPECIFIED.);
#3338 = CARTESIAN_POINT('',(-1.36E+03,-320.2459763448,485.88769747507));
#3339 = CARTESIAN_POINT('',(-1.359875250658E+03,-320.2459763448,
    485.88769747507));
#3340 = CARTESIAN_POINT('',(-1.359750501317E+03,-320.245951987,
    485.88614015329));
#3341 = CARTESIAN_POINT('',(-1.359625790823E+03,-320.245903279,
    485.88302599548));
#3342 = CARTESIAN_POINT('',(-1.36E+03,-321.7192060929,485.92229325472));
#3343 = CARTESIAN_POINT('',(-1.359874974874E+03,-321.7192060929,
    485.92229325472));
#3344 = CARTESIAN_POINT('',(-1.359749913707E+03,-321.7191841335,
    485.92072852375));
#3345 = CARTESIAN_POINT('',(-1.35962492778E+03,-321.7191402386,
    485.91760040131));
#3346 = CARTESIAN_POINT('',(-1.36E+03,-324.6432561068,486.65547261298));
#3347 = CARTESIAN_POINT('',(-1.359868878653E+03,-324.6432561068,
    486.65547261298));
#3348 = CARTESIAN_POINT('',(-1.359737712157E+03,-324.6432404301,
    486.65382680538));
#3349 = CARTESIAN_POINT('',(-1.359606632277E+03,-324.6432092349,
    486.65053676288));
#3350 = CARTESIAN_POINT('',(-1.36E+03,-328.7390163425,490.00314417286));
#3351 = CARTESIAN_POINT('',(-1.35984101943E+03,-328.7390163425,
    490.00314417286));
#3352 = CARTESIAN_POINT('',(-1.359682024387E+03,-328.7390121664,
    490.00115089294));
#3353 = CARTESIAN_POINT('',(-1.359523093986E+03,-328.7390038619,
    489.99716530947));
#3354 = CARTESIAN_POINT('',(-1.36E+03,-330.0112115721,493.67448752391));
#3355 = CARTESIAN_POINT('',(-1.359810493879E+03,-330.0112115721,
    493.67448752391));
#3356 = CARTESIAN_POINT('',(-1.359620925155E+03,-330.0112114498,
    493.6721184498));
#3357 = CARTESIAN_POINT('',(-1.3594314783E+03,-330.0112115721,
    493.66738248935));
#3358 = CARTESIAN_POINT('',(-1.36E+03,-330.0112115721,495.88494137034));
#3359 = CARTESIAN_POINT('',(-1.359792084431E+03,-330.0112115721,
    495.88494137034));
#3360 = CARTESIAN_POINT('',(-1.359584168862E+03,-330.0112115721,
    495.88234678736));
#3361 = CARTESIAN_POINT('',(-1.359376318039E+03,-330.0112115721,
    495.87715843069));
#3362 = DEFINITIONAL_REPRESENTATION('',(#3363),#3366);
#3363 = B_SPLINE_CURVE_WITH_KNOTS('',1,(#3364,#3365),.UNSPECIFIED.,.F.,
  .F.,(2,2),(0.,1.547317692503),.PIECEWISE_BEZIER_KNOTS.);
#3364 = CARTESIAN_POINT('',(1.134779644303E-14,5.684169598105E-13));
#3365 = CARTESIAN_POINT('',(1.,3.932868804639E-13));
#3366 = ( GEOMETRIC_REPRESENTATION_CONTEXT(2) 
PARAMETRIC_REPRESENTATION_CONTEXT() REPRESENTATION_CONTEXT('2D SPACE',''
  ) );
#3367 = ADVANCED_FACE('',(#3368),#3337,.T.);
#3368 = FACE_BOUND('',#3369,.T.);
#3369 = EDGE_LOOP('',(#3370,#3419,#3440,#3441));
#3370 = ORIENTED_EDGE('',*,*,#3371,.F.);
#3371 = EDGE_CURVE('',#3372,#3374,#3376,.T.);
#3372 = VERTEX_POINT('',#3373);
#3373 = CARTESIAN_POINT('',(-1.359625790823E+03,-320.245903279,
    485.88302599548));
#3374 = VERTEX_POINT('',#3375);
#3375 = CARTESIAN_POINT('',(-1.359376318039E+03,-330.0112115721,
    495.87715843069));
#3376 = SURFACE_CURVE('',#3377,(#3382,#3388),.PCURVE_S1.);
#3377 = CIRCLE('',#3378,10.);
#3378 = AXIS2_PLACEMENT_3D('',#3379,#3380,#3381);
#3379 = CARTESIAN_POINT('',(-1.359376318039E+03,-320.0112115721,
    495.87715843069));
#3380 = DIRECTION('',(-0.999688596668,0.,2.495415179562E-02));
#3381 = DIRECTION('',(-2.494727845101E-02,-2.346917068766E-02,
    -0.999413243521));
#3382 = PCURVE('',#3337,#3383);
#3383 = DEFINITIONAL_REPRESENTATION('',(#3384),#3387);
#3384 = B_SPLINE_CURVE_WITH_KNOTS('',1,(#3385,#3386),.UNSPECIFIED.,.F.,
  .F.,(2,2),(0.,1.547325001095),.PIECEWISE_BEZIER_KNOTS.);
#3385 = CARTESIAN_POINT('',(4.015278474965E-14,6.237467077348E-02));
#3386 = CARTESIAN_POINT('',(1.,6.237467077347E-02));
#3387 = ( GEOMETRIC_REPRESENTATION_CONTEXT(2) 
PARAMETRIC_REPRESENTATION_CONTEXT() REPRESENTATION_CONTEXT('2D SPACE',''
  ) );
#3388 = PCURVE('',#3389,#3414);
#3389 = B_SPLINE_SURFACE_WITH_KNOTS('',3,3,(
    (#3390,#3391,#3392,#3393)
    ,(#3394,#3395,#3396,#3397)
    ,(#3398,#3399,#3400,#3401)
    ,(#3402,#3403,#3404,#3405)
    ,(#3406,#3407,#3408,#3409)
    ,(#3410,#3411,#3412,#3413
    )),.UNSPECIFIED.,.F.,.F.,.F.,(4,1,1,4),(4,4),(0.,0.285714285714,
    0.571428571429,1.),(-9.498612217401E-12,27.138318905886),
  .UNSPECIFIED.);
#3390 = CARTESIAN_POINT('',(-1.088078211738E+03,-330.0112115721,
    489.08211278958));
#3391 = CARTESIAN_POINT('',(-1.178510720943E+03,-330.0112115721,
    491.35482080074));
#3392 = CARTESIAN_POINT('',(-1.268943424896E+03,-330.0112115721,
    493.6197793325));
#3393 = CARTESIAN_POINT('',(-1.359376318039E+03,-330.0112115721,
    495.87715843069));
#3394 = CARTESIAN_POINT('',(-1.088115406753E+03,-330.0112115721,
    487.60209932581));
#3395 = CARTESIAN_POINT('',(-1.178547792914E+03,-330.0112070873,
    489.87633856837));
#3396 = CARTESIAN_POINT('',(-1.268980356453E+03,-330.0112204075,
    492.14356152119));
#3397 = CARTESIAN_POINT('',(-1.359413091546E+03,-330.0112115721,
    494.4039744698));
#3398 = CARTESIAN_POINT('',(-1.088189621986E+03,-329.3406092325,
    484.64902757941));
#3399 = CARTESIAN_POINT('',(-1.178621763E+03,-329.342011611,
    486.92630471537));
#3400 = CARTESIAN_POINT('',(-1.269054048002E+03,-329.3441113642,
    489.1979867147));
#3401 = CARTESIAN_POINT('',(-1.359486468501E+03,-329.3468745185,
    491.46441934684));
#3402 = CARTESIAN_POINT('',(-1.088294729043E+03,-326.061290305,
    480.46675039906));
#3403 = CARTESIAN_POINT('',(-1.178726574023E+03,-326.0691258736,
    482.74631186318));
#3404 = CARTESIAN_POINT('',(-1.269158534717E+03,-326.0807963684,
    485.02146947854));
#3405 = CARTESIAN_POINT('',(-1.359590608007E+03,-326.0962504803,
    487.29248524903));
#3406 = CARTESIAN_POINT('',(-1.088328505544E+03,-322.3945459699,
    479.12276177488));
#3407 = CARTESIAN_POINT('',(-1.17876034953E+03,-322.4082551061,
    481.39928998039));
#3408 = CARTESIAN_POINT('',(-1.269192352029E+03,-322.4286696731,
    483.66976945137));
#3409 = CARTESIAN_POINT('',(-1.359624496258E+03,-322.4557587184,
    485.93488760423));
#3410 = CARTESIAN_POINT('',(-1.088329414448E+03,-320.1741195071,
    479.08659588432));
#3411 = CARTESIAN_POINT('',(-1.178761346731E+03,-320.1901790722,
    481.35955113696));
#3412 = CARTESIAN_POINT('',(-1.269193474043E+03,-320.2141105007,
    483.6249146962));
#3413 = CARTESIAN_POINT('',(-1.359625790823E+03,-320.245903279,
    485.88302599548));
#3414 = DEFINITIONAL_REPRESENTATION('',(#3415),#3418);
#3415 = B_SPLINE_CURVE_WITH_KNOTS('',1,(#3416,#3417),.UNSPECIFIED.,.F.,
  .F.,(2,2),(0.,1.547325001095),.PIECEWISE_BEZIER_KNOTS.);
#3416 = CARTESIAN_POINT('',(1.,27.138318905886));
#3417 = CARTESIAN_POINT('',(1.422526312732E-15,27.138318905886));
#3418 = ( GEOMETRIC_REPRESENTATION_CONTEXT(2) 
PARAMETRIC_REPRESENTATION_CONTEXT() REPRESENTATION_CONTEXT('2D SPACE',''
  ) );
#3419 = ORIENTED_EDGE('',*,*,#3420,.T.);
#3420 = EDGE_CURVE('',#3372,#3123,#3421,.T.);
#3421 = SURFACE_CURVE('',#3422,(#3427,#3434),.PCURVE_S1.);
#3422 = B_SPLINE_CURVE_WITH_KNOTS('',3,(#3423,#3424,#3425,#3426),
  .UNSPECIFIED.,.F.,.F.,(4,4),(-6.237467077347E-02,0.),
  .PIECEWISE_BEZIER_KNOTS.);
#3423 = CARTESIAN_POINT('',(-1.359625790823E+03,-320.245903279,
    485.88302599548));
#3424 = CARTESIAN_POINT('',(-1.359750501317E+03,-320.245951987,
    485.88614015329));
#3425 = CARTESIAN_POINT('',(-1.359875250658E+03,-320.2459763448,
    485.88769747507));
#3426 = CARTESIAN_POINT('',(-1.36E+03,-320.2459763448,485.88769747507));
#3427 = PCURVE('',#3337,#3428);
#3428 = DEFINITIONAL_REPRESENTATION('',(#3429),#3433);
#3429 = LINE('',#3430,#3431);
#3430 = CARTESIAN_POINT('',(-3.342852411976E-15,1.112304692796E-14));
#3431 = VECTOR('',#3432,1.);
#3432 = DIRECTION('',(-4.964413696047E-14,-1.));
#3433 = ( GEOMETRIC_REPRESENTATION_CONTEXT(2) 
PARAMETRIC_REPRESENTATION_CONTEXT() REPRESENTATION_CONTEXT('2D SPACE',''
  ) );
#3434 = PCURVE('',#3220,#3435);
#3435 = DEFINITIONAL_REPRESENTATION('',(#3436),#3439);
#3436 = B_SPLINE_CURVE_WITH_KNOTS('',1,(#3437,#3438),.UNSPECIFIED.,.F.,
  .F.,(2,2),(-6.237467077347E-02,0.),.PIECEWISE_BEZIER_KNOTS.);
#3437 = CARTESIAN_POINT('',(-1.870320883726E-08,0.976795958286));
#3438 = CARTESIAN_POINT('',(1.563528900452E-02,0.976777686643));
#3439 = ( GEOMETRIC_REPRESENTATION_CONTEXT(2) 
PARAMETRIC_REPRESENTATION_CONTEXT() REPRESENTATION_CONTEXT('2D SPACE',''
  ) );
#3440 = ORIENTED_EDGE('',*,*,#3323,.T.);
#3441 = ORIENTED_EDGE('',*,*,#3442,.T.);
#3442 = EDGE_CURVE('',#2785,#3374,#3443,.T.);
#3443 = SURFACE_CURVE('',#3444,(#3449,#3456),.PCURVE_S1.);
#3444 = B_SPLINE_CURVE_WITH_KNOTS('',3,(#3445,#3446,#3447,#3448),
  .UNSPECIFIED.,.F.,.F.,(4,4),(0.,6.237467077347E-02),
  .PIECEWISE_BEZIER_KNOTS.);
#3445 = CARTESIAN_POINT('',(-1.36E+03,-330.0112115721,495.88494137034));
#3446 = CARTESIAN_POINT('',(-1.359792084431E+03,-330.0112115721,
    495.88494137034));
#3447 = CARTESIAN_POINT('',(-1.359584168862E+03,-330.0112115721,
    495.88234678736));
#3448 = CARTESIAN_POINT('',(-1.359376318039E+03,-330.0112115721,
    495.87715843069));
#3449 = PCURVE('',#3337,#3450);
#3450 = DEFINITIONAL_REPRESENTATION('',(#3451),#3455);
#3451 = LINE('',#3452,#3453);
#3452 = CARTESIAN_POINT('',(1.,-1.598573532428E-14));
#3453 = VECTOR('',#3454,1.);
#3454 = DIRECTION('',(-2.669889101275E-14,1.));
#3455 = ( GEOMETRIC_REPRESENTATION_CONTEXT(2) 
PARAMETRIC_REPRESENTATION_CONTEXT() REPRESENTATION_CONTEXT('2D SPACE',''
  ) );
#3456 = PCURVE('',#2800,#3457);
#3457 = DEFINITIONAL_REPRESENTATION('',(#3458),#3463);
#3458 = B_SPLINE_CURVE_WITH_KNOTS('',3,(#3459,#3460,#3461,#3462),
  .UNSPECIFIED.,.F.,.F.,(4,4),(0.,6.237467077347E-02),
  .PIECEWISE_BEZIER_KNOTS.);
#3459 = CARTESIAN_POINT('',(-45.62237949056,-1.349705959728E+03));
#3460 = CARTESIAN_POINT('',(-45.62237949056,-1.349498044159E+03));
#3461 = CARTESIAN_POINT('',(-45.62497407354,-1.349290128591E+03));
#3462 = CARTESIAN_POINT('',(-45.63016243022,-1.349082277767E+03));
#3463 = ( GEOMETRIC_REPRESENTATION_CONTEXT(2) 
PARAMETRIC_REPRESENTATION_CONTEXT() REPRESENTATION_CONTEXT('2D SPACE',''
  ) );
#3464 = ADVANCED_FACE('',(#3465),#3389,.T.);
#3465 = FACE_BOUND('',#3466,.T.);
#3466 = EDGE_LOOP('',(#3467,#3507,#3508,#3533,#3874));
#3467 = ORIENTED_EDGE('',*,*,#3468,.T.);
#3468 = EDGE_CURVE('',#3469,#3372,#3471,.T.);
#3469 = VERTEX_POINT('',#3470);
#3470 = CARTESIAN_POINT('',(-1.088329414448E+03,-320.1741195071,
    479.08659588432));
#3471 = SURFACE_CURVE('',#3472,(#3477,#3484),.PCURVE_S1.);
#3472 = B_SPLINE_CURVE_WITH_KNOTS('',3,(#3473,#3474,#3475,#3476),
  .UNSPECIFIED.,.F.,.F.,(4,4),(-9.498612217401E-12,27.138318905886),
  .PIECEWISE_BEZIER_KNOTS.);
#3473 = CARTESIAN_POINT('',(-1.088329414448E+03,-320.1741195071,
    479.08659588432));
#3474 = CARTESIAN_POINT('',(-1.178761346731E+03,-320.1901790722,
    481.35955113696));
#3475 = CARTESIAN_POINT('',(-1.269193474043E+03,-320.2141105007,
    483.6249146962));
#3476 = CARTESIAN_POINT('',(-1.359625790823E+03,-320.245903279,
    485.88302599548));
#3477 = PCURVE('',#3389,#3478);
#3478 = DEFINITIONAL_REPRESENTATION('',(#3479),#3483);
#3479 = LINE('',#3480,#3481);
#3480 = CARTESIAN_POINT('',(1.,-1.182727184877E-14));
#3481 = VECTOR('',#3482,1.);
#3482 = DIRECTION('',(9.000154588222E-17,1.));
#3483 = ( GEOMETRIC_REPRESENTATION_CONTEXT(2) 
PARAMETRIC_REPRESENTATION_CONTEXT() REPRESENTATION_CONTEXT('2D SPACE',''
  ) );
#3484 = PCURVE('',#3485,#3502);
#3485 = B_SPLINE_SURFACE_WITH_KNOTS('',3,3,(
    (#3486,#3487,#3488,#3489)
    ,(#3490,#3491,#3492,#3493)
    ,(#3494,#3495,#3496,#3497)
    ,(#3498,#3499,#3500,#3501
    )),.UNSPECIFIED.,.F.,.F.,.F.,(4,4),(4,4),(0.,0.95159902871),(
    2.170068509583E-02,0.96745231693),.PIECEWISE_BEZIER_KNOTS.);
#3486 = CARTESIAN_POINT('',(-1.088333919181E+03,-320.245903279,
    479.08787903429));
#3487 = CARTESIAN_POINT('',(-1.079431436386E+03,-178.3831585039,
    476.55205273973));
#3488 = CARTESIAN_POINT('',(-1.070528953591E+03,-36.5204137289,
    474.01622644516));
#3489 = CARTESIAN_POINT('',(-1.061626470796E+03,105.34233104616,
    471.4804001506));
#3490 = CARTESIAN_POINT('',(-1.179264180146E+03,-320.245903279,
    481.37321205503));
#3491 = CARTESIAN_POINT('',(-1.173183716204E+03,-178.3831585039,
    478.6795714081));
#3492 = CARTESIAN_POINT('',(-1.167103252267E+03,-36.5204137289,
    475.98593044395));
#3493 = CARTESIAN_POINT('',(-1.161022788324E+03,105.34233104616,
    473.29228979702));
#3494 = CARTESIAN_POINT('',(-1.27019458177E+03,-320.245903279,
    483.6507360222));
#3495 = CARTESIAN_POINT('',(-1.266938180056E+03,-178.3831585039,
    480.68583710758));
#3496 = CARTESIAN_POINT('',(-1.263681778346E+03,-36.5204137289,
    477.72093787575));
#3497 = CARTESIAN_POINT('',(-1.260425376632E+03,105.34233104616,
    474.75603896113));
#3498 = CARTESIAN_POINT('',(-1.361125067671E+03,-320.245903279,
    485.92045012382));
#3499 = CARTESIAN_POINT('',(-1.3606939525E+03,-178.3831585039,
    482.57083723053));
#3500 = CARTESIAN_POINT('',(-1.360262837329E+03,-36.5204137289,
    479.22122433725));
#3501 = CARTESIAN_POINT('',(-1.359831722158E+03,105.34233104616,
    475.87161144396));
#3502 = DEFINITIONAL_REPRESENTATION('',(#3503),#3506);
#3503 = B_SPLINE_CURVE_WITH_KNOTS('',1,(#3504,#3505),.UNSPECIFIED.,.F.,
  .F.,(2,2),(-9.498612217401E-12,27.138318905886),
  .PIECEWISE_BEZIER_KNOTS.);
#3504 = CARTESIAN_POINT('',(-3.208741238733E-13,2.186020458903E-02));
#3505 = CARTESIAN_POINT('',(0.946368988109,2.170068509583E-02));
#3506 = ( GEOMETRIC_REPRESENTATION_CONTEXT(2) 
PARAMETRIC_REPRESENTATION_CONTEXT() REPRESENTATION_CONTEXT('2D SPACE',''
  ) );
#3507 = ORIENTED_EDGE('',*,*,#3371,.T.);
#3508 = ORIENTED_EDGE('',*,*,#3509,.T.);
#3509 = EDGE_CURVE('',#3374,#3510,#3512,.T.);
#3510 = VERTEX_POINT('',#3511);
#3511 = CARTESIAN_POINT('',(-1.088210553769E+03,-330.0112115721,
    489.08543874279));
#3512 = SURFACE_CURVE('',#3513,(#3518,#3525),.PCURVE_S1.);
#3513 = B_SPLINE_CURVE_WITH_KNOTS('',3,(#3514,#3515,#3516,#3517),
  .UNSPECIFIED.,.F.,.F.,(4,4),(-27.13831890588,-1.323838172438E-02),
  .PIECEWISE_BEZIER_KNOTS.);
#3514 = CARTESIAN_POINT('',(-1.359376318039E+03,-330.0112115721,
    495.87715843069));
#3515 = CARTESIAN_POINT('',(-1.268987539093E+03,-330.0112115721,
    493.62088050779));
#3516 = CARTESIAN_POINT('',(-1.178598949153E+03,-330.0112115721,
    491.35703054419));
#3517 = CARTESIAN_POINT('',(-1.088210553769E+03,-330.0112115721,
    489.08543874278));
#3518 = PCURVE('',#3389,#3519);
#3519 = DEFINITIONAL_REPRESENTATION('',(#3520),#3524);
#3520 = LINE('',#3521,#3522);
#3521 = CARTESIAN_POINT('',(-4.713216983181E-14,1.42108547152E-14));
#3522 = VECTOR('',#3523,1.);
#3523 = DIRECTION('',(-1.78915637011E-15,-1.));
#3524 = ( GEOMETRIC_REPRESENTATION_CONTEXT(2) 
PARAMETRIC_REPRESENTATION_CONTEXT() REPRESENTATION_CONTEXT('2D SPACE',''
  ) );
#3525 = PCURVE('',#2800,#3526);
#3526 = DEFINITIONAL_REPRESENTATION('',(#3527),#3532);
#3527 = B_SPLINE_CURVE_WITH_KNOTS('',3,(#3528,#3529,#3530,#3531),
  .UNSPECIFIED.,.F.,.F.,(4,4),(-27.13831890588,-1.323838172438E-02),
  .PIECEWISE_BEZIER_KNOTS.);
#3528 = CARTESIAN_POINT('',(-45.63016243022,-1.349082277767E+03));
#3529 = CARTESIAN_POINT('',(-47.88644035312,-1.258693498821E+03));
#3530 = CARTESIAN_POINT('',(-50.15029031672,-1.168304908881E+03));
#3531 = CARTESIAN_POINT('',(-52.42188211812,-1.077916513498E+03));
#3532 = ( GEOMETRIC_REPRESENTATION_CONTEXT(2) 
PARAMETRIC_REPRESENTATION_CONTEXT() REPRESENTATION_CONTEXT('2D SPACE',''
  ) );
#3533 = ORIENTED_EDGE('',*,*,#3534,.T.);
#3534 = EDGE_CURVE('',#3510,#3535,#3537,.T.);
#3535 = VERTEX_POINT('',#3536);
#3536 = CARTESIAN_POINT('',(-1.088329933576E+03,-320.1907210225,
    479.08689329471));
#3537 = SURFACE_CURVE('',#3538,(#3615,#3732),.PCURVE_S1.);
#3538 = B_SPLINE_CURVE_WITH_KNOTS('',3,(#3539,#3540,#3541,#3542,#3543,
    #3544,#3545,#3546,#3547,#3548,#3549,#3550,#3551,#3552,#3553,#3554,
    #3555,#3556,#3557,#3558,#3559,#3560,#3561,#3562,#3563,#3564,#3565,
    #3566,#3567,#3568,#3569,#3570,#3571,#3572,#3573,#3574,#3575,#3576,
    #3577,#3578,#3579,#3580,#3581,#3582,#3583,#3584,#3585,#3586,#3587,
    #3588,#3589,#3590,#3591,#3592,#3593,#3594,#3595,#3596,#3597,#3598,
    #3599,#3600,#3601,#3602,#3603,#3604,#3605,#3606,#3607,#3608,#3609,
    #3610,#3611,#3612,#3613,#3614),.UNSPECIFIED.,.F.,.F.,(4,3,3,3,3,3,3,
    3,3,3,3,3,3,3,3,3,3,3,3,3,3,3,3,3,3,4),(-1.576554602463E-03,0.,
    7.374849921723E-02,0.151378322585,0.226634748687,0.305451270688,
    0.379663510178,0.384267792689,0.443847089615,0.518271410166,
    0.593516599611,0.668665557744,0.742919234864,0.77493652243,
    0.8500888104,0.889419116855,0.96428202408,1.039626574422,
    1.11491825971,1.165569889376,1.240540302676,1.319451358857,
    1.394544635214,1.468926802985,1.541873085277,1.5561845274),
  .UNSPECIFIED.);
#3539 = CARTESIAN_POINT('',(-1.088210553769E+03,-330.0112115721,
    489.08543874278));
#3540 = CARTESIAN_POINT('',(-1.088210616523E+03,-330.0112115721,
    489.08018393549));
#3541 = CARTESIAN_POINT('',(-1.088210679275E+03,-330.011207348,
    489.07492917299));
#3542 = CARTESIAN_POINT('',(-1.088210742027E+03,-330.0111989014,
    489.06967445945));
#3543 = CARTESIAN_POINT('',(-1.088213677425E+03,-330.0108037845,
    488.82386804318));
#3544 = CARTESIAN_POINT('',(-1.088216605153E+03,-330.0011739827,
    488.57860137468));
#3545 = CARTESIAN_POINT('',(-1.088219520158E+03,-329.9825376814,
    488.33433198663));
#3546 = CARTESIAN_POINT('',(-1.088222588578E+03,-329.9629205667,
    488.07720689731));
#3547 = CARTESIAN_POINT('',(-1.088225642916E+03,-329.933324313,
    487.82118619058));
#3548 = CARTESIAN_POINT('',(-1.0882286774E+03,-329.8939542861,
    487.56679872887));
#3549 = CARTESIAN_POINT('',(-1.088231619111E+03,-329.8557879294,
    487.32018872278));
#3550 = CARTESIAN_POINT('',(-1.088234542179E+03,-329.8084358461,
    487.07511300136));
#3551 = CARTESIAN_POINT('',(-1.088237441218E+03,-329.7520317972,
    486.83205847701));
#3552 = CARTESIAN_POINT('',(-1.0882404774E+03,-329.6929594868,
    486.57750596558));
#3553 = CARTESIAN_POINT('',(-1.088243487248E+03,-329.6239587931,
    486.32516954814));
#3554 = CARTESIAN_POINT('',(-1.088246464144E+03,-329.5451244328,
    486.07562560075));
#3555 = CARTESIAN_POINT('',(-1.088249267137E+03,-329.4708953971,
    485.84065944497));
#3556 = CARTESIAN_POINT('',(-1.088252040927E+03,-329.3879474319,
    485.6081686298));
#3557 = CARTESIAN_POINT('',(-1.088254779404E+03,-329.2963128742,
    485.37865767786));
#3558 = CARTESIAN_POINT('',(-1.088254949305E+03,-329.2906276746,
    485.36441833851));
#3559 = CARTESIAN_POINT('',(-1.088255119069E+03,-329.2849090243,
    485.35019047829));
#3560 = CARTESIAN_POINT('',(-1.088255288696E+03,-329.2791569255,
    485.3359742214));
#3561 = CARTESIAN_POINT('',(-1.088257483664E+03,-329.2047249147,
    485.15201622386));
#3562 = CARTESIAN_POINT('',(-1.088259649434E+03,-329.1249058509,
    484.97052475718));
#3563 = CARTESIAN_POINT('',(-1.088261783039E+03,-329.0397873339,
    484.79173326209));
#3564 = CARTESIAN_POINT('',(-1.088264448262E+03,-328.9334603358,
    484.56839333986));
#3565 = CARTESIAN_POINT('',(-1.088267063315E+03,-328.8188655428,
    484.34926562745));
#3566 = CARTESIAN_POINT('',(-1.088269623906E+03,-328.6963829232,
    484.13474592542));
#3567 = CARTESIAN_POINT('',(-1.088272212738E+03,-328.5725493719,
    483.91786016147));
#3568 = CARTESIAN_POINT('',(-1.088274745914E+03,-328.4406527215,
    483.70568404216));
#3569 = CARTESIAN_POINT('',(-1.08827721845E+03,-328.3010373004,
    483.49864828056));
#3570 = CARTESIAN_POINT('',(-1.088279687824E+03,-328.1616004338,
    483.29187729765));
#3571 = CARTESIAN_POINT('',(-1.088282096728E+03,-328.0144641223,
    483.0902329921));
#3572 = CARTESIAN_POINT('',(-1.088284439447E+03,-327.8599289669,
    482.89417425368));
#3573 = CARTESIAN_POINT('',(-1.088286754257E+03,-327.7072348535,
    482.70045124513));
#3574 = CARTESIAN_POINT('',(-1.088289004462E+03,-327.5473166953,
    482.51218104993));
#3575 = CARTESIAN_POINT('',(-1.088291183634E+03,-327.3804294396,
    482.32984283344));
#3576 = CARTESIAN_POINT('',(-1.088292123267E+03,-327.3084696732,
    482.25122079964));
#3577 = CARTESIAN_POINT('',(-1.088293049681E+03,-327.2352137846,
    482.17370216148));
#3578 = CARTESIAN_POINT('',(-1.088293962298E+03,-327.1606804746,
    482.09732779204));
#3579 = CARTESIAN_POINT('',(-1.08829610443E+03,-326.9857328384,
    481.9180587458));
#3580 = CARTESIAN_POINT('',(-1.08829816296E+03,-326.8043842844,
    481.74574200802));
#3581 = CARTESIAN_POINT('',(-1.088300131572E+03,-326.616993957,
    481.58078584824));
#3582 = CARTESIAN_POINT('',(-1.088301161828E+03,-326.5189248336,
    481.49445745437));
#3583 = CARTESIAN_POINT('',(-1.088302167445E+03,-326.4192002105,
    481.4101454749));
#3584 = CARTESIAN_POINT('',(-1.088303147431E+03,-326.3178670156,
    481.32791184135));
#3585 = CARTESIAN_POINT('',(-1.088305012778E+03,-326.1249852853,
    481.17138499389));
#3586 = CARTESIAN_POINT('',(-1.088306785327E+03,-325.9262776273,
    481.02238560457));
#3587 = CARTESIAN_POINT('',(-1.088308465743E+03,-325.7222587117,
    480.88104236362));
#3588 = CARTESIAN_POINT('',(-1.08831015697E+03,-325.5169272062,
    480.73878976714));
#3589 = CARTESIAN_POINT('',(-1.088311754881E+03,-325.3062153084,
    480.60429186786));
#3590 = CARTESIAN_POINT('',(-1.088313259061E+03,-325.0906170107,
    480.47772320321));
#3591 = CARTESIAN_POINT('',(-1.088314762186E+03,-324.8751699863,
    480.35124334471));
#3592 = CARTESIAN_POINT('',(-1.088316171719E+03,-324.6548428083,
    480.2326813542));
#3593 = CARTESIAN_POINT('',(-1.088317486065E+03,-324.4301068243,
    480.12225842327));
#3594 = CARTESIAN_POINT('',(-1.088318370276E+03,-324.2789182329,
    480.04797264546));
#3595 = CARTESIAN_POINT('',(-1.088319211384E+03,-324.1257338785,
    479.97737139411));
#3596 = CARTESIAN_POINT('',(-1.088320008579E+03,-323.9706938557,
    479.91053486078));
#3597 = CARTESIAN_POINT('',(-1.088321188522E+03,-323.7412162522,
    479.81160887242));
#3598 = CARTESIAN_POINT('',(-1.088322268112E+03,-323.5085052817,
    479.72128651449));
#3599 = CARTESIAN_POINT('',(-1.088323245894E+03,-323.273075809,
    479.63968372756));
#3600 = CARTESIAN_POINT('',(-1.088324275071E+03,-323.0252715417,
    479.55379168269));
#3601 = CARTESIAN_POINT('',(-1.088325191474E+03,-322.7744550012,
    479.47755923958));
#3602 = CARTESIAN_POINT('',(-1.088325992059E+03,-322.5211964888,
    479.4111752577));
#3603 = CARTESIAN_POINT('',(-1.088326753911E+03,-322.2801908253,
    479.3480029858));
#3604 = CARTESIAN_POINT('',(-1.088327410875E+03,-322.0369729732,
    479.2937494497));
#3605 = CARTESIAN_POINT('',(-1.088327959078E+03,-321.7920179746,
    479.24862719482));
#3606 = CARTESIAN_POINT('',(-1.088328502089E+03,-321.5493826191,
    479.20393223283));
#3607 = CARTESIAN_POINT('',(-1.088328938391E+03,-321.3050422702,
    479.16819627794));
#3608 = CARTESIAN_POINT('',(-1.088329262952E+03,-321.0594519448,
    479.1416763092));
#3609 = CARTESIAN_POINT('',(-1.088329581248E+03,-320.8186025351,
    479.11566828626));
#3610 = CARTESIAN_POINT('',(-1.088329792076E+03,-320.5765504111,
    479.09852380791));
#3611 = CARTESIAN_POINT('',(-1.088329889429E+03,-320.3337265688,
    479.09053542059));
#3612 = CARTESIAN_POINT('',(-1.088329908529E+03,-320.2860865897,
    479.08896816672));
#3613 = CARTESIAN_POINT('',(-1.088329923257E+03,-320.238416926,
    479.08775350025));
#3614 = CARTESIAN_POINT('',(-1.088329933562E+03,-320.1907208679,
    479.08689386635));
#3615 = PCURVE('',#3389,#3616);
#3616 = DEFINITIONAL_REPRESENTATION('',(#3617),#3731);
#3617 = B_SPLINE_CURVE_WITH_KNOTS('',3,(#3618,#3619,#3620,#3621,#3622,
    #3623,#3624,#3625,#3626,#3627,#3628,#3629,#3630,#3631,#3632,#3633,
    #3634,#3635,#3636,#3637,#3638,#3639,#3640,#3641,#3642,#3643,#3644,
    #3645,#3646,#3647,#3648,#3649,#3650,#3651,#3652,#3653,#3654,#3655,
    #3656,#3657,#3658,#3659,#3660,#3661,#3662,#3663,#3664,#3665,#3666,
    #3667,#3668,#3669,#3670,#3671,#3672,#3673,#3674,#3675,#3676,#3677,
    #3678,#3679,#3680,#3681,#3682,#3683,#3684,#3685,#3686,#3687,#3688,
    #3689,#3690,#3691,#3692,#3693,#3694,#3695,#3696,#3697,#3698,#3699,
    #3700,#3701,#3702,#3703,#3704,#3705,#3706,#3707,#3708,#3709,#3710,
    #3711,#3712,#3713,#3714,#3715,#3716,#3717,#3718,#3719,#3720,#3721,
    #3722,#3723,#3724,#3725,#3726,#3727,#3728,#3729,#3730),
  .UNSPECIFIED.,.F.,.F.,(4,1,1,1,1,1,1,1,1,1,1,1,1,1,1,1,1,1,1,1,1,1,1,1
    ,1,1,1,1,1,1,1,1,1,1,1,1,1,1,1,1,1,1,1,1,1,1,1,1,1,1,1,1,1,1,1,1,1,1
    ,1,1,1,1,1,1,1,1,1,1,1,1,1,1,1,1,1,1,1,1,1,1,1,1,1,1,1,1,1,1,1,1,1,1
    ,1,1,1,1,1,1,1,1,1,1,1,1,1,1,1,1,1,1,4),(-1.576554602463E-03,
    1.258490964819E-02,2.674637389884E-02,4.090783814948E-02,
    5.506930240013E-02,6.923076665078E-02,8.339223090143E-02,
    9.755369515208E-02,0.111715159403,0.125876623653,0.140038087904,
    0.154199552155,0.168361016405,0.182522480656,0.196683944907,
    0.210845409157,0.225006873408,0.239168337659,0.253329801909,
    0.26749126616,0.281652730411,0.295814194661,0.309975658912,
    0.324137123162,0.338298587413,0.352460051664,0.366621515914,
    0.380782980165,0.394944444416,0.409105908666,0.423267372917,
    0.437428837168,0.451590301418,0.465751765669,0.47991322992,
    0.49407469417,0.508236158421,0.522397622672,0.536559086922,
    0.550720551173,0.564882015423,0.579043479674,0.593204943925,
    0.607366408175,0.621527872426,0.635689336677,0.649850800927,
    0.664012265178,0.678173729429,0.692335193679,0.70649665793,
    0.720658122181,0.734819586431,0.748981050682,0.763142514933,
    0.777303979183,0.791465443434,0.805626907685,0.819788371935,
    0.833949836186,0.848111300436,0.862272764687,0.876434228938,
    0.890595693188,0.904757157439,0.91891862169,0.93308008594,
    0.947241550191,0.961403014442,0.975564478692,0.989725942943,
    1.003887407194,1.018048871444,1.032210335695,1.046371799946,
    1.060533264196,1.074694728447,1.088856192698,1.103017656948,
    1.117179121199,1.131340585449,1.1455020497,1.159663513951,
    1.173824978201,1.187986442452,1.202147906703,1.216309370953,
    1.230470835204,1.244632299455,1.258793763705,1.272955227956,
    1.287116692207,1.301278156457,1.315439620708,1.329601084959,
    1.343762549209,1.35792401346,1.37208547771,1.386246941961,
    1.400408406212,1.414569870462,1.428731334713,1.442892798964,
    1.457054263214,1.471215727465,1.485377191716,1.499538655966,
    1.513700120217,1.527861584468,1.542023048718,1.556184512969),
  .UNSPECIFIED.);
#3618 = CARTESIAN_POINT('',(0.,1.323838172477E-02));
#3619 = CARTESIAN_POINT('',(3.036596007699E-03,1.317614154686E-02));
#3620 = CARTESIAN_POINT('',(9.107754724357E-03,1.305170310906E-02));
#3621 = CARTESIAN_POINT('',(1.82088165014E-02,1.286519926142E-02));
#3622 = CARTESIAN_POINT('',(2.73046084033E-02,1.267887766171E-02));
#3623 = CARTESIAN_POINT('',(3.639559696704E-02,1.249276540539E-02));
#3624 = CARTESIAN_POINT('',(4.548222621752E-02,1.230688994766E-02));
#3625 = CARTESIAN_POINT('',(5.456493554367E-02,1.212127864727E-02));
#3626 = CARTESIAN_POINT('',(6.364418274532E-02,1.193595888913E-02));
#3627 = CARTESIAN_POINT('',(7.272042282633E-02,1.175095805098E-02));
#3628 = CARTESIAN_POINT('',(8.179410885675E-02,1.156630351252E-02));
#3629 = CARTESIAN_POINT('',(9.086569191783E-02,1.138202265292E-02));
#3630 = CARTESIAN_POINT('',(9.993561628642E-02,1.119814285125E-02));
#3631 = CARTESIAN_POINT('',(0.10900433424,1.10146914869E-02));
#3632 = CARTESIAN_POINT('',(0.118072298657,1.0831695939E-02));
#3633 = CARTESIAN_POINT('',(0.127139960098,1.064918358685E-02));
#3634 = CARTESIAN_POINT('',(0.13620777073,1.046718180957E-02));
#3635 = CARTESIAN_POINT('',(0.145276180559,1.028571798646E-02));
#3636 = CARTESIAN_POINT('',(0.154345643172,1.010481949699E-02));
#3637 = CARTESIAN_POINT('',(0.163416609759,9.924513720398E-03));
#3638 = CARTESIAN_POINT('',(0.172489525214,9.744828035493E-03));
#3639 = CARTESIAN_POINT('',(0.181564840646,9.565789822741E-03));
#3640 = CARTESIAN_POINT('',(0.190643009408,9.387426457038E-03));
#3641 = CARTESIAN_POINT('',(0.199724485501,9.209765333614E-03));
#3642 = CARTESIAN_POINT('',(0.208809730221,9.03283377274E-03));
#3643 = CARTESIAN_POINT('',(0.217899170504,8.856659373487E-03));
#3644 = CARTESIAN_POINT('',(0.226993296286,8.681268693717E-03));
#3645 = CARTESIAN_POINT('',(0.236092401893,8.506692178544E-03));
#3646 = CARTESIAN_POINT('',(0.245197535923,8.332945766441E-03));
#3647 = CARTESIAN_POINT('',(0.254306954307,8.160099532742E-03));
#3648 = CARTESIAN_POINT('',(0.263408258138,7.988425417527E-03));
#3649 = CARTESIAN_POINT('',(0.272504748556,7.817891768298E-03));
#3650 = CARTESIAN_POINT('',(0.281596114281,7.648536685338E-03));
#3651 = CARTESIAN_POINT('',(0.29068300064,7.480379579593E-03));
#3652 = CARTESIAN_POINT('',(0.299765803773,7.313444869896E-03));
#3653 = CARTESIAN_POINT('',(0.308844996923,7.147755631645E-03));
#3654 = CARTESIAN_POINT('',(0.317921029203,6.983335301552E-03));
#3655 = CARTESIAN_POINT('',(0.326994352341,6.820207218981E-03));
#3656 = CARTESIAN_POINT('',(0.336065408189,6.658394749731E-03));
#3657 = CARTESIAN_POINT('',(0.345134649111,6.497921251541E-03));
#3658 = CARTESIAN_POINT('',(0.354202529149,6.338810085911E-03));
#3659 = CARTESIAN_POINT('',(0.363269499731,6.181084612432E-03));
#3660 = CARTESIAN_POINT('',(0.37233601274,6.024768191302E-03));
#3661 = CARTESIAN_POINT('',(0.381402516588,5.869884182526E-03));
#3662 = CARTESIAN_POINT('',(0.390469463754,5.716455946423E-03));
#3663 = CARTESIAN_POINT('',(0.399537305309,5.564506842749E-03));
#3664 = CARTESIAN_POINT('',(0.40860648817,5.414060231409E-03));
#3665 = CARTESIAN_POINT('',(0.41767746404,5.265139472703E-03));
#3666 = CARTESIAN_POINT('',(0.426750685155,5.117767925646E-03));
#3667 = CARTESIAN_POINT('',(0.435826607375,4.971968954507E-03));
#3668 = CARTESIAN_POINT('',(0.444905683811,4.827765903803E-03));
#3669 = CARTESIAN_POINT('',(0.453988350524,4.6851821919E-03));
#3670 = CARTESIAN_POINT('',(0.46307507245,4.544240961269E-03));
#3671 = CARTESIAN_POINT('',(0.472166247802,4.40496638379E-03));
#3672 = CARTESIAN_POINT('',(0.481262542932,4.267378789733E-03));
#3673 = CARTESIAN_POINT('',(0.4903636376,4.131512848277E-03));
#3674 = CARTESIAN_POINT('',(0.499472835398,3.997349711829E-03));
#3675 = CARTESIAN_POINT('',(0.508578891051,3.865085749167E-03));
#3676 = CARTESIAN_POINT('',(0.517678459427,3.734792811981E-03));
#3677 = CARTESIAN_POINT('',(0.52677301756,3.606471710029E-03));
#3678 = CARTESIAN_POINT('',(0.53586274379,3.48014228829E-03));
#3679 = CARTESIAN_POINT('',(0.54494815569,3.35581929166E-03));
#3680 = CARTESIAN_POINT('',(0.554029674165,3.233518831754E-03));
#3681 = CARTESIAN_POINT('',(0.563107767789,3.113256652941E-03));
#3682 = CARTESIAN_POINT('',(0.572182884145,2.995048598862E-03));
#3683 = CARTESIAN_POINT('',(0.581255471555,2.878910487195E-03));
#3684 = CARTESIAN_POINT('',(0.590325982567,2.764858141067E-03));
#3685 = CARTESIAN_POINT('',(0.599394869973,2.652907382836E-03));
#3686 = CARTESIAN_POINT('',(0.608462585656,2.543074035209E-03));
#3687 = CARTESIAN_POINT('',(0.617529578919,2.435373920734E-03));
#3688 = CARTESIAN_POINT('',(0.626596298147,2.329822861397E-03));
#3689 = CARTESIAN_POINT('',(0.635663197808,2.226436680315E-03));
#3690 = CARTESIAN_POINT('',(0.644730725309,2.125231199997E-03));
#3691 = CARTESIAN_POINT('',(0.653799332294,2.026222242761E-03));
#3692 = CARTESIAN_POINT('',(0.662869470728,1.929425631084E-03));
#3693 = CARTESIAN_POINT('',(0.671941592861,1.834857187294E-03));
#3694 = CARTESIAN_POINT('',(0.681016154674,1.74253273429E-03));
#3695 = CARTESIAN_POINT('',(0.690093597519,1.65246809481E-03));
#3696 = CARTESIAN_POINT('',(0.699174370941,1.564679090298E-03));
#3697 = CARTESIAN_POINT('',(0.708258926576,1.479181547512E-03));
#3698 = CARTESIAN_POINT('',(0.717347724035,1.395991273335E-03));
#3699 = CARTESIAN_POINT('',(0.726441208317,1.315124147603E-03));
#3700 = CARTESIAN_POINT('',(0.735539856311,1.236595776804E-03));
#3701 = CARTESIAN_POINT('',(0.744643986148,1.16042279328E-03));
#3702 = CARTESIAN_POINT('',(0.753754549918,1.086617996915E-03));
#3703 = CARTESIAN_POINT('',(0.762857454777,1.015311166484E-03));
#3704 = CARTESIAN_POINT('',(0.771955318485,9.464895552998E-04));
#3705 = CARTESIAN_POINT('',(0.781048017437,8.80164059363E-04));
#3706 = CARTESIAN_POINT('',(0.790136156307,8.163392393637E-04));
#3707 = CARTESIAN_POINT('',(0.799220132308,7.550213536014E-04));
#3708 = CARTESIAN_POINT('',(0.808300406275,6.96216205399E-04));
#3709 = CARTESIAN_POINT('',(0.817377434352,6.399297204439E-04));
#3710 = CARTESIAN_POINT('',(0.82645167067,5.861677912925E-04));
#3711 = CARTESIAN_POINT('',(0.835523566852,5.349363195698E-04));
#3712 = CARTESIAN_POINT('',(0.844593571069,4.862412042577E-04));
#3713 = CARTESIAN_POINT('',(0.853662127354,4.400883449975E-04));
#3714 = CARTESIAN_POINT('',(0.862729693202,3.9648364168E-04));
#3715 = CARTESIAN_POINT('',(0.871796717756,3.554329938372E-04));
#3716 = CARTESIAN_POINT('',(0.880863652921,3.16942301295E-04));
#3717 = CARTESIAN_POINT('',(0.889930950245,2.810174637431E-04));
#3718 = CARTESIAN_POINT('',(0.898999059265,2.476643805035E-04));
#3719 = CARTESIAN_POINT('',(0.908068435811,2.168889506677E-04));
#3720 = CARTESIAN_POINT('',(0.917139524358,1.886970748948E-04));
#3721 = CARTESIAN_POINT('',(0.926212774667,1.630946522425E-04));
#3722 = CARTESIAN_POINT('',(0.935288639309,1.400875825781E-04));
#3723 = CARTESIAN_POINT('',(0.944367571561,1.196817650047E-04));
#3724 = CARTESIAN_POINT('',(0.953450030816,1.018831002677E-04));
#3725 = CARTESIAN_POINT('',(0.96253645738,8.669748717759E-05));
#3726 = CARTESIAN_POINT('',(0.971627297825,7.413082543994E-05));
#3727 = CARTESIAN_POINT('',(0.980723003749,6.418901500964E-05));
#3728 = CARTESIAN_POINT('',(0.989824034185,5.687795492272E-05));
#3729 = CARTESIAN_POINT('',(0.995895238208,5.376168193002E-05));
#3730 = CARTESIAN_POINT('',(0.998931878379,5.264397051771E-05));
#3731 = ( GEOMETRIC_REPRESENTATION_CONTEXT(2) 
PARAMETRIC_REPRESENTATION_CONTEXT() REPRESENTATION_CONTEXT('2D SPACE',''
  ) );
#3732 = PCURVE('',#3733,#3758);
#3733 = B_SPLINE_SURFACE_WITH_KNOTS('',3,3,(
    (#3734,#3735,#3736,#3737)
    ,(#3738,#3739,#3740,#3741)
    ,(#3742,#3743,#3744,#3745)
    ,(#3746,#3747,#3748,#3749)
    ,(#3750,#3751,#3752,#3753)
    ,(#3754,#3755,#3756,#3757
    )),.UNSPECIFIED.,.F.,.F.,.F.,(4,1,1,4),(4,4),(0.,0.285714285714,
    0.571428571429,1.),(-2.051053861223E-04,71.060534640493),
  .UNSPECIFIED.);
#3734 = CARTESIAN_POINT('',(-378.0391070231,-330.0112115721,
    471.31242626575));
#3735 = CARTESIAN_POINT('',(-614.5968218034,-330.0112115721,
    483.45464610937));
#3736 = CARTESIAN_POINT('',(-851.4735127716,-330.0112115721,
    489.38201955728));
#3737 = CARTESIAN_POINT('',(-1.088342459379E+03,-330.0112115721,
    489.0852741367));
#3738 = CARTESIAN_POINT('',(-378.1150723403,-330.0112115721,
    469.8324512641));
#3739 = CARTESIAN_POINT('',(-614.6462568818,-330.0111770053,
    481.98513486908));
#3740 = CARTESIAN_POINT('',(-851.4975827421,-330.0111829793,
    487.91287895209));
#3741 = CARTESIAN_POINT('',(-1.08834060664E+03,-330.0112115721,
    487.60637585196));
#3742 = CARTESIAN_POINT('',(-378.2666455117,-329.3392901875,
    466.8794654414));
#3743 = CARTESIAN_POINT('',(-614.7448774296,-329.3500989785,
    479.05289203547));
#3744 = CARTESIAN_POINT('',(-851.5456337246,-329.351008387,
    484.98135143226));
#3745 = CARTESIAN_POINT('',(-1.088336909819E+03,-329.342067328,
    484.65548929749));
#3746 = CARTESIAN_POINT('',(-378.4812136409,-326.0539043088,
    462.69919635073));
#3747 = CARTESIAN_POINT('',(-614.885418502,-326.1142839683,
    474.88644187455));
#3748 = CARTESIAN_POINT('',(-851.6135688527,-326.1193620653,
    480.81471154598));
#3749 = CARTESIAN_POINT('',(-1.088331671668E+03,-326.0693937544,
    480.47427728329));
#3750 = CARTESIAN_POINT('',(-378.5499803366,-322.381616872,
    461.35946666443));
#3751 = CARTESIAN_POINT('',(-614.931783905,-322.4872155911,
    473.52209705581));
#3752 = CARTESIAN_POINT('',(-851.6355992263,-322.49617528,
    479.44784403936));
#3753 = CARTESIAN_POINT('',(-1.088329983464E+03,-322.4087127452,
    479.12671472746));
#3754 = CARTESIAN_POINT('',(-378.5516640661,-320.1589745722,
    461.32666383249));
#3755 = CARTESIAN_POINT('',(-614.9344813217,-320.2826292224,
    473.46173616219));
#3756 = CARTESIAN_POINT('',(-851.6360448879,-320.2932233814,
    479.38525971787));
#3757 = CARTESIAN_POINT('',(-1.088329933576E+03,-320.1907210225,
    479.08689329471));
#3758 = DEFINITIONAL_REPRESENTATION('',(#3759),#3873);
#3759 = B_SPLINE_CURVE_WITH_KNOTS('',3,(#3760,#3761,#3762,#3763,#3764,
    #3765,#3766,#3767,#3768,#3769,#3770,#3771,#3772,#3773,#3774,#3775,
    #3776,#3777,#3778,#3779,#3780,#3781,#3782,#3783,#3784,#3785,#3786,
    #3787,#3788,#3789,#3790,#3791,#3792,#3793,#3794,#3795,#3796,#3797,
    #3798,#3799,#3800,#3801,#3802,#3803,#3804,#3805,#3806,#3807,#3808,
    #3809,#3810,#3811,#3812,#3813,#3814,#3815,#3816,#3817,#3818,#3819,
    #3820,#3821,#3822,#3823,#3824,#3825,#3826,#3827,#3828,#3829,#3830,
    #3831,#3832,#3833,#3834,#3835,#3836,#3837,#3838,#3839,#3840,#3841,
    #3842,#3843,#3844,#3845,#3846,#3847,#3848,#3849,#3850,#3851,#3852,
    #3853,#3854,#3855,#3856,#3857,#3858,#3859,#3860,#3861,#3862,#3863,
    #3864,#3865,#3866,#3867,#3868,#3869,#3870,#3871,#3872),
  .UNSPECIFIED.,.F.,.F.,(4,1,1,1,1,1,1,1,1,1,1,1,1,1,1,1,1,1,1,1,1,1,1,1
    ,1,1,1,1,1,1,1,1,1,1,1,1,1,1,1,1,1,1,1,1,1,1,1,1,1,1,1,1,1,1,1,1,1,1
    ,1,1,1,1,1,1,1,1,1,1,1,1,1,1,1,1,1,1,1,1,1,1,1,1,1,1,1,1,1,1,1,1,1,1
    ,1,1,1,1,1,1,1,1,1,1,1,1,1,1,1,1,1,1,4),(-1.576554602463E-03,
    1.258490964819E-02,2.674637389884E-02,4.090783814948E-02,
    5.506930240013E-02,6.923076665078E-02,8.339223090143E-02,
    9.755369515208E-02,0.111715159403,0.125876623653,0.140038087904,
    0.154199552155,0.168361016405,0.182522480656,0.196683944907,
    0.210845409157,0.225006873408,0.239168337659,0.253329801909,
    0.26749126616,0.281652730411,0.295814194661,0.309975658912,
    0.324137123162,0.338298587413,0.352460051664,0.366621515914,
    0.380782980165,0.394944444416,0.409105908666,0.423267372917,
    0.437428837168,0.451590301418,0.465751765669,0.47991322992,
    0.49407469417,0.508236158421,0.522397622672,0.536559086922,
    0.550720551173,0.564882015423,0.579043479674,0.593204943925,
    0.607366408175,0.621527872426,0.635689336677,0.649850800927,
    0.664012265178,0.678173729429,0.692335193679,0.70649665793,
    0.720658122181,0.734819586431,0.748981050682,0.763142514933,
    0.777303979183,0.791465443434,0.805626907685,0.819788371935,
    0.833949836186,0.848111300436,0.862272764687,0.876434228938,
    0.890595693188,0.904757157439,0.91891862169,0.93308008594,
    0.947241550191,0.961403014442,0.975564478692,0.989725942943,
    1.003887407194,1.018048871444,1.032210335695,1.046371799946,
    1.060533264196,1.074694728447,1.088856192698,1.103017656948,
    1.117179121199,1.131340585449,1.1455020497,1.159663513951,
    1.173824978201,1.187986442452,1.202147906703,1.216309370953,
    1.230470835204,1.244632299455,1.258793763705,1.272955227956,
    1.287116692207,1.301278156457,1.315439620708,1.329601084959,
    1.343762549209,1.35792401346,1.37208547771,1.386246941961,
    1.400408406212,1.414569870462,1.428731334713,1.442892798964,
    1.457054263214,1.471215727465,1.485377191716,1.499538655966,
    1.513700120217,1.527861584468,1.542023048718,1.556184512969),
  .UNSPECIFIED.);
#3760 = CARTESIAN_POINT('',(0.,71.047344069234));
#3761 = CARTESIAN_POINT('',(3.039849499391E-03,71.047406309305));
#3762 = CARTESIAN_POINT('',(9.117510869321E-03,71.047530730634));
#3763 = CARTESIAN_POINT('',(1.82283145571E-02,71.047717161604));
#3764 = CARTESIAN_POINT('',(2.733383720109E-02,71.047903366574));
#3765 = CARTESIAN_POINT('',(3.643454631099E-02,71.048089321942));
#3766 = CARTESIAN_POINT('',(4.553088683059E-02,71.048275003741));
#3767 = CARTESIAN_POINT('',(5.462329904306E-02,71.048460388072));
#3768 = CARTESIAN_POINT('',(6.371224163312E-02,71.048645451725));
#3769 = CARTESIAN_POINT('',(7.279817046612E-02,71.048830171223));
#3770 = CARTESIAN_POINT('',(8.188153944871E-02,71.049014523126));
#3771 = CARTESIAN_POINT('',(9.096280047366E-02,71.049198484003));
#3772 = CARTESIAN_POINT('',(0.1000423986,71.049382030348));
#3773 = CARTESIAN_POINT('',(0.10912078687,71.049565138965));
#3774 = CARTESIAN_POINT('',(0.118198418911,71.049747785907));
#3775 = CARTESIAN_POINT('',(0.127275746004,71.049929947167));
#3776 = CARTESIAN_POINT('',(0.13635322102,71.050111598777));
#3777 = CARTESIAN_POINT('',(0.145431294639,71.050292716667));
#3778 = CARTESIAN_POINT('',(0.1545104211,71.050473277111));
#3779 = CARTESIAN_POINT('',(0.16359105223,71.050653255055));
#3780 = CARTESIAN_POINT('',(0.172673633533,71.050832624801));
#3781 = CARTESIAN_POINT('',(0.181758616711,71.051011360825));
#3782 = CARTESIAN_POINT('',(0.190846455683,71.051189437518));
#3783 = CARTESIAN_POINT('',(0.199937604994,71.051366829424));
#3784 = CARTESIAN_POINT('',(0.20903252647,71.051543510537));
#3785 = CARTESIAN_POINT('',(0.218131647531,71.051719452238));
#3786 = CARTESIAN_POINT('',(0.227235458637,71.051894627264));
#3787 = CARTESIAN_POINT('',(0.236344254401,71.052069004398));
#3788 = CARTESIAN_POINT('',(0.245459084484,71.052242566868));
#3789 = CARTESIAN_POINT('',(0.254578202875,71.052415244041));
#3790 = CARTESIAN_POINT('',(0.263689197323,71.052586768287));
#3791 = CARTESIAN_POINT('',(0.27279537235,71.05275716667));
#3792 = CARTESIAN_POINT('',(0.281896416282,71.052926398739));
#3793 = CARTESIAN_POINT('',(0.290992974621,71.053094441294));
#3794 = CARTESIAN_POINT('',(0.300085448908,71.053261271146));
#3795 = CARTESIAN_POINT('',(0.309174313004,71.053426869235));
#3796 = CARTESIAN_POINT('',(0.318260017227,71.053591215481));
#3797 = CARTESIAN_POINT('',(0.32734301425,71.053754290055));
#3798 = CARTESIAN_POINT('',(0.336423746826,71.053916073142));
#3799 = CARTESIAN_POINT('',(0.345502668145,71.054076544632));
#3800 = CARTESIAN_POINT('',(0.354580233018,71.054235682165));
#3801 = CARTESIAN_POINT('',(0.363656893559,71.054393463632));
#3802 = CARTESIAN_POINT('',(0.372733102264,71.054549866872));
#3803 = CARTESIAN_POINT('',(0.381809308077,71.054704869667));
#3804 = CARTESIAN_POINT('',(0.390885963936,71.054858450074));
#3805 = CARTESIAN_POINT('',(0.39996352132,71.055010583024));
#3806 = CARTESIAN_POINT('',(0.40904242747,71.055161243113));
#3807 = CARTESIAN_POINT('',(0.418123134349,71.055310405066));
#3808 = CARTESIAN_POINT('',(0.427206094372,71.055458043432));
#3809 = CARTESIAN_POINT('',(0.436291763508,71.055604133322));
#3810 = CARTESIAN_POINT('',(0.445380594916,71.05574864692));
#3811 = CARTESIAN_POINT('',(0.454473024617,71.055891554478));
#3812 = CARTESIAN_POINT('',(0.463569517463,71.056032827002));
#3813 = CARTESIAN_POINT('',(0.472670471427,71.056172434189));
#3814 = CARTESIAN_POINT('',(0.481776552833,71.056310350205));
#3815 = CARTESIAN_POINT('',(0.490887440284,71.056446531525));
#3816 = CARTESIAN_POINT('',(0.500006440052,71.056580986035));
#3817 = CARTESIAN_POINT('',(0.509122293749,71.05671351355));
#3818 = CARTESIAN_POINT('',(0.518231651598,71.056844032195));
#3819 = CARTESIAN_POINT('',(0.527335991115,71.056972529025));
#3820 = CARTESIAN_POINT('',(0.536435489646,71.057098972603));
#3821 = CARTESIAN_POINT('',(0.54553066403,71.057223336517));
#3822 = CARTESIAN_POINT('',(0.554621934373,71.057345592755));
#3823 = CARTESIAN_POINT('',(0.563709767994,71.057465711007));
#3824 = CARTESIAN_POINT('',(0.572794612799,71.057583660539));
#3825 = CARTESIAN_POINT('',(0.581876910798,71.057699414364));
#3826 = CARTESIAN_POINT('',(0.590957115074,71.057812976567));
#3827 = CARTESIAN_POINT('',(0.600035681788,71.057924348526));
#3828 = CARTESIAN_POINT('',(0.609113065278,71.058033532384));
#3829 = CARTESIAN_POINT('',(0.618189717385,71.058140529941));
#3830 = CARTESIAN_POINT('',(0.627266088858,71.058245343606));
#3831 = CARTESIAN_POINT('',(0.636342636447,71.058347971705));
#3832 = CARTESIAN_POINT('',(0.64541980971,71.058448411402));
#3833 = CARTESIAN_POINT('',(0.654498062329,71.058546660198));
#3834 = CARTESIAN_POINT('',(0.663577848188,71.058642715359));
#3835 = CARTESIAN_POINT('',(0.672659621333,71.058736574763));
#3836 = CARTESIAN_POINT('',(0.681743839433,71.058828233642));
#3837 = CARTESIAN_POINT('',(0.690830945414,71.05891768392));
#3838 = CARTESIAN_POINT('',(0.699921390274,71.059004918226));
#3839 = CARTESIAN_POINT('',(0.70901562699,71.059089928862));
#3840 = CARTESIAN_POINT('',(0.718114116395,71.059172708734));
#3841 = CARTESIAN_POINT('',(0.727217304591,71.059253248557));
#3842 = CARTESIAN_POINT('',(0.736325669489,71.059331535866));
#3843 = CARTESIAN_POINT('',(0.745439529949,71.059407557978));
#3844 = CARTESIAN_POINT('',(0.754559839349,71.059481306191));
#3845 = CARTESIAN_POINT('',(0.763672489891,71.059552656751));
#3846 = CARTESIAN_POINT('',(0.772780102133,71.059621620652));
#3847 = CARTESIAN_POINT('',(0.781882552215,71.059688186684));
#3848 = CARTESIAN_POINT('',(0.790980445211,71.059752349516));
#3849 = CARTESIAN_POINT('',(0.800074178385,71.05981410251));
#3850 = CARTESIAN_POINT('',(0.809164212574,71.05987343836));
#3851 = CARTESIAN_POINT('',(0.818251003804,71.059930345147));
#3852 = CARTESIAN_POINT('',(0.82733500596,71.059984811556));
#3853 = CARTESIAN_POINT('',(0.83641667029,71.060036826158));
#3854 = CARTESIAN_POINT('',(0.845496444462,71.060086377391));
#3855 = CARTESIAN_POINT('',(0.854574771871,71.060133454352));
#3856 = CARTESIAN_POINT('',(0.863652109273,71.060178041548));
#3857 = CARTESIAN_POINT('',(0.87272890493,71.060220121953));
#3858 = CARTESIAN_POINT('',(0.881805609745,71.06025967897));
#3859 = CARTESIAN_POINT('',(0.890882674126,71.06029669574));
#3860 = CARTESIAN_POINT('',(0.899960546333,71.060331156027));
#3861 = CARTESIAN_POINT('',(0.909039680797,71.060363041028));
#3862 = CARTESIAN_POINT('',(0.918120520449,71.060392327929));
#3863 = CARTESIAN_POINT('',(0.927203513374,71.060418994688));
#3864 = CARTESIAN_POINT('',(0.93628911033,71.060443019));
#3865 = CARTESIAN_POINT('',(0.945377762637,71.060464378849));
#3866 = CARTESIAN_POINT('',(0.954469927599,71.060483051318));
#3867 = CARTESIAN_POINT('',(0.963566043276,71.060499007945));
#3868 = CARTESIAN_POINT('',(0.972666553855,71.060512220876));
#3869 = CARTESIAN_POINT('',(0.981771908409,71.060522661879));
#3870 = CARTESIAN_POINT('',(0.990882563318,71.060530303641));
#3871 = CARTESIAN_POINT('',(0.996960165647,71.060533511589));
#3872 = CARTESIAN_POINT('',(1.000000000003,71.06053463898));
#3873 = ( GEOMETRIC_REPRESENTATION_CONTEXT(2) 
PARAMETRIC_REPRESENTATION_CONTEXT() REPRESENTATION_CONTEXT('2D SPACE',''
  ) );
#3874 = ORIENTED_EDGE('',*,*,#3875,.F.);
#3875 = EDGE_CURVE('',#3469,#3535,#3876,.T.);
#3876 = SURFACE_CURVE('',#3877,(#3882,#3888),.PCURVE_S1.);
#3877 = B_SPLINE_CURVE_WITH_KNOTS('',3,(#3878,#3879,#3880,#3881),
  .UNSPECIFIED.,.F.,.F.,(4,4),(0.,1.669893611392E-03),
  .PIECEWISE_BEZIER_KNOTS.);
#3878 = CARTESIAN_POINT('',(-1.088329414448E+03,-320.1741195071,
    479.08659588432));
#3879 = CARTESIAN_POINT('',(-1.088329763016E+03,-320.1796740066,
    479.08669517216));
#3880 = CARTESIAN_POINT('',(-1.088329934754E+03,-320.1852078375,
    479.08679450411));
#3881 = CARTESIAN_POINT('',(-1.088329933562E+03,-320.1907208679,
    479.08689386635));
#3882 = PCURVE('',#3389,#3883);
#3883 = DEFINITIONAL_REPRESENTATION('',(#3884),#3887);
#3884 = B_SPLINE_CURVE_WITH_KNOTS('',1,(#3885,#3886),.UNSPECIFIED.,.F.,
  .F.,(2,2),(0.,1.669893611392E-03),.PIECEWISE_BEZIER_KNOTS.);
#3885 = CARTESIAN_POINT('',(1.,4.718898316536E-13));
#3886 = CARTESIAN_POINT('',(0.998931887663,5.264396705251E-05));
#3887 = ( GEOMETRIC_REPRESENTATION_CONTEXT(2) 
PARAMETRIC_REPRESENTATION_CONTEXT() REPRESENTATION_CONTEXT('2D SPACE',''
  ) );
#3888 = PCURVE('',#3889,#3906);
#3889 = B_SPLINE_SURFACE_WITH_KNOTS('',3,3,(
    (#3890,#3891,#3892,#3893)
    ,(#3894,#3895,#3896,#3897)
    ,(#3898,#3899,#3900,#3901)
    ,(#3902,#3903,#3904,#3905
    )),.UNSPECIFIED.,.F.,.F.,.F.,(4,4),(4,4),(0.,1.),(2.165837846524E-02
    ,0.967489890246),.PIECEWISE_BEZIER_KNOTS.);
#3890 = CARTESIAN_POINT('',(-378.5767927012,-320.2649412628,
    461.32952169056));
#3891 = CARTESIAN_POINT('',(-347.673156425,-178.3902144957,
    457.64389259497));
#3892 = CARTESIAN_POINT('',(-316.7695201487,-36.51548772869,
    453.95826349938));
#3893 = CARTESIAN_POINT('',(-285.8658838725,105.35923903836,
    450.27263440379));
#3894 = CARTESIAN_POINT('',(-614.9526332315,-320.2649412628,
    473.46327625844));
#3895 = CARTESIAN_POINT('',(-591.4262506706,-178.3902144957,
    468.94315101744));
#3896 = CARTESIAN_POINT('',(-567.899859678,-36.51548772869,
    464.42331462248));
#3897 = CARTESIAN_POINT('',(-544.373477117,105.35923903836,
    459.90318938148));
#3898 = CARTESIAN_POINT('',(-851.6487012392,-320.2649412628,
    479.38558786817));
#3899 = CARTESIAN_POINT('',(-835.4252653954,-178.3902144957,
    475.24790873424));
#3900 = CARTESIAN_POINT('',(-819.2018236321,-36.51548772869,
    471.11051850892));
#3901 = CARTESIAN_POINT('',(-802.9783877882,105.35923903836,
    466.97283937499));
#3902 = CARTESIAN_POINT('',(-1.088335113895E+03,-320.2649412628,
    479.08821934224));
#3903 = CARTESIAN_POINT('',(-1.079431879179E+03,-178.3902144957,
    476.55217886706));
#3904 = CARTESIAN_POINT('',(-1.070528644464E+03,-36.51548772869,
    474.01613839187));
#3905 = CARTESIAN_POINT('',(-1.061625409748E+03,105.35923903836,
    471.48009791669));
#3906 = DEFINITIONAL_REPRESENTATION('',(#3907),#3910);
#3907 = B_SPLINE_CURVE_WITH_KNOTS('',1,(#3908,#3909),.UNSPECIFIED.,.F.,
  .F.,(2,2),(0.,1.669893611392E-03),.PIECEWISE_BEZIER_KNOTS.);
#3908 = CARTESIAN_POINT('',(1.,2.186020458903E-02));
#3909 = CARTESIAN_POINT('',(0.999999263887,2.182331265317E-02));
#3910 = ( GEOMETRIC_REPRESENTATION_CONTEXT(2) 
PARAMETRIC_REPRESENTATION_CONTEXT() REPRESENTATION_CONTEXT('2D SPACE',''
  ) );
#3911 = ADVANCED_FACE('',(#3912),#3889,.F.);
#3912 = FACE_BOUND('',#3913,.F.);
#3913 = EDGE_LOOP('',(#3914,#3935,#3981,#4003,#4045,#4089));
#3914 = ORIENTED_EDGE('',*,*,#3915,.T.);
#3915 = EDGE_CURVE('',#3469,#3916,#3918,.T.);
#3916 = VERTEX_POINT('',#3917);
#3917 = CARTESIAN_POINT('',(-1.06163291263E+03,105.23967920234,
    471.48223507383));
#3918 = SURFACE_CURVE('',#3919,(#3923,#3929),.PCURVE_S1.);
#3919 = LINE('',#3920,#3921);
#3920 = CARTESIAN_POINT('',(-1.088946733273E+03,-330.0112115721,
    479.26243596665));
#3921 = VECTOR('',#3922,1.);
#3922 = DIRECTION('',(6.262103169458E-02,0.997877967444,
    -1.783727780414E-02));
#3923 = PCURVE('',#3889,#3924);
#3924 = DEFINITIONAL_REPRESENTATION('',(#3925),#3928);
#3925 = B_SPLINE_CURVE_WITH_KNOTS('',1,(#3926,#3927),.UNSPECIFIED.,.F.,
  .F.,(2,2),(9.858011085523,436.17647144711),.PIECEWISE_BEZIER_KNOTS.);
#3926 = CARTESIAN_POINT('',(1.,2.186020458903E-02));
#3927 = CARTESIAN_POINT('',(1.,0.967224201721));
#3928 = ( GEOMETRIC_REPRESENTATION_CONTEXT(2) 
PARAMETRIC_REPRESENTATION_CONTEXT() REPRESENTATION_CONTEXT('2D SPACE',''
  ) );
#3929 = PCURVE('',#3485,#3930);
#3930 = DEFINITIONAL_REPRESENTATION('',(#3931),#3934);
#3931 = B_SPLINE_CURVE_WITH_KNOTS('',1,(#3932,#3933),.UNSPECIFIED.,.F.,
  .F.,(2,2),(9.858011085523,436.17647144711),.PIECEWISE_BEZIER_KNOTS.);
#3932 = CARTESIAN_POINT('',(2.014653136507E-14,2.186020458903E-02));
#3933 = CARTESIAN_POINT('',(9.580667970098E-15,0.967224201721));
#3934 = ( GEOMETRIC_REPRESENTATION_CONTEXT(2) 
PARAMETRIC_REPRESENTATION_CONTEXT() REPRESENTATION_CONTEXT('2D SPACE',''
  ) );
#3935 = ORIENTED_EDGE('',*,*,#3936,.T.);
#3936 = EDGE_CURVE('',#3916,#3937,#3939,.T.);
#3937 = VERTEX_POINT('',#3938);
#3938 = CARTESIAN_POINT('',(-285.8940657098,105.25650043264,
    450.27551955645));
#3939 = SURFACE_CURVE('',#3940,(#3945,#3974),.PCURVE_S1.);
#3940 = B_SPLINE_CURVE_WITH_KNOTS('',3,(#3941,#3942,#3943,#3944),
  .UNSPECIFIED.,.F.,.F.,(4,4),(-4.863915277592E-06,77.574405036966),
  .PIECEWISE_BEZIER_KNOTS.);
#3941 = CARTESIAN_POINT('',(-1.061632913295E+03,105.24044382406,
    471.48222225359));
#3942 = CARTESIAN_POINT('',(-802.9916604987,105.38994013786,
    466.97378999487));
#3943 = CARTESIAN_POINT('',(-544.3953296606,105.39532571838,
    459.90412380485));
#3944 = CARTESIAN_POINT('',(-285.8940657098,105.25650043264,
    450.27551955645));
#3945 = PCURVE('',#3889,#3946);
#3946 = DEFINITIONAL_REPRESENTATION('',(#3947),#3973);
#3947 = B_SPLINE_CURVE_WITH_KNOTS('',3,(#3948,#3949,#3950,#3951,#3952,
    #3953,#3954,#3955,#3956,#3957,#3958,#3959,#3960,#3961,#3962,#3963,
    #3964,#3965,#3966,#3967,#3968,#3969,#3970,#3971,#3972),
  .UNSPECIFIED.,.F.,.F.,(4,1,1,1,1,1,1,1,1,1,1,1,1,1,1,1,1,1,1,1,1,1,4),
  (-4.863915116063E-06,3.526104677034,7.052214217983,10.578323758932,
    14.104433299881,17.630542840831,21.15665238178,24.682761922729,
    28.208871463678,31.734981004627,35.261090545576,38.787200086525,
    42.313309627475,45.839419168424,49.365528709373,52.891638250322,
    56.417747791271,59.94385733222,63.469966873169,66.996076414118,
    70.522185955068,74.048295496017,77.574405036966),.UNSPECIFIED.);
#3948 = CARTESIAN_POINT('',(1.000000062698,0.967225900881));
#3949 = CARTESIAN_POINT('',(0.984849076028,0.96724100153));
#3950 = CARTESIAN_POINT('',(0.954547193175,0.967269878807));
#3951 = CARTESIAN_POINT('',(0.909094587803,0.967309222838));
#3952 = CARTESIAN_POINT('',(0.863642148775,0.967344595126));
#3953 = CARTESIAN_POINT('',(0.818189823567,0.967375995965));
#3954 = CARTESIAN_POINT('',(0.772737559675,0.967403425694));
#3955 = CARTESIAN_POINT('',(0.727285304621,0.967426884674));
#3956 = CARTESIAN_POINT('',(0.681833005943,0.967446373247));
#3957 = CARTESIAN_POINT('',(0.636380611197,0.967461891716));
#3958 = CARTESIAN_POINT('',(0.590928067949,0.967473440313));
#3959 = CARTESIAN_POINT('',(0.545475323772,0.967481019184));
#3960 = CARTESIAN_POINT('',(0.500022326241,0.967484628377));
#3961 = CARTESIAN_POINT('',(0.454569022928,0.96748426783));
#3962 = CARTESIAN_POINT('',(0.409115361401,0.96747993737));
#3963 = CARTESIAN_POINT('',(0.363661289218,0.967471636715));
#3964 = CARTESIAN_POINT('',(0.318206753921,0.967459365481));
#3965 = CARTESIAN_POINT('',(0.272751703042,0.967443123193));
#3966 = CARTESIAN_POINT('',(0.22729608409,0.967422909302));
#3967 = CARTESIAN_POINT('',(0.181839844561,0.967398723208));
#3968 = CARTESIAN_POINT('',(0.136382931933,0.967370564287));
#3969 = CARTESIAN_POINT('',(9.092529366752E-02,0.967338431929));
#3970 = CARTESIAN_POINT('',(4.546687721536E-02,0.967302325554));
#3971 = CARTESIAN_POINT('',(1.516071241804E-02,0.967275605));
#3972 = CARTESIAN_POINT('',(7.482802918788E-06,0.967261582233));
#3973 = ( GEOMETRIC_REPRESENTATION_CONTEXT(2) 
PARAMETRIC_REPRESENTATION_CONTEXT() REPRESENTATION_CONTEXT('2D SPACE',''
  ) );
#3974 = PCURVE('',#766,#3975);
#3975 = DEFINITIONAL_REPRESENTATION('',(#3976),#3980);
#3976 = LINE('',#3977,#3978);
#3977 = CARTESIAN_POINT('',(1.277863217045E-14,-3.09244491146E-13));
#3978 = VECTOR('',#3979,1.);
#3979 = DIRECTION('',(-1.632728331768E-16,1.));
#3980 = ( GEOMETRIC_REPRESENTATION_CONTEXT(2) 
PARAMETRIC_REPRESENTATION_CONTEXT() REPRESENTATION_CONTEXT('2D SPACE',''
  ) );
#3981 = ORIENTED_EDGE('',*,*,#3982,.T.);
#3982 = EDGE_CURVE('',#3937,#3983,#3985,.T.);
#3983 = VERTEX_POINT('',#3984);
#3984 = CARTESIAN_POINT('',(-285.8998275772,105.20340773744,
    450.27668259753));
#3985 = SURFACE_CURVE('',#3986,(#3991,#3997),.PCURVE_S1.);
#3986 = B_SPLINE_CURVE_WITH_KNOTS('',3,(#3987,#3988,#3989,#3990),
  .UNSPECIFIED.,.F.,.F.,(4,4),(15.294343216226,15.313912678801),
  .PIECEWISE_BEZIER_KNOTS.);
#3987 = CARTESIAN_POINT('',(-285.8940657094,105.25650043264,
    450.27551955643));
#3988 = CARTESIAN_POINT('',(-285.8940512418,105.23861477236,
    450.2758385035));
#3989 = CARTESIAN_POINT('',(-285.896013487,105.22091774542,
    450.27622772156));
#3990 = CARTESIAN_POINT('',(-285.8998275766,105.20340773741,
    450.27668259747));
#3991 = PCURVE('',#3889,#3992);
#3992 = DEFINITIONAL_REPRESENTATION('',(#3993),#3996);
#3993 = B_SPLINE_CURVE_WITH_KNOTS('',1,(#3994,#3995),.UNSPECIFIED.,.F.,
  .F.,(2,2),(15.294343216226,15.313912678801),.PIECEWISE_BEZIER_KNOTS.);
#3994 = CARTESIAN_POINT('',(7.482802401453E-06,0.967261582233));
#3995 = CARTESIAN_POINT('',(-9.238681753474E-13,0.967143598466));
#3996 = ( GEOMETRIC_REPRESENTATION_CONTEXT(2) 
PARAMETRIC_REPRESENTATION_CONTEXT() REPRESENTATION_CONTEXT('2D SPACE',''
  ) );
#3997 = PCURVE('',#822,#3998);
#3998 = DEFINITIONAL_REPRESENTATION('',(#3999),#4002);
#3999 = B_SPLINE_CURVE_WITH_KNOTS('',1,(#4000,#4001),.UNSPECIFIED.,.F.,
  .F.,(2,2),(15.294343216226,15.313912678801),.PIECEWISE_BEZIER_KNOTS.);
#4000 = CARTESIAN_POINT('',(2.273480128124E-03,5.905490231695E-04));
#4001 = CARTESIAN_POINT('',(-5.63543468358E-13,5.652271313038E-11));
#4002 = ( GEOMETRIC_REPRESENTATION_CONTEXT(2) 
PARAMETRIC_REPRESENTATION_CONTEXT() REPRESENTATION_CONTEXT('2D SPACE',''
  ) );
#4003 = ORIENTED_EDGE('',*,*,#4004,.F.);
#4004 = EDGE_CURVE('',#4005,#3983,#4007,.T.);
#4005 = VERTEX_POINT('',#4006);
#4006 = CARTESIAN_POINT('',(-378.5535243186,-320.15811903,461.326746657)
  );
#4007 = SURFACE_CURVE('',#4008,(#4012,#4018),.PCURVE_S1.);
#4008 = LINE('',#4009,#4010);
#4009 = CARTESIAN_POINT('',(-380.6997585004,-330.0112115721,
    461.58271081201));
#4010 = VECTOR('',#4011,1.);
#4011 = DIRECTION('',(0.212764246029,0.976774027539,-2.537468693509E-02)
  );
#4012 = PCURVE('',#3889,#4013);
#4013 = DEFINITIONAL_REPRESENTATION('',(#4014),#4017);
#4014 = B_SPLINE_CURVE_WITH_KNOTS('',1,(#4015,#4016),.UNSPECIFIED.,.F.,
  .F.,(2,2),(10.087381793879,445.56325929977),.PIECEWISE_BEZIER_KNOTS.);
#4015 = CARTESIAN_POINT('',(6.182952532364E-17,2.189576120473E-02));
#4016 = CARTESIAN_POINT('',(2.502044431656E-16,0.967143598466));
#4017 = ( GEOMETRIC_REPRESENTATION_CONTEXT(2) 
PARAMETRIC_REPRESENTATION_CONTEXT() REPRESENTATION_CONTEXT('2D SPACE',''
  ) );
#4018 = PCURVE('',#4019,#4040);
#4019 = B_SPLINE_SURFACE_WITH_KNOTS('',3,3,(
    (#4020,#4021,#4022,#4023)
    ,(#4024,#4025,#4026,#4027)
    ,(#4028,#4029,#4030,#4031)
    ,(#4032,#4033,#4034,#4035)
    ,(#4036,#4037,#4038,#4039
  )),.UNSPECIFIED.,.F.,.F.,.F.,(4,1,4),(4,4),(0.,0.571428571429,1.),(
    1.926988838109E-02,0.97062784746),.UNSPECIFIED.);
#4020 = CARTESIAN_POINT('',(-58.31702263114,-321.3397618006,
    515.76026827176));
#4021 = CARTESIAN_POINT('',(-39.46019920519,-178.6360679388,
    502.80261704196));
#4022 = CARTESIAN_POINT('',(-20.60337577924,-35.93237407693,
    489.84496581216));
#4023 = CARTESIAN_POINT('',(-1.746552353286,106.77131978494,
    476.88731458236));
#4024 = CARTESIAN_POINT('',(-116.091259051,-321.3397618006,
    492.14829509931));
#4025 = CARTESIAN_POINT('',(-95.61370612257,-178.6360679388,
    482.73564278945));
#4026 = CARTESIAN_POINT('',(-75.13281493559,-35.93237407693,
    473.31290664569));
#4027 = CARTESIAN_POINT('',(-54.65526200712,106.77131978494,
    463.90025433584));
#4028 = CARTESIAN_POINT('',(-222.4206202096,-321.3397618006,
    463.59614564112));
#4029 = CARTESIAN_POINT('',(-198.0066280175,-178.6360679388,
    458.71889275461));
#4030 = CARTESIAN_POINT('',(-173.5935026392,-35.93237407693,
    453.84530088613));
#4031 = CARTESIAN_POINT('',(-149.1795104471,106.77131978494,
    448.96804799962));
#4032 = CARTESIAN_POINT('',(-332.0543682517,-321.3397618006,
    458.93933893638));
#4033 = CARTESIAN_POINT('',(-302.9496156437,-178.6360679388,
    455.31066600722));
#4034 = CARTESIAN_POINT('',(-273.8459170145,-35.93237407693,
    451.6816103363));
#4035 = CARTESIAN_POINT('',(-244.7411644065,106.77131978494,
    448.05293740714));
#4036 = CARTESIAN_POINT('',(-378.8109137721,-321.3397618006,
    461.35744343489));
#4037 = CARTESIAN_POINT('',(-347.7267090594,-178.6360679388,
    457.65027938862));
#4038 = CARTESIAN_POINT('',(-316.6425043466,-35.93237407693,
    453.94311534234));
#4039 = CARTESIAN_POINT('',(-285.5582996339,106.77131978494,
    450.23595129607));
#4040 = DEFINITIONAL_REPRESENTATION('',(#4041),#4044);
#4041 = B_SPLINE_CURVE_WITH_KNOTS('',1,(#4042,#4043),.UNSPECIFIED.,.F.,
  .F.,(2,2),(10.087381793879,445.56325929977),.PIECEWISE_BEZIER_KNOTS.);
#4042 = CARTESIAN_POINT('',(1.,2.189576120473E-02));
#4043 = CARTESIAN_POINT('',(1.000000000001,0.967143598466));
#4044 = ( GEOMETRIC_REPRESENTATION_CONTEXT(2) 
PARAMETRIC_REPRESENTATION_CONTEXT() REPRESENTATION_CONTEXT('2D SPACE',''
  ) );
#4045 = ORIENTED_EDGE('',*,*,#4046,.T.);
#4046 = EDGE_CURVE('',#4005,#3535,#4047,.T.);
#4047 = SURFACE_CURVE('',#4048,(#4053,#4082),.PCURVE_S1.);
#4048 = B_SPLINE_CURVE_WITH_KNOTS('',3,(#4049,#4050,#4051,#4052),
  .UNSPECIFIED.,.F.,.F.,(4,4),(-1.880722912761E-05,71.060534640493),
  .PIECEWISE_BEZIER_KNOTS.);
#4049 = CARTESIAN_POINT('',(-378.5535232228,-320.1589755447,
    461.326759275));
#4050 = CARTESIAN_POINT('',(-614.9357224308,-320.2826292779,
    473.46176722125));
#4051 = CARTESIAN_POINT('',(-851.6366654224,-320.2932231127,
    479.38525893565));
#4052 = CARTESIAN_POINT('',(-1.088329933576E+03,-320.1907210225,
    479.08689329471));
#4053 = PCURVE('',#3889,#4054);
#4054 = DEFINITIONAL_REPRESENTATION('',(#4055),#4081);
#4055 = B_SPLINE_CURVE_WITH_KNOTS('',3,(#4056,#4057,#4058,#4059,#4060,
    #4061,#4062,#4063,#4064,#4065,#4066,#4067,#4068,#4069,#4070,#4071,
    #4072,#4073,#4074,#4075,#4076,#4077,#4078,#4079,#4080),
  .UNSPECIFIED.,.F.,.F.,(4,1,1,1,1,1,1,1,1,1,1,1,1,1,1,1,1,1,1,1,1,1,4),
  (-1.880722908431E-05,3.230006349486,6.4600315062,9.690056662915,
    12.920081819629,16.150106976344,19.380132133059,22.610157289773,
    25.840182446488,29.070207603203,32.300232759917,35.530257916632,
    38.760283073347,41.990308230061,45.220333386776,48.45035854349,
    51.680383700205,54.91040885692,58.140434013634,61.370459170349,
    64.600484327064,67.830509483778,71.060534640493),.UNSPECIFIED.);
#4056 = CARTESIAN_POINT('',(-2.64635618957E-07,2.189385783864E-02));
#4057 = CARTESIAN_POINT('',(1.514957846039E-02,2.188136754821E-02));
#4058 = CARTESIAN_POINT('',(4.544951161179E-02,2.185742573479E-02));
#4059 = CARTESIAN_POINT('',(9.090011327073E-02,2.182462916705E-02));
#4060 = CARTESIAN_POINT('',(0.136351377954,2.179494865655E-02));
#4061 = CARTESIAN_POINT('',(0.181803266618,2.176838391617E-02));
#4062 = CARTESIAN_POINT('',(0.227255740158,2.174493459522E-02));
#4063 = CARTESIAN_POINT('',(0.272708759406,2.172460030048E-02));
#4064 = CARTESIAN_POINT('',(0.318162285151,2.170738063902E-02));
#4065 = CARTESIAN_POINT('',(0.363616278153,2.169327524841E-02));
#4066 = CARTESIAN_POINT('',(0.409070699157,2.168228382331E-02));
#4067 = CARTESIAN_POINT('',(0.454525508896,2.167440613619E-02));
#4068 = CARTESIAN_POINT('',(0.49998066811,2.166964205279E-02));
#4069 = CARTESIAN_POINT('',(0.54543613755,2.166799154201E-02));
#4070 = CARTESIAN_POINT('',(0.590891877988,2.166945468056E-02));
#4071 = CARTESIAN_POINT('',(0.636347850221,2.167403165201E-02));
#4072 = CARTESIAN_POINT('',(0.681804015086,2.168172274064E-02));
#4073 = CARTESIAN_POINT('',(0.727260333458,2.169252831962E-02));
#4074 = CARTESIAN_POINT('',(0.772716766264,2.17064488341E-02));
#4075 = CARTESIAN_POINT('',(0.818173274487,2.172348477831E-02));
#4076 = CARTESIAN_POINT('',(0.863629819175,2.174363666883E-02));
#4077 = CARTESIAN_POINT('',(0.90908636145,2.17669050067E-02));
#4078 = CARTESIAN_POINT('',(0.954542862506,2.179329025557E-02));
#4079 = CARTESIAN_POINT('',(0.984847143278,2.181295857461E-02));
#4080 = CARTESIAN_POINT('',(0.999999263895,2.182331233244E-02));
#4081 = ( GEOMETRIC_REPRESENTATION_CONTEXT(2) 
PARAMETRIC_REPRESENTATION_CONTEXT() REPRESENTATION_CONTEXT('2D SPACE',''
  ) );
#4082 = PCURVE('',#3733,#4083);
#4083 = DEFINITIONAL_REPRESENTATION('',(#4084),#4088);
#4084 = LINE('',#4085,#4086);
#4085 = CARTESIAN_POINT('',(1.,-4.335555758806E-14));
#4086 = VECTOR('',#4087,1.);
#4087 = DIRECTION('',(-4.999558132367E-16,1.));
#4088 = ( GEOMETRIC_REPRESENTATION_CONTEXT(2) 
PARAMETRIC_REPRESENTATION_CONTEXT() REPRESENTATION_CONTEXT('2D SPACE',''
  ) );
#4089 = ORIENTED_EDGE('',*,*,#3875,.F.);
#4090 = ADVANCED_FACE('',(#4091),#4019,.F.);
#4091 = FACE_BOUND('',#4092,.F.);
#4092 = EDGE_LOOP('',(#4093,#4094,#4141,#4162));
#4093 = ORIENTED_EDGE('',*,*,#4004,.T.);
#4094 = ORIENTED_EDGE('',*,*,#4095,.T.);
#4095 = EDGE_CURVE('',#3983,#4096,#4098,.T.);
#4096 = VERTEX_POINT('',#4097);
#4097 = CARTESIAN_POINT('',(-1.746552353286,106.77131978494,
    476.88731458236));
#4098 = SURFACE_CURVE('',#4099,(#4105,#4134),.PCURVE_S1.);
#4099 = B_SPLINE_CURVE_WITH_KNOTS('',3,(#4100,#4101,#4102,#4103,#4104),
  .UNSPECIFIED.,.F.,.F.,(4,1,4),(-6.628748546829E-12,12.496175703778,
    29.082376090411),.UNSPECIFIED.);
#4100 = CARTESIAN_POINT('',(-285.8998275772,105.20340773742,
    450.2766825975));
#4101 = CARTESIAN_POINT('',(-244.9375365718,105.34483441158,
    448.08418205044));
#4102 = CARTESIAN_POINT('',(-149.281315972,105.76098705466,
    449.01592256382));
#4103 = CARTESIAN_POINT('',(-54.64444991761,106.37017742403,
    463.95244580992));
#4104 = CARTESIAN_POINT('',(-1.74655251316,106.77131982173,
    476.88731523368));
#4105 = PCURVE('',#4019,#4106);
#4106 = DEFINITIONAL_REPRESENTATION('',(#4107),#4133);
#4107 = B_SPLINE_CURVE_WITH_KNOTS('',3,(#4108,#4109,#4110,#4111,#4112,
    #4113,#4114,#4115,#4116,#4117,#4118,#4119,#4120,#4121,#4122,#4123,
    #4124,#4125,#4126,#4127,#4128,#4129,#4130,#4131,#4132),
  .UNSPECIFIED.,.F.,.F.,(4,1,1,1,1,1,1,1,1,1,1,1,1,1,1,1,1,1,1,1,1,1,4),
  (-6.628748546829E-12,1.321926185921,2.643852371849,3.965778557778,
    5.287704743706,6.609630929634,7.931557115562,9.25348330149,
    10.575409487418,11.897335673346,13.219261859274,14.541188045202,
    15.86311423113,17.185040417058,18.506966602986,19.828892788914,
    21.150818974842,22.47274516077,23.794671346698,25.116597532626,
    26.438523718554,27.760449904483,29.082376090411),.UNSPECIFIED.);
#4108 = CARTESIAN_POINT('',(1.,0.967143598466));
#4109 = CARTESIAN_POINT('',(0.984853382371,0.967176845187));
#4110 = CARTESIAN_POINT('',(0.954560269478,0.967245198236));
#4111 = CARTESIAN_POINT('',(0.909120725845,0.967353279287));
#4112 = CARTESIAN_POINT('',(0.863681063823,0.967466884483));
#4113 = CARTESIAN_POINT('',(0.818241048784,0.967585986479));
#4114 = CARTESIAN_POINT('',(0.7728004525,0.967710557881));
#4115 = CARTESIAN_POINT('',(0.727359054273,0.967840571241));
#4116 = CARTESIAN_POINT('',(0.681916640457,0.967975998907));
#4117 = CARTESIAN_POINT('',(0.6364730061,0.968116813375));
#4118 = CARTESIAN_POINT('',(0.591027949633,0.968262985706));
#4119 = CARTESIAN_POINT('',(0.545581293157,0.968414491139));
#4120 = CARTESIAN_POINT('',(0.500132787957,0.968571281486));
#4121 = CARTESIAN_POINT('',(0.454682129896,0.968733291902));
#4122 = CARTESIAN_POINT('',(0.40922903972,0.968900461482));
#4123 = CARTESIAN_POINT('',(0.363773245076,0.969072728495));
#4124 = CARTESIAN_POINT('',(0.318314485784,0.969250031721));
#4125 = CARTESIAN_POINT('',(0.272852512848,0.969432310149));
#4126 = CARTESIAN_POINT('',(0.227387089119,0.969619503103));
#4127 = CARTESIAN_POINT('',(0.181917989533,0.969811550257));
#4128 = CARTESIAN_POINT('',(0.136445001288,0.970008391655));
#4129 = CARTESIAN_POINT('',(9.096792455255E-02,0.970209967742));
#4130 = CARTESIAN_POINT('',(4.548657102499E-02,0.970416219316));
#4131 = CARTESIAN_POINT('',(1.516270394586E-02,0.970556798239));
#4132 = CARTESIAN_POINT('',(-1.5991788539E-11,0.970627847365));
#4133 = ( GEOMETRIC_REPRESENTATION_CONTEXT(2) 
PARAMETRIC_REPRESENTATION_CONTEXT() REPRESENTATION_CONTEXT('2D SPACE',''
  ) );
#4134 = PCURVE('',#822,#4135);
#4135 = DEFINITIONAL_REPRESENTATION('',(#4136),#4140);
#4136 = LINE('',#4137,#4138);
#4137 = CARTESIAN_POINT('',(-4.777741365475E-16,2.326759778275E-15));
#4138 = VECTOR('',#4139,1.);
#4139 = DIRECTION('',(1.084706951434E-15,1.));
#4140 = ( GEOMETRIC_REPRESENTATION_CONTEXT(2) 
PARAMETRIC_REPRESENTATION_CONTEXT() REPRESENTATION_CONTEXT('2D SPACE',''
  ) );
#4141 = ORIENTED_EDGE('',*,*,#4142,.F.);
#4142 = EDGE_CURVE('',#4143,#4096,#4145,.T.);
#4143 = VERTEX_POINT('',#4144);
#4144 = CARTESIAN_POINT('',(-58.31677321023,-321.3378746824,
    515.76009694665));
#4145 = SURFACE_CURVE('',#4146,(#4150,#4156),.PCURVE_S1.);
#4146 = LINE('',#4147,#4148);
#4147 = CARTESIAN_POINT('',(-59.46286541042,-330.0112115721,
    516.54764537992));
#4148 = VECTOR('',#4149,1.);
#4149 = DIRECTION('',(0.130473384072,0.987389733529,-8.965606599743E-02)
  );
#4150 = PCURVE('',#4019,#4151);
#4151 = DEFINITIONAL_REPRESENTATION('',(#4152),#4155);
#4152 = B_SPLINE_CURVE_WITH_KNOTS('',1,(#4153,#4154),.UNSPECIFIED.,.F.,
  .F.,(2,2),(8.784106822455,442.36081916305),.PIECEWISE_BEZIER_KNOTS.);
#4153 = CARTESIAN_POINT('',(3.871891172404E-16,1.927408198826E-02));
#4154 = CARTESIAN_POINT('',(-5.505298008622E-18,0.97062784746));
#4155 = ( GEOMETRIC_REPRESENTATION_CONTEXT(2) 
PARAMETRIC_REPRESENTATION_CONTEXT() REPRESENTATION_CONTEXT('2D SPACE',''
  ) );
#4156 = PCURVE('',#1988,#4157);
#4157 = DEFINITIONAL_REPRESENTATION('',(#4158),#4161);
#4158 = B_SPLINE_CURVE_WITH_KNOTS('',1,(#4159,#4160),.UNSPECIFIED.,.F.,
  .F.,(2,2),(8.784106822455,442.36081916305),.PIECEWISE_BEZIER_KNOTS.);
#4159 = CARTESIAN_POINT('',(1.,1.927408198825E-02));
#4160 = CARTESIAN_POINT('',(1.,0.97062784746));
#4161 = ( GEOMETRIC_REPRESENTATION_CONTEXT(2) 
PARAMETRIC_REPRESENTATION_CONTEXT() REPRESENTATION_CONTEXT('2D SPACE',''
  ) );
#4162 = ORIENTED_EDGE('',*,*,#4163,.T.);
#4163 = EDGE_CURVE('',#4143,#4005,#4164,.T.);
#4164 = SURFACE_CURVE('',#4165,(#4172,#4201),.PCURVE_S1.);
#4165 = B_SPLINE_CURVE_WITH_KNOTS('',3,(#4166,#4167,#4168,#4169,#4170,
    #4171),.UNSPECIFIED.,.F.,.F.,(4,1,1,4),(-1.560956013358E-05,
    13.846152204548,23.077300727833,32.308244145748),.UNSPECIFIED.);
#4166 = CARTESIAN_POINT('',(-58.31687613486,-321.3397618006,
    515.76032814398));
#4167 = CARTESIAN_POINT('',(-101.6073511032,-321.149621058,
    498.04023568733));
#4168 = CARTESIAN_POINT('',(-176.5586626224,-320.8411327079,
    475.3376566882));
#4169 = CARTESIAN_POINT('',(-284.9102005505,-320.4502260586,
    460.41750278174));
#4170 = CARTESIAN_POINT('',(-347.4068554079,-320.2508017236,
    459.71716800974));
#4171 = CARTESIAN_POINT('',(-378.5535243186,-320.15811903,461.326746657)
  );
#4172 = PCURVE('',#4019,#4173);
#4173 = DEFINITIONAL_REPRESENTATION('',(#4174),#4200);
#4174 = B_SPLINE_CURVE_WITH_KNOTS('',3,(#4175,#4176,#4177,#4178,#4179,
    #4180,#4181,#4182,#4183,#4184,#4185,#4186,#4187,#4188,#4189,#4190,
    #4191,#4192,#4193,#4194,#4195,#4196,#4197,#4198,#4199),
  .UNSPECIFIED.,.F.,.F.,(4,1,1,1,1,1,1,1,1,1,1,1,1,1,1,1,1,1,1,1,1,1,4),
  (-1.560956013358E-05,1.468541652045,2.93709891365,4.405656175255,
    5.874213436859,7.342770698464,8.811327960069,10.279885221674,
    11.748442483279,13.216999744884,14.685557006489,16.154114268094,
    17.622671529699,19.091228791304,20.559786052908,22.028343314513,
    23.496900576118,24.965457837723,26.434015099328,27.902572360933,
    29.371129622538,30.839686884143,32.308244145748),.UNSPECIFIED.);
#4175 = CARTESIAN_POINT('',(-4.829845003538E-07,1.926988838107E-02));
#4176 = CARTESIAN_POINT('',(1.514601529334E-02,1.931470412526E-02));
#4177 = CARTESIAN_POINT('',(4.543972407214E-02,1.94041498941E-02));
#4178 = CARTESIAN_POINT('',(9.08822235092E-02,1.953760721861E-02));
#4179 = CARTESIAN_POINT('',(0.136326443115,1.96701955592E-02));
#4180 = CARTESIAN_POINT('',(0.181772221738,1.980176945828E-02));
#4181 = CARTESIAN_POINT('',(0.227219435364,1.993219187994E-02));
#4182 = CARTESIAN_POINT('',(0.272668002977,2.006133533235E-02));
#4183 = CARTESIAN_POINT('',(0.318117885961,2.018908228447E-02));
#4184 = CARTESIAN_POINT('',(0.363569089468,2.031532295951E-02));
#4185 = CARTESIAN_POINT('',(0.409021662198,2.04399638022E-02));
#4186 = CARTESIAN_POINT('',(0.454475700347,2.056289537113E-02));
#4187 = CARTESIAN_POINT('',(0.499931334965,2.068414604386E-02));
#4188 = CARTESIAN_POINT('',(0.545388516057,2.080379723825E-02));
#4189 = CARTESIAN_POINT('',(0.590846967229,2.092188890421E-02));
#4190 = CARTESIAN_POINT('',(0.63630625605,2.103833686529E-02));
#4191 = CARTESIAN_POINT('',(0.681766106097,2.11529484925E-02));
#4192 = CARTESIAN_POINT('',(0.727226364828,2.12655784909E-02));
#4193 = CARTESIAN_POINT('',(0.772687050953,2.13761244909E-02));
#4194 = CARTESIAN_POINT('',(0.818148280467,2.148455388264E-02));
#4195 = CARTESIAN_POINT('',(0.86361012952,2.159081987954E-02));
#4196 = CARTESIAN_POINT('',(0.909072657661,2.169487596782E-02));
#4197 = CARTESIAN_POINT('',(0.954535903632,2.179667230462E-02));
#4198 = CARTESIAN_POINT('',(0.98484521858,2.186299441295E-02));
#4199 = CARTESIAN_POINT('',(1.,2.189576120473E-02));
#4200 = ( GEOMETRIC_REPRESENTATION_CONTEXT(2) 
PARAMETRIC_REPRESENTATION_CONTEXT() REPRESENTATION_CONTEXT('2D SPACE',''
  ) );
#4201 = PCURVE('',#4202,#4239);
#4202 = B_SPLINE_SURFACE_WITH_KNOTS('',3,3,(
    (#4203,#4204,#4205,#4206,#4207,#4208)
    ,(#4209,#4210,#4211,#4212,#4213,#4214)
    ,(#4215,#4216,#4217,#4218,#4219,#4220)
    ,(#4221,#4222,#4223,#4224,#4225,#4226)
    ,(#4227,#4228,#4229,#4230,#4231,#4232)
    ,(#4233,#4234,#4235,#4236,#4237,#4238
    )),.UNSPECIFIED.,.F.,.F.,.F.,(4,1,1,4),(4,1,1,4),(0.,0.285714285714,
    0.571428571429,1.),(-5.705803801635E-04,13.846152204548,
    23.077300727833,32.308449251118),.UNSPECIFIED.);
#4203 = CARTESIAN_POINT('',(-62.0613842171,-330.0112115721,
    524.93712740766));
#4204 = CARTESIAN_POINT('',(-104.7864987173,-330.0112115721,
    507.4752499286));
#4205 = CARTESIAN_POINT('',(-178.7463017093,-330.0112115721,
    485.10600601281));
#4206 = CARTESIAN_POINT('',(-285.6509055411,-330.0112115721,
    470.40835243836));
#4207 = CARTESIAN_POINT('',(-347.3096907628,-330.0112115721,
    469.72297878177));
#4208 = CARTESIAN_POINT('',(-378.039107023,-330.0112115721,
    471.31242626876));
#4209 = CARTESIAN_POINT('',(-61.5434228674,-330.0112115721,
    523.66979759166));
#4210 = CARTESIAN_POINT('',(-104.341299694,-330.011260112,
    506.15839975445));
#4211 = CARTESIAN_POINT('',(-178.433116989,-330.0111701472,
    483.7180582992));
#4212 = CARTESIAN_POINT('',(-285.542057747,-330.0112426763,
    468.9543831975));
#4213 = CARTESIAN_POINT('',(-347.3238094941,-330.0111856613,
    468.24858643543));
#4214 = CARTESIAN_POINT('',(-378.1156598946,-330.0112115721,
    469.83239935529));
#4215 = CARTESIAN_POINT('',(-60.50932752855,-329.4389652594,
    521.13960908187));
#4216 = CARTESIAN_POINT('',(-103.4525852807,-329.4235354293,
    503.52948107537));
#4217 = CARTESIAN_POINT('',(-177.8079806104,-329.3979094331,
    480.94773798598));
#4218 = CARTESIAN_POINT('',(-285.3248937365,-329.3647021544,
    466.05272991768));
#4219 = CARTESIAN_POINT('',(-347.351932252,-329.3473488361,
    465.30656751348));
#4220 = CARTESIAN_POINT('',(-378.2684089625,-329.3392467234,
    466.87924127379));
#4221 = CARTESIAN_POINT('',(-58.99603146934,-326.6137502295,
    517.43692891589));
#4222 = CARTESIAN_POINT('',(-102.1595682012,-326.5261713599,
    499.70163802463));
#4223 = CARTESIAN_POINT('',(-176.9083251234,-326.382056917,
    476.94701465708));
#4224 = CARTESIAN_POINT('',(-285.0161808723,-326.1955058957,
    461.90992737049));
#4225 = CARTESIAN_POINT('',(-347.3926631738,-326.0987749313,
    461.13036932796));
#4226 = CARTESIAN_POINT('',(-378.4846319948,-326.05351576,462.6989159608
    ));
#4227 = CARTESIAN_POINT('',(-58.41489316905,-323.3752153063,
    516.01501993446));
#4228 = CARTESIAN_POINT('',(-101.6779493671,-323.2174973044,
    498.26704324074));
#4229 = CARTESIAN_POINT('',(-176.5906952556,-322.9597524705,
    475.51301398609));
#4230 = CARTESIAN_POINT('',(-284.915506313,-322.6297398877,
    460.51349923647));
#4231 = CARTESIAN_POINT('',(-347.4064371066,-322.4600336103,
    459.77045661051));
#4232 = CARTESIAN_POINT('',(-378.5539136355,-322.3808810772,
    461.35946662835));
#4233 = CARTESIAN_POINT('',(-58.31167074229,-321.3397846639,
    515.76245889067));
#4234 = CARTESIAN_POINT('',(-101.6037461975,-321.1496358953,
    498.04132761232));
#4235 = CARTESIAN_POINT('',(-176.5568014283,-320.8411394226,
    475.33791297715));
#4236 = CARTESIAN_POINT('',(-284.9108884082,-320.450223577,
    460.41740806281));
#4237 = CARTESIAN_POINT('',(-347.4082440263,-320.2507972926,
    459.71715244991));
#4238 = CARTESIAN_POINT('',(-378.5556004927,-320.158112852,
    461.32685395118));
#4239 = DEFINITIONAL_REPRESENTATION('',(#4240),#4244);
#4240 = LINE('',#4241,#4242);
#4241 = CARTESIAN_POINT('',(1.,-4.559612236388E-16));
#4242 = VECTOR('',#4243,1.);
#4243 = DIRECTION('',(-4.089249651049E-16,1.));
#4244 = ( GEOMETRIC_REPRESENTATION_CONTEXT(2) 
PARAMETRIC_REPRESENTATION_CONTEXT() REPRESENTATION_CONTEXT('2D SPACE',''
  ) );
#4245 = ADVANCED_FACE('',(#4246),#4202,.T.);
#4246 = FACE_BOUND('',#4247,.T.);
#4247 = EDGE_LOOP('',(#4248,#4296,#4346,#4347,#4376));
#4248 = ORIENTED_EDGE('',*,*,#4249,.F.);
#4249 = EDGE_CURVE('',#4250,#4252,#4254,.T.);
#4250 = VERTEX_POINT('',#4251);
#4251 = CARTESIAN_POINT('',(-60.61244546855,-329.2487451102,
    521.39191447107));
#4252 = VERTEX_POINT('',#4253);
#4253 = CARTESIAN_POINT('',(-80.09329903704,-330.0112115721,
    517.84357699835));
#4254 = SURFACE_CURVE('',#4255,(#4260,#4289),.PCURVE_S1.);
#4255 = B_SPLINE_CURVE_WITH_KNOTS('',3,(#4256,#4257,#4258,#4259),
  .UNSPECIFIED.,.F.,.F.,(4,4),(-2.100753249155,-2.571422885216E-11),
  .PIECEWISE_BEZIER_KNOTS.);
#4256 = CARTESIAN_POINT('',(-60.61219537111,-329.2480790475,
    521.39027935907));
#4257 = CARTESIAN_POINT('',(-67.00436084334,-329.7908891789,
    520.19145639568));
#4258 = CARTESIAN_POINT('',(-73.52898912805,-330.0112115721,
    519.00212492638));
#4259 = CARTESIAN_POINT('',(-80.09329903705,-330.0112115721,
    517.84357699834));
#4260 = PCURVE('',#4202,#4261);
#4261 = DEFINITIONAL_REPRESENTATION('',(#4262),#4288);
#4262 = B_SPLINE_CURVE_WITH_KNOTS('',3,(#4263,#4264,#4265,#4266,#4267,
    #4268,#4269,#4270,#4271,#4272,#4273,#4274,#4275,#4276,#4277,#4278,
    #4279,#4280,#4281,#4282,#4283,#4284,#4285,#4286,#4287),
  .UNSPECIFIED.,.F.,.F.,(4,1,1,1,1,1,1,1,1,1,1,1,1,1,1,1,1,1,1,1,1,1,4),
  (-2.100753249155,-2.005264465103,-1.909775681052,-1.814286897001,
    -1.71879811295,-1.623309328898,-1.527820544847,-1.432331760796,
    -1.336842976744,-1.241354192693,-1.145865408642,-1.05037662459,
    -0.954887840539,-0.859399056488,-0.763910272436,-0.668421488385,
    -0.572932704334,-0.477443920282,-0.381955136231,-0.28646635218,
    -0.190977568128,-9.548878407704E-02,-2.571409751795E-11),
  .UNSPECIFIED.);
#4263 = CARTESIAN_POINT('',(0.273633567943,-5.320717704346E-04));
#4264 = CARTESIAN_POINT('',(0.269130309062,2.82748255437E-02));
#4265 = CARTESIAN_POINT('',(0.260167471261,8.595148854146E-02));
#4266 = CARTESIAN_POINT('',(0.246849438236,0.172649959631));
#4267 = CARTESIAN_POINT('',(0.233652818691,0.25952678321));
#4268 = CARTESIAN_POINT('',(0.220572781386,0.346576819733));
#4269 = CARTESIAN_POINT('',(0.20760451576,0.433794919659));
#4270 = CARTESIAN_POINT('',(0.194743251266,0.521175922117));
#4271 = CARTESIAN_POINT('',(0.181984279205,0.608714655391));
#4272 = CARTESIAN_POINT('',(0.169322970838,0.696405936915));
#4273 = CARTESIAN_POINT('',(0.156754793841,0.784244573404));
#4274 = CARTESIAN_POINT('',(0.144275326921,0.872225360949));
#4275 = CARTESIAN_POINT('',(0.13188027297,0.960343085116));
#4276 = CARTESIAN_POINT('',(0.119565470962,1.048592521052));
#4277 = CARTESIAN_POINT('',(0.107326906793,1.136968433589));
#4278 = CARTESIAN_POINT('',(9.516072325323E-02,1.225465577342));
#4279 = CARTESIAN_POINT('',(8.306322927113E-02,1.31407869682));
#4280 = CARTESIAN_POINT('',(7.103090862041E-02,1.402802526523));
#4281 = CARTESIAN_POINT('',(5.906042797254E-02,1.49163179106));
#4282 = CARTESIAN_POINT('',(4.714864526546E-02,1.580561205227));
#4283 = CARTESIAN_POINT('',(3.529261517526E-02,1.6695854742));
#4284 = CARTESIAN_POINT('',(2.348960401799E-02,1.758699293332));
#4285 = CARTESIAN_POINT('',(1.173706832197E-02,1.847897349432));
#4286 = CARTESIAN_POINT('',(3.934201446509E-03,1.907415327469));
#4287 = CARTESIAN_POINT('',(4.041944554176E-05,1.937186581256));
#4288 = ( GEOMETRIC_REPRESENTATION_CONTEXT(2) 
PARAMETRIC_REPRESENTATION_CONTEXT() REPRESENTATION_CONTEXT('2D SPACE',''
  ) );
#4289 = PCURVE('',#1867,#4290);
#4290 = DEFINITIONAL_REPRESENTATION('',(#4291),#4295);
#4291 = LINE('',#4292,#4293);
#4292 = CARTESIAN_POINT('',(1.,1.7763568394E-15));
#4293 = VECTOR('',#4294,1.);
#4294 = DIRECTION('',(-2.959533177197E-15,-1.));
#4295 = ( GEOMETRIC_REPRESENTATION_CONTEXT(2) 
PARAMETRIC_REPRESENTATION_CONTEXT() REPRESENTATION_CONTEXT('2D SPACE',''
  ) );
#4296 = ORIENTED_EDGE('',*,*,#4297,.F.);
#4297 = EDGE_CURVE('',#4143,#4250,#4298,.T.);
#4298 = SURFACE_CURVE('',#4299,(#4307,#4313),.PCURVE_S1.);
#4299 = B_SPLINE_CURVE_WITH_KNOTS('',3,(#4300,#4301,#4302,#4303,#4304,
    #4305,#4306),.UNSPECIFIED.,.F.,.F.,(4,3,4),(0.,0.415219634678,
    0.726634360708),.UNSPECIFIED.);
#4300 = CARTESIAN_POINT('',(-58.31677320863,-321.337874683,
    515.76009694271));
#4301 = CARTESIAN_POINT('',(-58.41743786603,-323.3102075918,
    516.004151002));
#4302 = CARTESIAN_POINT('',(-58.74642003185,-325.1970415743,
    516.81036201686));
#4303 = CARTESIAN_POINT('',(-59.24641247062,-326.6799675028,
    518.03751793027));
#4304 = CARTESIAN_POINT('',(-59.62140679973,-327.7921619493,
    518.95788486539));
#4305 = CARTESIAN_POINT('',(-60.09259442577,-328.6771581251,
    520.11503329403));
#4306 = CARTESIAN_POINT('',(-60.61244546855,-329.2487451102,
    521.39191447107));
#4307 = PCURVE('',#4202,#4308);
#4308 = DEFINITIONAL_REPRESENTATION('',(#4309),#4312);
#4309 = B_SPLINE_CURVE_WITH_KNOTS('',1,(#4310,#4311),.UNSPECIFIED.,.F.,
  .F.,(2,2),(0.,0.726634360708),.PIECEWISE_BEZIER_KNOTS.);
#4310 = CARTESIAN_POINT('',(1.000132449635,-1.63800242149E-05));
#4311 = CARTESIAN_POINT('',(0.273512488019,-5.705803155499E-04));
#4312 = ( GEOMETRIC_REPRESENTATION_CONTEXT(2) 
PARAMETRIC_REPRESENTATION_CONTEXT() REPRESENTATION_CONTEXT('2D SPACE',''
  ) );
#4313 = PCURVE('',#4314,#4340);
#4314 = B_SPLINE_SURFACE_WITH_KNOTS('',3,3,(
    (#4315,#4316,#4317,#4318,#4319)
    ,(#4320,#4321,#4322,#4323,#4324)
    ,(#4325,#4326,#4327,#4328,#4329)
    ,(#4330,#4331,#4332,#4333,#4334)
    ,(#4335,#4336,#4337,#4338,#4339
  )),.UNSPECIFIED.,.F.,.F.,.F.,(4,1,4),(4,1,4),(0.273366077302,
    0.584780615601,1.),(-3.552713678801E-15,3.895439795143,6.8170196415)
  ,.UNSPECIFIED.);
#4315 = CARTESIAN_POINT('',(4.453528458525,-329.1033585403,
    533.68030142373));
#4316 = CARTESIAN_POINT('',(-8.233046036966,-329.1588738182,
    533.80154083173));
#4317 = CARTESIAN_POINT('',(-30.47463074114,-329.227845178,
    531.56189168509));
#4318 = CARTESIAN_POINT('',(-51.78775853941,-329.2484933382,
    524.97569988071));
#4319 = CARTESIAN_POINT('',(-60.61244546855,-329.2487451102,
    521.39191447107));
#4320 = CARTESIAN_POINT('',(4.453528458525,-328.4245103501,
    532.19776984412));
#4321 = CARTESIAN_POINT('',(-8.126928577301,-328.5205709217,
    532.35587076666));
#4322 = CARTESIAN_POINT('',(-30.19317785376,-328.6407807763,
    530.18680670297));
#4323 = CARTESIAN_POINT('',(-51.34018676854,-328.6767211587,
    523.66925237189));
#4324 = CARTESIAN_POINT('',(-60.09362723392,-328.6771581546,
    520.11461386133));
#4325 = CARTESIAN_POINT('',(4.453528458525,-325.9783766725,
    529.13087503557));
#4326 = CARTESIAN_POINT('',(-7.907233651723,-326.2195366229,
    529.33905352128));
#4327 = CARTESIAN_POINT('',(-29.60137358424,-326.5206897348,
    527.28731410927));
#4328 = CARTESIAN_POINT('',(-50.3938888465,-326.6110655796,
    520.90671271025));
#4329 = CARTESIAN_POINT('',(-58.99653937698,-326.6121673142,
    517.41364674978));
#4330 = CARTESIAN_POINT('',(4.453528458525,-322.1852951849,
    527.8435769983));
#4331 = CARTESIAN_POINT('',(-7.81434259348,-322.6056054384,
    527.95077628337));
#4332 = CARTESIAN_POINT('',(-29.30788991501,-323.1445825517,
    525.81072261816));
#4333 = CARTESIAN_POINT('',(-49.89977791621,-323.3082191519,
    519.46307009162));
#4334 = CARTESIAN_POINT('',(-58.42309297006,-323.310208858,
    516.00185472646));
#4335 = CARTESIAN_POINT('',(4.453528458525,-320.0112115721,
    527.8435769983));
#4336 = CARTESIAN_POINT('',(-7.814948298867,-320.4990013994,
    527.8435769983));
#4337 = CARTESIAN_POINT('',(-29.26837826074,-321.1391202541,
    525.58329985044));
#4338 = CARTESIAN_POINT('',(-49.81396252137,-321.335493117,
    519.21345315429));
#4339 = CARTESIAN_POINT('',(-58.32374494491,-321.337876654,
    515.75726561098));
#4340 = DEFINITIONAL_REPRESENTATION('',(#4341),#4345);
#4341 = LINE('',#4342,#4343);
#4342 = CARTESIAN_POINT('',(0.999999999996,6.816221803197));
#4343 = VECTOR('',#4344,1.);
#4344 = DIRECTION('',(-0.999999397207,1.097991432946E-03));
#4345 = ( GEOMETRIC_REPRESENTATION_CONTEXT(2) 
PARAMETRIC_REPRESENTATION_CONTEXT() REPRESENTATION_CONTEXT('2D SPACE',''
  ) );
#4346 = ORIENTED_EDGE('',*,*,#4163,.T.);
#4347 = ORIENTED_EDGE('',*,*,#4348,.T.);
#4348 = EDGE_CURVE('',#4005,#4349,#4351,.T.);
#4349 = VERTEX_POINT('',#4350);
#4350 = CARTESIAN_POINT('',(-378.039107023,-330.0112115721,
    471.31242626876));
#4351 = SURFACE_CURVE('',#4352,(#4363,#4370),.PCURVE_S1.);
#4352 = B_SPLINE_CURVE_WITH_KNOTS('',3,(#4353,#4354,#4355,#4356,#4357,
    #4358,#4359,#4360,#4361,#4362),.UNSPECIFIED.,.F.,.F.,(4,3,3,4),(0.,
    0.428571437645,0.714285729335,1.000000021034),.UNSPECIFIED.);
#4353 = CARTESIAN_POINT('',(-378.5535243186,-320.15811903,461.326746657)
  );
#4354 = CARTESIAN_POINT('',(-378.5521340775,-322.3808854699,
    461.35937604215));
#4355 = CARTESIAN_POINT('',(-378.5108638379,-324.5844645184,
    462.16306119619));
#4356 = CARTESIAN_POINT('',(-378.4389339812,-326.310798025,
    463.55948495452));
#4357 = CARTESIAN_POINT('',(-378.3909807435,-327.461687029,
    464.4904341265));
#4358 = CARTESIAN_POINT('',(-378.3294010121,-328.4004668768,
    465.68482268788));
#4359 = CARTESIAN_POINT('',(-378.2605220318,-329.0378480146,
    467.02031147162));
#4360 = CARTESIAN_POINT('',(-378.1916430516,-329.6752291525,
    468.3558002554));
#4361 = CARTESIAN_POINT('',(-378.1154648169,-330.0112115721,
    469.83238926522));
#4362 = CARTESIAN_POINT('',(-378.039107023,-330.0112115721,
    471.31242626876));
#4363 = PCURVE('',#4202,#4364);
#4364 = DEFINITIONAL_REPRESENTATION('',(#4365),#4369);
#4365 = LINE('',#4366,#4367);
#4366 = CARTESIAN_POINT('',(1.,32.308244145748));
#4367 = VECTOR('',#4368,1.);
#4368 = DIRECTION('',(-0.999999978966,2.051053657214E-04));
#4369 = ( GEOMETRIC_REPRESENTATION_CONTEXT(2) 
PARAMETRIC_REPRESENTATION_CONTEXT() REPRESENTATION_CONTEXT('2D SPACE',''
  ) );
#4370 = PCURVE('',#3733,#4371);
#4371 = DEFINITIONAL_REPRESENTATION('',(#4372),#4375);
#4372 = B_SPLINE_CURVE_WITH_KNOTS('',1,(#4373,#4374),.UNSPECIFIED.,.F.,
  .F.,(2,2),(0.,1.000000021034),.PIECEWISE_BEZIER_KNOTS.);
#4373 = CARTESIAN_POINT('',(1.000055051249,-1.876244020557E-05));
#4374 = CARTESIAN_POINT('',(-1.941460538388E-10,-2.051053861325E-04));
#4375 = ( GEOMETRIC_REPRESENTATION_CONTEXT(2) 
PARAMETRIC_REPRESENTATION_CONTEXT() REPRESENTATION_CONTEXT('2D SPACE',''
  ) );
#4376 = ORIENTED_EDGE('',*,*,#4377,.T.);
#4377 = EDGE_CURVE('',#4349,#4252,#4378,.T.);
#4378 = SURFACE_CURVE('',#4379,(#4386,#4393),.PCURVE_S1.);
#4379 = B_SPLINE_CURVE_WITH_KNOTS('',3,(#4380,#4381,#4382,#4383,#4384,
    #4385),.UNSPECIFIED.,.F.,.F.,(4,1,1,4),(-32.30844925111,
    -23.07730072783,-13.84615220454,-1.937186581257),.UNSPECIFIED.);
#4380 = CARTESIAN_POINT('',(-378.039107023,-330.0112115721,
    471.31242626876));
#4381 = CARTESIAN_POINT('',(-347.3096907628,-330.0112115721,
    469.72297878177));
#4382 = CARTESIAN_POINT('',(-285.6509055411,-330.0112115721,
    470.40835243836));
#4383 = CARTESIAN_POINT('',(-185.1579837339,-330.0112115721,
    484.2245034596));
#4384 = CARTESIAN_POINT('',(-117.2236454579,-330.0112115721,
    503.80243033021));
#4385 = CARTESIAN_POINT('',(-80.09350573827,-330.0112115721,
    517.84412350855));
#4386 = PCURVE('',#4202,#4387);
#4387 = DEFINITIONAL_REPRESENTATION('',(#4388),#4392);
#4388 = LINE('',#4389,#4390);
#4389 = CARTESIAN_POINT('',(9.788202094938E-15,7.105427357601E-15));
#4390 = VECTOR('',#4391,1.);
#4391 = DIRECTION('',(3.011818519997E-16,-1.));
#4392 = ( GEOMETRIC_REPRESENTATION_CONTEXT(2) 
PARAMETRIC_REPRESENTATION_CONTEXT() REPRESENTATION_CONTEXT('2D SPACE',''
  ) );
#4393 = PCURVE('',#2800,#4394);
#4394 = DEFINITIONAL_REPRESENTATION('',(#4395),#4402);
#4395 = B_SPLINE_CURVE_WITH_KNOTS('',3,(#4396,#4397,#4398,#4399,#4400,
    #4401),.UNSPECIFIED.,.F.,.F.,(4,1,1,4),(-32.30844925111,
    -23.07730072783,-13.84615220454,-1.937186581257),.UNSPECIFIED.);
#4396 = CARTESIAN_POINT('',(-70.19489459214,-367.7450667513));
#4397 = CARTESIAN_POINT('',(-71.78434207914,-337.0156504911));
#4398 = CARTESIAN_POINT('',(-71.09896842255,-275.3568652694));
#4399 = CARTESIAN_POINT('',(-57.28281740131,-174.8639434622));
#4400 = CARTESIAN_POINT('',(-37.70489053069,-106.9296051862));
#4401 = CARTESIAN_POINT('',(-23.66319735236,-69.79946546658));
#4402 = ( GEOMETRIC_REPRESENTATION_CONTEXT(2) 
PARAMETRIC_REPRESENTATION_CONTEXT() REPRESENTATION_CONTEXT('2D SPACE',''
  ) );
#4403 = ADVANCED_FACE('',(#4404),#4314,.T.);
#4404 = FACE_BOUND('',#4405,.T.);
#4405 = EDGE_LOOP('',(#4406,#4476,#4521));
#4406 = ORIENTED_EDGE('',*,*,#4407,.F.);
#4407 = EDGE_CURVE('',#1900,#4250,#4408,.T.);
#4408 = SURFACE_CURVE('',#4409,(#4418,#4447),.PCURVE_S1.);
#4409 = B_SPLINE_CURVE_WITH_KNOTS('',3,(#4410,#4411,#4412,#4413,#4414,
    #4415,#4416,#4417),.UNSPECIFIED.,.F.,.F.,(4,2,1,1,4),(
    -6.633756090174,-6.628358762402,-3.977015257441,-2.651343504961,
    2.354946621143E-15),.UNSPECIFIED.);
#4410 = CARTESIAN_POINT('',(4.453528458525,-320.0112115721,
    527.8435769983));
#4411 = CARTESIAN_POINT('',(4.43550662087,-320.0141995627,527.8435769983
    ));
#4412 = CARTESIAN_POINT('',(4.41748503425,-320.0171877892,527.8435749384
    ));
#4413 = CARTESIAN_POINT('',(-4.453650269686,-321.4878579339,
    527.84248374116));
#4414 = CARTESIAN_POINT('',(-17.73939299352,-323.704492758,
    527.28539846574));
#4415 = CARTESIAN_POINT('',(-39.5425263124,-326.989249016,
    525.04583284392));
#4416 = CARTESIAN_POINT('',(-52.3263502151,-328.5675320692,
    522.98415830758));
#4417 = CARTESIAN_POINT('',(-60.61244546855,-329.2487451102,
    521.39191447107));
#4418 = PCURVE('',#4314,#4419);
#4419 = DEFINITIONAL_REPRESENTATION('',(#4420),#4446);
#4420 = B_SPLINE_CURVE_WITH_KNOTS('',3,(#4421,#4422,#4423,#4424,#4425,
    #4426,#4427,#4428,#4429,#4430,#4431,#4432,#4433,#4434,#4435,#4436,
    #4437,#4438,#4439,#4440,#4441,#4442,#4443,#4444,#4445),
  .UNSPECIFIED.,.F.,.F.,(4,1,1,1,1,1,1,1,1,1,1,1,1,1,1,1,1,1,1,1,1,1,4),
  (-6.633756090174,-6.332221722439,-6.030687354703,-5.729152986968,
    -5.427618619233,-5.126084251498,-4.824549883763,-4.523015516028,
    -4.221481148292,-3.919946780557,-3.618412412822,-3.316878045087,
    -3.015343677352,-2.713809309617,-2.412274941881,-2.110740574146,
    -1.809206206411,-1.507671838676,-1.206137470941,-0.904603103206,
    -0.60306873547,-0.301534367735,2.6645352591E-15),.UNSPECIFIED.);
#4421 = CARTESIAN_POINT('',(1.,-3.552713678801E-15));
#4422 = CARTESIAN_POINT('',(0.991922266805,0.106563697879));
#4423 = CARTESIAN_POINT('',(0.975520002285,0.319718799488));
#4424 = CARTESIAN_POINT('',(0.950167852269,0.639407945573));
#4425 = CARTESIAN_POINT('',(0.924059332649,0.958928039799));
#4426 = CARTESIAN_POINT('',(0.897184228388,1.278149762403));
#4427 = CARTESIAN_POINT('',(0.869531460968,1.596941646526));
#4428 = CARTESIAN_POINT('',(0.841089521604,1.915170152753));
#4429 = CARTESIAN_POINT('',(0.811847238061,2.232700141534));
#4430 = CARTESIAN_POINT('',(0.781794374874,2.549395358564));
#4431 = CARTESIAN_POINT('',(0.750922521458,2.865118555259));
#4432 = CARTESIAN_POINT('',(0.719225096249,3.179733208737));
#4433 = CARTESIAN_POINT('',(0.686690710562,3.493104848262));
#4434 = CARTESIAN_POINT('',(0.653307537501,3.805097054474));
#4435 = CARTESIAN_POINT('',(0.619062446343,4.115569884821));
#4436 = CARTESIAN_POINT('',(0.583955806323,4.424395416136));
#4437 = CARTESIAN_POINT('',(0.548014440411,4.731425197915));
#4438 = CARTESIAN_POINT('',(0.51125856423,5.036503804474));
#4439 = CARTESIAN_POINT('',(0.473696959981,5.339478052741));
#4440 = CARTESIAN_POINT('',(0.435329121538,5.640195391088));
#4441 = CARTESIAN_POINT('',(0.396145838826,5.938505049519));
#4442 = CARTESIAN_POINT('',(0.356130729861,6.234258552014));
#4443 = CARTESIAN_POINT('',(0.31526210011,6.527309824209));
#4444 = CARTESIAN_POINT('',(0.287431473816,6.720781535194));
#4445 = CARTESIAN_POINT('',(0.273366077302,6.8170196415));
#4446 = ( GEOMETRIC_REPRESENTATION_CONTEXT(2) 
PARAMETRIC_REPRESENTATION_CONTEXT() REPRESENTATION_CONTEXT('2D SPACE',''
  ) );
#4447 = PCURVE('',#1925,#4448);
#4448 = DEFINITIONAL_REPRESENTATION('',(#4449),#4475);
#4449 = B_SPLINE_CURVE_WITH_KNOTS('',3,(#4450,#4451,#4452,#4453,#4454,
    #4455,#4456,#4457,#4458,#4459,#4460,#4461,#4462,#4463,#4464,#4465,
    #4466,#4467,#4468,#4469,#4470,#4471,#4472,#4473,#4474),
  .UNSPECIFIED.,.F.,.F.,(4,1,1,1,1,1,1,1,1,1,1,1,1,1,1,1,1,1,1,1,1,1,4),
  (-6.633756090174,-6.332221722439,-6.030687354703,-5.729152986968,
    -5.427618619233,-5.126084251498,-4.824549883763,-4.523015516028,
    -4.221481148292,-3.919946780557,-3.618412412822,-3.316878045087,
    -3.015343677352,-2.713809309617,-2.412274941881,-2.110740574146,
    -1.809206206411,-1.507671838676,-1.206137470941,-0.904603103206,
    -0.60306873547,-0.301534367735,2.354946621143E-15),.UNSPECIFIED.);
#4450 = CARTESIAN_POINT('',(1.,6.633756090174));
#4451 = CARTESIAN_POINT('',(1.,6.533244634262));
#4452 = CARTESIAN_POINT('',(1.,6.332221722439));
#4453 = CARTESIAN_POINT('',(1.,6.030687354703));
#4454 = CARTESIAN_POINT('',(1.,5.729152986968));
#4455 = CARTESIAN_POINT('',(1.,5.427618619233));
#4456 = CARTESIAN_POINT('',(1.,5.126084251498));
#4457 = CARTESIAN_POINT('',(1.,4.824549883763));
#4458 = CARTESIAN_POINT('',(1.,4.523015516028));
#4459 = CARTESIAN_POINT('',(1.,4.221481148292));
#4460 = CARTESIAN_POINT('',(1.,3.919946780557));
#4461 = CARTESIAN_POINT('',(1.,3.618412412822));
#4462 = CARTESIAN_POINT('',(1.,3.316878045087));
#4463 = CARTESIAN_POINT('',(1.,3.015343677352));
#4464 = CARTESIAN_POINT('',(1.,2.713809309617));
#4465 = CARTESIAN_POINT('',(1.,2.412274941881));
#4466 = CARTESIAN_POINT('',(1.,2.110740574146));
#4467 = CARTESIAN_POINT('',(1.,1.809206206411));
#4468 = CARTESIAN_POINT('',(1.,1.507671838676));
#4469 = CARTESIAN_POINT('',(1.,1.206137470941));
#4470 = CARTESIAN_POINT('',(1.,0.904603103206));
#4471 = CARTESIAN_POINT('',(1.,0.60306873547));
#4472 = CARTESIAN_POINT('',(1.,0.301534367735));
#4473 = CARTESIAN_POINT('',(1.,0.100511455912));
#4474 = CARTESIAN_POINT('',(1.,-2.354946621143E-15));
#4475 = ( GEOMETRIC_REPRESENTATION_CONTEXT(2) 
PARAMETRIC_REPRESENTATION_CONTEXT() REPRESENTATION_CONTEXT('2D SPACE',''
  ) );
#4476 = ORIENTED_EDGE('',*,*,#4477,.T.);
#4477 = EDGE_CURVE('',#1900,#4143,#4478,.T.);
#4478 = SURFACE_CURVE('',#4479,(#4485,#4492),.PCURVE_S1.);
#4479 = B_SPLINE_CURVE_WITH_KNOTS('',3,(#4480,#4481,#4482,#4483,#4484),
  .UNSPECIFIED.,.F.,.F.,(4,1,4),(-3.552713678801E-15,3.895439795143,
    6.81622180319),.UNSPECIFIED.);
#4480 = CARTESIAN_POINT('',(4.453528458525,-320.0112115721,
    527.8435769983));
#4481 = CARTESIAN_POINT('',(-7.814948298867,-320.4990013994,
    527.8435769983));
#4482 = CARTESIAN_POINT('',(-29.26586743208,-321.139045337,
    525.58356438477));
#4483 = CARTESIAN_POINT('',(-49.80915335329,-321.3354471454,
    519.21494410375));
#4484 = CARTESIAN_POINT('',(-58.31677320856,-321.337874683,
    515.76009694273));
#4485 = PCURVE('',#4314,#4486);
#4486 = DEFINITIONAL_REPRESENTATION('',(#4487),#4491);
#4487 = LINE('',#4488,#4489);
#4488 = CARTESIAN_POINT('',(1.,9.400367108063E-17));
#4489 = VECTOR('',#4490,1.);
#4490 = DIRECTION('',(-9.398149058309E-15,1.));
#4491 = ( GEOMETRIC_REPRESENTATION_CONTEXT(2) 
PARAMETRIC_REPRESENTATION_CONTEXT() REPRESENTATION_CONTEXT('2D SPACE',''
  ) );
#4492 = PCURVE('',#1988,#4493);
#4493 = DEFINITIONAL_REPRESENTATION('',(#4494),#4520);
#4494 = B_SPLINE_CURVE_WITH_KNOTS('',3,(#4495,#4496,#4497,#4498,#4499,
    #4500,#4501,#4502,#4503,#4504,#4505,#4506,#4507,#4508,#4509,#4510,
    #4511,#4512,#4513,#4514,#4515,#4516,#4517,#4518,#4519),
  .UNSPECIFIED.,.F.,.F.,(4,1,1,1,1,1,1,1,1,1,1,1,1,1,1,1,1,1,1,1,1,1,4),
  (-3.552713678801E-15,0.309828263781,0.619656527563,0.929484791344,
    1.239313055125,1.549141318907,1.858969582688,2.168797846469,
    2.478626110251,2.788454374032,3.098282637813,3.408110901595,
    3.717939165376,4.027767429157,4.337595692939,4.64742395672,
    4.957252220501,5.267080484283,5.576908748064,5.886737011846,
    6.196565275627,6.506393539408,6.81622180319),.UNSPECIFIED.);
#4495 = CARTESIAN_POINT('',(0.,2.222222222222E-02));
#4496 = CARTESIAN_POINT('',(1.479410052405E-02,2.213600605494E-02));
#4497 = CARTESIAN_POINT('',(4.442680911662E-02,2.196700707818E-02));
#4498 = CARTESIAN_POINT('',(8.900478547566E-02,2.17239667927E-02));
#4499 = CARTESIAN_POINT('',(0.133707103787,2.149154597311E-02));
#4500 = CARTESIAN_POINT('',(0.178529060774,2.12698947756E-02));
#4501 = CARTESIAN_POINT('',(0.223465893433,2.105915869803E-02));
#4502 = CARTESIAN_POINT('',(0.268512782442,2.08594792141E-02));
#4503 = CARTESIAN_POINT('',(0.313664870614,2.067099587313E-02));
#4504 = CARTESIAN_POINT('',(0.358917272591,2.049384723434E-02));
#4505 = CARTESIAN_POINT('',(0.404265088464,2.032817384345E-02));
#4506 = CARTESIAN_POINT('',(0.449703395708,2.017411305705E-02));
#4507 = CARTESIAN_POINT('',(0.495227315469,2.003182694865E-02));
#4508 = CARTESIAN_POINT('',(0.540832089598,1.990150622579E-02));
#4509 = CARTESIAN_POINT('',(0.586513447116,1.978337521575E-02));
#4510 = CARTESIAN_POINT('',(0.632265965803,1.967755437709E-02));
#4511 = CARTESIAN_POINT('',(0.678082386591,1.958400522634E-02));
#4512 = CARTESIAN_POINT('',(0.723955767729,1.950271945018E-02));
#4513 = CARTESIAN_POINT('',(0.769879059458,1.943368209031E-02));
#4514 = CARTESIAN_POINT('',(0.815845235797,1.937688347346E-02));
#4515 = CARTESIAN_POINT('',(0.861847273347,1.93323175776E-02));
#4516 = CARTESIAN_POINT('',(0.907878169989,1.929998383274E-02));
#4517 = CARTESIAN_POINT('',(0.953930945358,1.927988671818E-02));
#4518 = CARTESIAN_POINT('',(0.98464275908,1.92746547385E-02));
#4519 = CARTESIAN_POINT('',(0.999999998994,1.927408197599E-02));
#4520 = ( GEOMETRIC_REPRESENTATION_CONTEXT(2) 
PARAMETRIC_REPRESENTATION_CONTEXT() REPRESENTATION_CONTEXT('2D SPACE',''
  ) );
#4521 = ORIENTED_EDGE('',*,*,#4297,.T.);
#4522 = ADVANCED_FACE('',(#4523),#3733,.T.);
#4523 = FACE_BOUND('',#4524,.T.);
#4524 = EDGE_LOOP('',(#4525,#4548,#4549,#4550));
#4525 = ORIENTED_EDGE('',*,*,#4526,.T.);
#4526 = EDGE_CURVE('',#3510,#4349,#4527,.T.);
#4527 = SURFACE_CURVE('',#4528,(#4533,#4540),.PCURVE_S1.);
#4528 = B_SPLINE_CURVE_WITH_KNOTS('',3,(#4529,#4530,#4531,#4532),
  .UNSPECIFIED.,.F.,.F.,(4,4),(-71.04734406923,2.051053861223E-04),
  .PIECEWISE_BEZIER_KNOTS.);
#4529 = CARTESIAN_POINT('',(-1.088210553769E+03,-330.0112115721,
    489.08543874244));
#4530 = CARTESIAN_POINT('',(-851.3855728348,-330.0112115721,
    489.37981881885));
#4531 = CARTESIAN_POINT('',(-614.5529110391,-330.0112115721,
    483.45239222323));
#4532 = CARTESIAN_POINT('',(-378.0391070231,-330.0112115721,
    471.31242626575));
#4533 = PCURVE('',#3733,#4534);
#4534 = DEFINITIONAL_REPRESENTATION('',(#4535),#4539);
#4535 = LINE('',#4536,#4537);
#4536 = CARTESIAN_POINT('',(3.240874343047E-15,-5.258016244625E-13));
#4537 = VECTOR('',#4538,1.);
#4538 = DIRECTION('',(1.032378330369E-16,-1.));
#4539 = ( GEOMETRIC_REPRESENTATION_CONTEXT(2) 
PARAMETRIC_REPRESENTATION_CONTEXT() REPRESENTATION_CONTEXT('2D SPACE',''
  ) );
#4540 = PCURVE('',#2800,#4541);
#4541 = DEFINITIONAL_REPRESENTATION('',(#4542),#4547);
#4542 = B_SPLINE_CURVE_WITH_KNOTS('',3,(#4543,#4544,#4545,#4546),
  .UNSPECIFIED.,.F.,.F.,(4,4),(-71.04734406923,2.051053861223E-04),
  .PIECEWISE_BEZIER_KNOTS.);
#4543 = CARTESIAN_POINT('',(-52.42188211846,-1.077916513498E+03));
#4544 = CARTESIAN_POINT('',(-52.12750204205,-841.0915325631));
#4545 = CARTESIAN_POINT('',(-58.05492863767,-604.2588707674));
#4546 = CARTESIAN_POINT('',(-70.19489459516,-367.7450667515));
#4547 = ( GEOMETRIC_REPRESENTATION_CONTEXT(2) 
PARAMETRIC_REPRESENTATION_CONTEXT() REPRESENTATION_CONTEXT('2D SPACE',''
  ) );
#4548 = ORIENTED_EDGE('',*,*,#4348,.F.);
#4549 = ORIENTED_EDGE('',*,*,#4046,.T.);
#4550 = ORIENTED_EDGE('',*,*,#3534,.F.);
#4551 = ADVANCED_FACE('',(#4552),#3485,.F.);
#4552 = FACE_BOUND('',#4553,.F.);
#4553 = EDGE_LOOP('',(#4554,#4600,#4621,#4622));
#4554 = ORIENTED_EDGE('',*,*,#4555,.T.);
#4555 = EDGE_CURVE('',#3372,#4556,#4558,.T.);
#4556 = VERTEX_POINT('',#4557);
#4557 = CARTESIAN_POINT('',(-1.359831722158E+03,105.34233104265,
    475.87161144404));
#4558 = SURFACE_CURVE('',#4559,(#4564,#4593),.PCURVE_S1.);
#4559 = B_SPLINE_CURVE_WITH_KNOTS('',3,(#4560,#4561,#4562,#4563),
  .UNSPECIFIED.,.F.,.F.,(4,4),(0.976795959232,43.547251275714),
  .PIECEWISE_BEZIER_KNOTS.);
#4560 = CARTESIAN_POINT('',(-1.359625791253E+03,-320.2459032524,
    485.88302672706));
#4561 = CARTESIAN_POINT('',(-1.359700601979E+03,-178.382907703,
    482.55354047187));
#4562 = CARTESIAN_POINT('',(-1.359768741372E+03,-36.52018818025,
    479.21567410318));
#4563 = CARTESIAN_POINT('',(-1.359831722158E+03,105.34233104265,
    475.87161144404));
#4564 = PCURVE('',#3485,#4565);
#4565 = DEFINITIONAL_REPRESENTATION('',(#4566),#4592);
#4566 = B_SPLINE_CURVE_WITH_KNOTS('',3,(#4567,#4568,#4569,#4570,#4571,
    #4572,#4573,#4574,#4575,#4576,#4577,#4578,#4579,#4580,#4581,#4582,
    #4583,#4584,#4585,#4586,#4587,#4588,#4589,#4590,#4591),
  .UNSPECIFIED.,.F.,.F.,(4,1,1,1,1,1,1,1,1,1,1,1,1,1,1,1,1,1,1,1,1,1,4),
  (0.976795959232,2.911816655436,4.84683735164,6.781858047843,
    8.716878744047,10.651899440251,12.586920136455,14.521940832658,
    16.456961528862,18.391982225066,20.327002921269,22.262023617473,
    24.197044313677,26.132065009881,28.067085706084,30.002106402288,
    31.937127098492,33.872147794695,35.807168490899,37.742189187103,
    39.677209883307,41.61223057951,43.547251275714),
  .QUASI_UNIFORM_KNOTS.);
#4567 = CARTESIAN_POINT('',(0.946368989671,2.170068511744E-02));
#4568 = CARTESIAN_POINT('',(0.946456597097,3.603028060869E-02));
#4569 = CARTESIAN_POINT('',(0.9466309736,6.46894690449E-02));
#4570 = CARTESIAN_POINT('',(0.946890057303,0.107678244166));
#4571 = CARTESIAN_POINT('',(0.947146694178,0.150667011858));
#4572 = CARTESIAN_POINT('',(0.947400917672,0.193655772227));
#4573 = CARTESIAN_POINT('',(0.947652760736,0.236644525375));
#4574 = CARTESIAN_POINT('',(0.947902255765,0.279633271403));
#4575 = CARTESIAN_POINT('',(0.948149434627,0.322622010412));
#4576 = CARTESIAN_POINT('',(0.948394328669,0.3656107425));
#4577 = CARTESIAN_POINT('',(0.94863696873,0.408599467766));
#4578 = CARTESIAN_POINT('',(0.948877385147,0.451588186306));
#4579 = CARTESIAN_POINT('',(0.949115607769,0.494576898216));
#4580 = CARTESIAN_POINT('',(0.949351665965,0.537565603589));
#4581 = CARTESIAN_POINT('',(0.949585588632,0.58055430252));
#4582 = CARTESIAN_POINT('',(0.949817404207,0.623542995101));
#4583 = CARTESIAN_POINT('',(0.950047140673,0.666531681422));
#4584 = CARTESIAN_POINT('',(0.950274825571,0.709520361574));
#4585 = CARTESIAN_POINT('',(0.950500486005,0.752509035646));
#4586 = CARTESIAN_POINT('',(0.950724148652,0.795497703726));
#4587 = CARTESIAN_POINT('',(0.950945839776,0.8384863659));
#4588 = CARTESIAN_POINT('',(0.951165585215,0.881475022256));
#4589 = CARTESIAN_POINT('',(0.951383410445,0.924463672876));
#4590 = CARTESIAN_POINT('',(0.951527363753,0.953122769529));
#4591 = CARTESIAN_POINT('',(0.95159902871,0.96745231693));
#4592 = ( GEOMETRIC_REPRESENTATION_CONTEXT(2) 
PARAMETRIC_REPRESENTATION_CONTEXT() REPRESENTATION_CONTEXT('2D SPACE',''
  ) );
#4593 = PCURVE('',#3220,#4594);
#4594 = DEFINITIONAL_REPRESENTATION('',(#4595),#4599);
#4595 = LINE('',#4596,#4597);
#4596 = CARTESIAN_POINT('',(-1.175201116075E-13,2.597921877623E-14));
#4597 = VECTOR('',#4598,1.);
#4598 = DIRECTION('',(2.934717513956E-15,1.));
#4599 = ( GEOMETRIC_REPRESENTATION_CONTEXT(2) 
PARAMETRIC_REPRESENTATION_CONTEXT() REPRESENTATION_CONTEXT('2D SPACE',''
  ) );
#4600 = ORIENTED_EDGE('',*,*,#4601,.T.);
#4601 = EDGE_CURVE('',#4556,#3916,#4602,.T.);
#4602 = SURFACE_CURVE('',#4603,(#4608,#4614),.PCURVE_S1.);
#4603 = B_SPLINE_CURVE_WITH_KNOTS('',3,(#4604,#4605,#4606,#4607),
  .UNSPECIFIED.,.F.,.F.,(4,4),(1.516385512848,31.329050132789),
  .PIECEWISE_BEZIER_KNOTS.);
#4604 = CARTESIAN_POINT('',(-1.359831722158E+03,105.34233104265,
    475.87161144404));
#4605 = CARTESIAN_POINT('',(-1.260427386686E+03,105.29822503722,
    474.75710142991));
#4606 = CARTESIAN_POINT('',(-1.161026971987E+03,105.26400096875,
    473.29382804316));
#4607 = CARTESIAN_POINT('',(-1.06163291263E+03,105.23967920234,
    471.48223507383));
#4608 = PCURVE('',#3485,#4609);
#4609 = DEFINITIONAL_REPRESENTATION('',(#4610),#4613);
#4610 = B_SPLINE_CURVE_WITH_KNOTS('',1,(#4611,#4612),.UNSPECIFIED.,.F.,
  .F.,(2,2),(1.516385512848,31.329050132789),.PIECEWISE_BEZIER_KNOTS.);
#4611 = CARTESIAN_POINT('',(0.951599028708,0.967452316922));
#4612 = CARTESIAN_POINT('',(9.589500760005E-15,0.967224201721));
#4613 = ( GEOMETRIC_REPRESENTATION_CONTEXT(2) 
PARAMETRIC_REPRESENTATION_CONTEXT() REPRESENTATION_CONTEXT('2D SPACE',''
  ) );
#4614 = PCURVE('',#712,#4615);
#4615 = DEFINITIONAL_REPRESENTATION('',(#4616),#4620);
#4616 = LINE('',#4617,#4618);
#4617 = CARTESIAN_POINT('',(-7.752478899378E-16,-1.287858708565E-14));
#4618 = VECTOR('',#4619,1.);
#4619 = DIRECTION('',(1.330707484161E-16,1.));
#4620 = ( GEOMETRIC_REPRESENTATION_CONTEXT(2) 
PARAMETRIC_REPRESENTATION_CONTEXT() REPRESENTATION_CONTEXT('2D SPACE',''
  ) );
#4621 = ORIENTED_EDGE('',*,*,#3915,.F.);
#4622 = ORIENTED_EDGE('',*,*,#3468,.T.);
#4623 = ADVANCED_FACE('',(#4624),#3220,.F.);
#4624 = FACE_BOUND('',#4625,.F.);
#4625 = EDGE_LOOP('',(#4626,#4627,#4652,#4700,#4701));
#4626 = ORIENTED_EDGE('',*,*,#3122,.T.);
#4627 = ORIENTED_EDGE('',*,*,#4628,.F.);
#4628 = EDGE_CURVE('',#4629,#2813,#4631,.T.);
#4629 = VERTEX_POINT('',#4630);
#4630 = CARTESIAN_POINT('',(-1.375E+03,104.98878842772,460.87672264194)
  );
#4631 = SURFACE_CURVE('',#4632,(#4637,#4644),.PCURVE_S1.);
#4632 = B_SPLINE_CURVE_WITH_KNOTS('',3,(#4633,#4634,#4635,#4636),
  .UNSPECIFIED.,.F.,.F.,(4,4),(-43.54725127571,1.465203975049),
  .PIECEWISE_BEZIER_KNOTS.);
#4633 = CARTESIAN_POINT('',(-1.375E+03,104.98878842782,460.87672264194)
  );
#4634 = CARTESIAN_POINT('',(-1.375E+03,-45.0110423791,464.41334989585));
#4635 = CARTESIAN_POINT('',(-1.375E+03,-195.0110249323,467.94354348471)
  );
#4636 = CARTESIAN_POINT('',(-1.375E+03,-345.0112115721,471.46504634729)
  );
#4637 = PCURVE('',#3220,#4638);
#4638 = DEFINITIONAL_REPRESENTATION('',(#4639),#4643);
#4639 = LINE('',#4640,#4641);
#4640 = CARTESIAN_POINT('',(1.,0.));
#4641 = VECTOR('',#4642,1.);
#4642 = DIRECTION('',(-2.95977551575E-17,-1.));
#4643 = ( GEOMETRIC_REPRESENTATION_CONTEXT(2) 
PARAMETRIC_REPRESENTATION_CONTEXT() REPRESENTATION_CONTEXT('2D SPACE',''
  ) );
#4644 = PCURVE('',#1059,#4645);
#4645 = DEFINITIONAL_REPRESENTATION('',(#4646),#4651);
#4646 = B_SPLINE_CURVE_WITH_KNOTS('',3,(#4647,#4648,#4649,#4650),
  .UNSPECIFIED.,.F.,.F.,(4,4),(-43.54725127571,1.465203975049),
  .PIECEWISE_BEZIER_KNOTS.);
#4647 = CARTESIAN_POINT('',(14.999999999999,460.87672264194));
#4648 = CARTESIAN_POINT('',(164.99983080693,464.41334989585));
#4649 = CARTESIAN_POINT('',(314.99981336014,467.94354348471));
#4650 = CARTESIAN_POINT('',(465.,471.46504634729));
#4651 = ( GEOMETRIC_REPRESENTATION_CONTEXT(2) 
PARAMETRIC_REPRESENTATION_CONTEXT() REPRESENTATION_CONTEXT('2D SPACE',''
  ) );
#4652 = ORIENTED_EDGE('',*,*,#4653,.T.);
#4653 = EDGE_CURVE('',#4629,#4556,#4654,.T.);
#4654 = SURFACE_CURVE('',#4655,(#4660,#4666),.PCURVE_S1.);
#4655 = CIRCLE('',#4656,15.);
#4656 = AXIS2_PLACEMENT_3D('',#4657,#4658,#4659);
#4657 = CARTESIAN_POINT('',(-1.36E+03,104.98878842782,460.87672264194));
#4658 = DIRECTION('',(-7.12511977587E-12,0.999722165596,
    -2.357099096819E-02));
#4659 = DIRECTION('',(1.121852281646E-02,2.356950765506E-02,
    0.999659253473));
#4660 = PCURVE('',#3220,#4661);
#4661 = DEFINITIONAL_REPRESENTATION('',(#4662),#4665);
#4662 = B_SPLINE_CURVE_WITH_KNOTS('',1,(#4663,#4664),.UNSPECIFIED.,.F.,
  .F.,(2,2),(4.701170222237,6.28318530718),.PIECEWISE_BEZIER_KNOTS.);
#4663 = CARTESIAN_POINT('',(1.,43.547251275703));
#4664 = CARTESIAN_POINT('',(1.444128100885E-13,43.547251275714));
#4665 = ( GEOMETRIC_REPRESENTATION_CONTEXT(2) 
PARAMETRIC_REPRESENTATION_CONTEXT() REPRESENTATION_CONTEXT('2D SPACE',''
  ) );
#4666 = PCURVE('',#4667,#4672);
#4667 = SPHERICAL_SURFACE('',#4668,15.);
#4668 = AXIS2_PLACEMENT_3D('',#4669,#4670,#4671);
#4669 = CARTESIAN_POINT('',(-1.36E+03,104.98878842782,460.87672264194));
#4670 = DIRECTION('',(2.106485876674E-35,-1.54074395551E-33,1.));
#4671 = DIRECTION('',(1.,-2.746701338763E-43,-2.106485876674E-35));
#4672 = DEFINITIONAL_REPRESENTATION('',(#4673),#4699);
#4673 = B_SPLINE_CURVE_WITH_KNOTS('',3,(#4674,#4675,#4676,#4677,#4678,
    #4679,#4680,#4681,#4682,#4683,#4684,#4685,#4686,#4687,#4688,#4689,
    #4690,#4691,#4692,#4693,#4694,#4695,#4696,#4697,#4698),
  .UNSPECIFIED.,.F.,.F.,(4,1,1,1,1,1,1,1,1,1,1,1,1,1,1,1,1,1,1,1,1,1,4),
  (4.701170222237,4.773079998825,4.844989775413,4.916899552001,
    4.98880932859,5.060719105178,5.132628881766,5.204538658355,
    5.276448434943,5.348358211531,5.42026798812,5.492177764708,
    5.564087541296,5.635997317885,5.707907094473,5.779816871061,
    5.85172664765,5.923636424238,5.995546200826,6.067455977415,
    6.139365754003,6.211275530591,6.28318530718),.QUASI_UNIFORM_KNOTS.);
#4674 = CARTESIAN_POINT('',(3.141592653597,1.326346440086E-13));
#4675 = CARTESIAN_POINT('',(3.14102758396,2.396326497834E-02));
#4676 = CARTESIAN_POINT('',(3.139897708187,7.188979804179E-02));
#4677 = CARTESIAN_POINT('',(3.13818510269,0.143779387892));
#4678 = CARTESIAN_POINT('',(3.136436659102,0.215668555254));
#4679 = CARTESIAN_POINT('',(3.134632454861,0.287557065257));
#4680 = CARTESIAN_POINT('',(3.132750180023,0.359444654885));
#4681 = CARTESIAN_POINT('',(3.130763834676,0.431331017593));
#4682 = CARTESIAN_POINT('',(3.128642196754,0.503215785314));
#4683 = CARTESIAN_POINT('',(3.126346624905,0.575098502257));
#4684 = CARTESIAN_POINT('',(3.123828037813,0.646978590351));
#4685 = CARTESIAN_POINT('',(3.121022008412,0.718855287357));
#4686 = CARTESIAN_POINT('',(3.117842839602,0.79072759194));
#4687 = CARTESIAN_POINT('',(3.114168097459,0.862594025265));
#4688 = CARTESIAN_POINT('',(3.109835770868,0.934452805975));
#4689 = CARTESIAN_POINT('',(3.104552886175,1.006299993197));
#4690 = CARTESIAN_POINT('',(3.098055727678,1.078134281451));
#4691 = CARTESIAN_POINT('',(3.089170585012,1.149935073427));
#4692 = CARTESIAN_POINT('',(3.078622855091,1.221736082164));
#4693 = CARTESIAN_POINT('',(3.056983606495,1.293332066971));
#4694 = CARTESIAN_POINT('',(3.04560541977,1.365325322081));
#4695 = CARTESIAN_POINT('',(2.931197888394,1.435069720022));
#4696 = CARTESIAN_POINT('',(3.029697932004,1.511167222352));
#4697 = CARTESIAN_POINT('',(2.062815583161,1.540002965028));
#4698 = CARTESIAN_POINT('',(1.126551864974,1.544690163543));
#4699 = ( GEOMETRIC_REPRESENTATION_CONTEXT(2) 
PARAMETRIC_REPRESENTATION_CONTEXT() REPRESENTATION_CONTEXT('2D SPACE',''
  ) );
#4700 = ORIENTED_EDGE('',*,*,#4555,.F.);
#4701 = ORIENTED_EDGE('',*,*,#3420,.T.);
#4702 = ADVANCED_FACE('',(#4703),#4667,.T.);
#4703 = FACE_BOUND('',#4704,.T.);
#4704 = EDGE_LOOP('',(#4705,#4727,#4728));
#4705 = ORIENTED_EDGE('',*,*,#4706,.T.);
#4706 = EDGE_CURVE('',#665,#4629,#4707,.T.);
#4707 = SURFACE_CURVE('',#4708,(#4713,#4720),.PCURVE_S1.);
#4708 = CIRCLE('',#4709,15.);
#4709 = AXIS2_PLACEMENT_3D('',#4710,#4711,#4712);
#4710 = CARTESIAN_POINT('',(-1.36E+03,104.98878842782,460.87672264194));
#4711 = DIRECTION('',(2.106485876674E-35,3.836930773105E-13,1.));
#4712 = DIRECTION('',(-1.,2.746701338763E-43,2.106485876674E-35));
#4713 = PCURVE('',#4667,#4714);
#4714 = DEFINITIONAL_REPRESENTATION('',(#4715),#4719);
#4715 = LINE('',#4716,#4717);
#4716 = CARTESIAN_POINT('',(-3.14159265359,-1.197501357334E-12));
#4717 = VECTOR('',#4718,1.);
#4718 = DIRECTION('',(1.,2.436634721301E-13));
#4719 = ( GEOMETRIC_REPRESENTATION_CONTEXT(2) 
PARAMETRIC_REPRESENTATION_CONTEXT() REPRESENTATION_CONTEXT('2D SPACE',''
  ) );
#4720 = PCURVE('',#682,#4721);
#4721 = DEFINITIONAL_REPRESENTATION('',(#4722),#4726);
#4722 = LINE('',#4723,#4724);
#4723 = CARTESIAN_POINT('',(-5.497787143782,460.87672264192));
#4724 = VECTOR('',#4725,1.);
#4725 = DIRECTION('',(1.,3.654952081952E-12));
#4726 = ( GEOMETRIC_REPRESENTATION_CONTEXT(2) 
PARAMETRIC_REPRESENTATION_CONTEXT() REPRESENTATION_CONTEXT('2D SPACE',''
  ) );
#4727 = ORIENTED_EDGE('',*,*,#4653,.T.);
#4728 = ORIENTED_EDGE('',*,*,#4729,.T.);
#4729 = EDGE_CURVE('',#4556,#665,#4730,.T.);
#4730 = SURFACE_CURVE('',#4731,(#4736,#4765),.PCURVE_S1.);
#4731 = CIRCLE('',#4732,15.);
#4732 = AXIS2_PLACEMENT_3D('',#4733,#4734,#4735);
#4733 = CARTESIAN_POINT('',(-1.36E+03,104.98878842782,460.87672264194));
#4734 = DIRECTION('',(-0.999937035414,-1.728967400811E-35,
    1.122164018294E-02));
#4735 = DIRECTION('',(2.746701338763E-43,1.,1.54074395551E-33));
#4736 = PCURVE('',#4667,#4737);
#4737 = DEFINITIONAL_REPRESENTATION('',(#4738),#4764);
#4738 = B_SPLINE_CURVE_WITH_KNOTS('',3,(#4739,#4740,#4741,#4742,#4743,
    #4744,#4745,#4746,#4747,#4748,#4749,#4750,#4751,#4752,#4753,#4754,
    #4755,#4756,#4757,#4758,#4759,#4760,#4761,#4762,#4763),
  .UNSPECIFIED.,.F.,.F.,(4,1,1,1,1,1,1,1,1,1,1,1,1,1,1,1,1,1,1,1,1,1,4),
  (4.735960670814,4.806289063376,4.876617455938,4.9469458485,
    5.017274241062,5.087602633625,5.157931026187,5.228259418749,
    5.298587811311,5.368916203873,5.439244596435,5.509572988997,
    5.579901381559,5.650229774121,5.720558166683,5.790886559245,
    5.861214951807,5.931543344369,6.001871736931,6.072200129493,
    6.142528522055,6.212856914618,6.28318530718),.QUASI_UNIFORM_KNOTS.);
#4739 = CARTESIAN_POINT('',(1.126551864979,1.544690163543));
#4740 = CARTESIAN_POINT('',(1.308030336822,1.522290482843));
#4741 = CARTESIAN_POINT('',(1.501010969516,1.476511173643));
#4742 = CARTESIAN_POINT('',(1.49762059894,1.406155308307));
#4743 = CARTESIAN_POINT('',(1.527619671107,1.335997648561));
#4744 = CARTESIAN_POINT('',(1.535117926893,1.265710723101));
#4745 = CARTESIAN_POINT('',(1.542825948075,1.195425757363));
#4746 = CARTESIAN_POINT('',(1.547459601989,1.125123323461));
#4747 = CARTESIAN_POINT('',(1.551154913127,1.054815679615));
#4748 = CARTESIAN_POINT('',(1.553985821041,0.984503169322));
#4749 = CARTESIAN_POINT('',(1.556298874741,0.914187756938));
#4750 = CARTESIAN_POINT('',(1.558224477714,0.843870169181));
#4751 = CARTESIAN_POINT('',(1.559871648481,0.773551019264));
#4752 = CARTESIAN_POINT('',(1.56130834385,0.703230688184));
#4753 = CARTESIAN_POINT('',(1.562584497242,0.632909456257));
#4754 = CARTESIAN_POINT('',(1.563736122704,0.562587525553));
#4755 = CARTESIAN_POINT('',(1.564790449413,0.492265048878));
#4756 = CARTESIAN_POINT('',(1.565768484806,0.42194214411));
#4757 = CARTESIAN_POINT('',(1.566686908486,0.351618904847));
#4758 = CARTESIAN_POINT('',(1.567559311969,0.281295407354));
#4759 = CARTESIAN_POINT('',(1.568397093756,0.210971715592));
#4760 = CARTESIAN_POINT('',(1.569210094756,0.14064788478));
#4761 = CARTESIAN_POINT('',(1.570007143613,7.032396445774E-02));
#4762 = CARTESIAN_POINT('',(1.570533228329,2.344132127597E-02));
#4763 = CARTESIAN_POINT('',(1.570796326796,-6.442254137558E-14));
#4764 = ( GEOMETRIC_REPRESENTATION_CONTEXT(2) 
PARAMETRIC_REPRESENTATION_CONTEXT() REPRESENTATION_CONTEXT('2D SPACE',''
  ) );
#4765 = PCURVE('',#712,#4766);
#4766 = DEFINITIONAL_REPRESENTATION('',(#4767),#4770);
#4767 = B_SPLINE_CURVE_WITH_KNOTS('',1,(#4768,#4769),.UNSPECIFIED.,.F.,
  .F.,(2,2),(4.735960670814,6.28318530718),.PIECEWISE_BEZIER_KNOTS.);
#4768 = CARTESIAN_POINT('',(-1.162199757727E-15,1.51638551285));
#4769 = CARTESIAN_POINT('',(1.,1.516385512848));
#4770 = ( GEOMETRIC_REPRESENTATION_CONTEXT(2) 
PARAMETRIC_REPRESENTATION_CONTEXT() REPRESENTATION_CONTEXT('2D SPACE',''
  ) );
#4771 = ADVANCED_FACE('',(#4772),#2800,.T.);
#4772 = FACE_BOUND('',#4773,.T.);
#4773 = EDGE_LOOP('',(#4774,#4795,#4796,#4797,#4798,#4799));
#4774 = ORIENTED_EDGE('',*,*,#4775,.F.);
#4775 = EDGE_CURVE('',#4252,#2687,#4776,.T.);
#4776 = SURFACE_CURVE('',#4777,(#4781,#4788),.PCURVE_S1.);
#4777 = LINE('',#4778,#4779);
#4778 = CARTESIAN_POINT('',(682.35297986415,-330.0112115721,
    517.8435769983));
#4779 = VECTOR('',#4780,1.);
#4780 = DIRECTION('',(-1.,-4.150668069688E-31,2.063497537503E-16));
#4781 = PCURVE('',#2800,#4782);
#4782 = DEFINITIONAL_REPRESENTATION('',(#4783),#4787);
#4783 = LINE('',#4784,#4785);
#4784 = CARTESIAN_POINT('',(-23.66374386261,692.64702013584));
#4785 = VECTOR('',#4786,1.);
#4786 = DIRECTION('',(2.063497537503E-16,-1.));
#4787 = ( GEOMETRIC_REPRESENTATION_CONTEXT(2) 
PARAMETRIC_REPRESENTATION_CONTEXT() REPRESENTATION_CONTEXT('2D SPACE',''
  ) );
#4788 = PCURVE('',#1837,#4789);
#4789 = DEFINITIONAL_REPRESENTATION('',(#4790),#4794);
#4790 = LINE('',#4791,#4792);
#4791 = CARTESIAN_POINT('',(5.497787143782,0.));
#4792 = VECTOR('',#4793,1.);
#4793 = DIRECTION('',(1.387879943174E-18,-1.));
#4794 = ( GEOMETRIC_REPRESENTATION_CONTEXT(2) 
PARAMETRIC_REPRESENTATION_CONTEXT() REPRESENTATION_CONTEXT('2D SPACE',''
  ) );
#4795 = ORIENTED_EDGE('',*,*,#4377,.F.);
#4796 = ORIENTED_EDGE('',*,*,#4526,.F.);
#4797 = ORIENTED_EDGE('',*,*,#3509,.F.);
#4798 = ORIENTED_EDGE('',*,*,#3442,.F.);
#4799 = ORIENTED_EDGE('',*,*,#2784,.F.);
#4800 = ADVANCED_FACE('',(#4801),#2083,.T.);
#4801 = FACE_BOUND('',#4802,.T.);
#4802 = EDGE_LOOP('',(#4803,#4804,#4828,#4850));
#4803 = ORIENTED_EDGE('',*,*,#2659,.T.);
#4804 = ORIENTED_EDGE('',*,*,#4805,.T.);
#4805 = EDGE_CURVE('',#2637,#4806,#4808,.T.);
#4806 = VERTEX_POINT('',#4807);
#4807 = CARTESIAN_POINT('',(1.375E+03,-630.0112115721,512.8435769983));
#4808 = SURFACE_CURVE('',#4809,(#4814,#4821),.PCURVE_S1.);
#4809 = CIRCLE('',#4810,1.375E+03);
#4810 = AXIS2_PLACEMENT_3D('',#4811,#4812,#4813);
#4811 = CARTESIAN_POINT('',(1.080297734585E-32,-630.0112115721,
    512.8435769983));
#4812 = DIRECTION('',(2.063497537503E-16,-1.54074395551E-33,1.));
#4813 = DIRECTION('',(3.986824247592E-17,-1.,-9.767545972872E-33));
#4814 = PCURVE('',#2083,#4815);
#4815 = DEFINITIONAL_REPRESENTATION('',(#4816),#4820);
#4816 = LINE('',#4817,#4818);
#4817 = CARTESIAN_POINT('',(10.995574287564,6.28318530718));
#4818 = VECTOR('',#4819,1.);
#4819 = DIRECTION('',(-1.,0.));
#4820 = ( GEOMETRIC_REPRESENTATION_CONTEXT(2) 
PARAMETRIC_REPRESENTATION_CONTEXT() REPRESENTATION_CONTEXT('2D SPACE',''
  ) );
#4821 = PCURVE('',#1088,#4822);
#4822 = DEFINITIONAL_REPRESENTATION('',(#4823),#4827);
#4823 = LINE('',#4824,#4825);
#4824 = CARTESIAN_POINT('',(-4.712388980385,512.8435769983));
#4825 = VECTOR('',#4826,1.);
#4826 = DIRECTION('',(1.,-1.447505775031E-13));
#4827 = ( GEOMETRIC_REPRESENTATION_CONTEXT(2) 
PARAMETRIC_REPRESENTATION_CONTEXT() REPRESENTATION_CONTEXT('2D SPACE',''
  ) );
#4828 = ORIENTED_EDGE('',*,*,#4829,.F.);
#4829 = EDGE_CURVE('',#2039,#4806,#4830,.T.);
#4830 = SURFACE_CURVE('',#4831,(#4836,#4843),.PCURVE_S1.);
#4831 = CIRCLE('',#4832,15.);
#4832 = AXIS2_PLACEMENT_3D('',#4833,#4834,#4835);
#4833 = CARTESIAN_POINT('',(1.36E+03,-630.0112115721,512.8435769983));
#4834 = DIRECTION('',(2.746701338763E-43,1.,1.54074395551E-33));
#4835 = DIRECTION('',(2.106485876674E-35,-1.54074395551E-33,1.));
#4836 = PCURVE('',#2083,#4837);
#4837 = DEFINITIONAL_REPRESENTATION('',(#4838),#4842);
#4838 = LINE('',#4839,#4840);
#4839 = CARTESIAN_POINT('',(3.14159265359,4.712388980385));
#4840 = VECTOR('',#4841,1.);
#4841 = DIRECTION('',(0.,1.));
#4842 = ( GEOMETRIC_REPRESENTATION_CONTEXT(2) 
PARAMETRIC_REPRESENTATION_CONTEXT() REPRESENTATION_CONTEXT('2D SPACE',''
  ) );
#4843 = PCURVE('',#2054,#4844);
#4844 = DEFINITIONAL_REPRESENTATION('',(#4845),#4849);
#4845 = LINE('',#4846,#4847);
#4846 = CARTESIAN_POINT('',(0.785398163397,150.));
#4847 = VECTOR('',#4848,1.);
#4848 = DIRECTION('',(-1.,0.));
#4849 = ( GEOMETRIC_REPRESENTATION_CONTEXT(2) 
PARAMETRIC_REPRESENTATION_CONTEXT() REPRESENTATION_CONTEXT('2D SPACE',''
  ) );
#4850 = ORIENTED_EDGE('',*,*,#2066,.T.);
#4851 = ADVANCED_FACE('',(#4852),#2054,.T.);
#4852 = FACE_BOUND('',#4853,.T.);
#4853 = EDGE_LOOP('',(#4854,#4855,#4878,#4927));
#4854 = ORIENTED_EDGE('',*,*,#4829,.T.);
#4855 = ORIENTED_EDGE('',*,*,#4856,.T.);
#4856 = EDGE_CURVE('',#4806,#4857,#4859,.T.);
#4857 = VERTEX_POINT('',#4858);
#4858 = CARTESIAN_POINT('',(1.375E+03,104.98878842782,512.8435769983));
#4859 = SURFACE_CURVE('',#4860,(#4864,#4871),.PCURVE_S1.);
#4860 = LINE('',#4861,#4862);
#4861 = CARTESIAN_POINT('',(1.375E+03,-480.0112115721,512.8435769983));
#4862 = VECTOR('',#4863,1.);
#4863 = DIRECTION('',(2.746701338763E-43,1.,1.54074395551E-33));
#4864 = PCURVE('',#2054,#4865);
#4865 = DEFINITIONAL_REPRESENTATION('',(#4866),#4870);
#4866 = LINE('',#4867,#4868);
#4867 = CARTESIAN_POINT('',(-0.785398163397,0.));
#4868 = VECTOR('',#4869,1.);
#4869 = DIRECTION('',(0.,-1.));
#4870 = ( GEOMETRIC_REPRESENTATION_CONTEXT(2) 
PARAMETRIC_REPRESENTATION_CONTEXT() REPRESENTATION_CONTEXT('2D SPACE',''
  ) );
#4871 = PCURVE('',#1116,#4872);
#4872 = DEFINITIONAL_REPRESENTATION('',(#4873),#4877);
#4873 = LINE('',#4874,#4875);
#4874 = CARTESIAN_POINT('',(150.,512.8435769983));
#4875 = VECTOR('',#4876,1.);
#4876 = DIRECTION('',(1.,0.));
#4877 = ( GEOMETRIC_REPRESENTATION_CONTEXT(2) 
PARAMETRIC_REPRESENTATION_CONTEXT() REPRESENTATION_CONTEXT('2D SPACE',''
  ) );
#4878 = ORIENTED_EDGE('',*,*,#4879,.F.);
#4879 = EDGE_CURVE('',#2016,#4857,#4880,.T.);
#4880 = SURFACE_CURVE('',#4881,(#4886,#4893),.PCURVE_S1.);
#4881 = CIRCLE('',#4882,15.);
#4882 = AXIS2_PLACEMENT_3D('',#4883,#4884,#4885);
#4883 = CARTESIAN_POINT('',(1.36E+03,104.98878842782,512.8435769983));
#4884 = DIRECTION('',(2.746700340931E-43,1.,-4.736951571734E-15));
#4885 = DIRECTION('',(1.,-2.746701338763E-43,-2.106485876674E-35));
#4886 = PCURVE('',#2054,#4887);
#4887 = DEFINITIONAL_REPRESENTATION('',(#4888),#4892);
#4888 = LINE('',#4889,#4890);
#4889 = CARTESIAN_POINT('',(5.497787143782,-585.));
#4890 = VECTOR('',#4891,1.);
#4891 = DIRECTION('',(-1.,7.237528875153E-14));
#4892 = ( GEOMETRIC_REPRESENTATION_CONTEXT(2) 
PARAMETRIC_REPRESENTATION_CONTEXT() REPRESENTATION_CONTEXT('2D SPACE',''
  ) );
#4893 = PCURVE('',#4894,#4899);
#4894 = SPHERICAL_SURFACE('',#4895,15.);
#4895 = AXIS2_PLACEMENT_3D('',#4896,#4897,#4898);
#4896 = CARTESIAN_POINT('',(1.36E+03,104.98878842782,512.8435769983));
#4897 = DIRECTION('',(-0.816496580928,0.408248290464,0.408248290464));
#4898 = DIRECTION('',(0.57735026919,0.57735026919,0.57735026919));
#4899 = DEFINITIONAL_REPRESENTATION('',(#4900),#4926);
#4900 = B_SPLINE_CURVE_WITH_KNOTS('',3,(#4901,#4902,#4903,#4904,#4905,
    #4906,#4907,#4908,#4909,#4910,#4911,#4912,#4913,#4914,#4915,#4916,
    #4917,#4918,#4919,#4920,#4921,#4922,#4923,#4924,#4925),
  .UNSPECIFIED.,.F.,.F.,(4,1,1,1,1,1,1,1,1,1,1,1,1,1,1,1,1,1,1,1,1,1,4),
  (4.712388980385,4.783788813421,4.855188646457,4.926588479493,
    4.997988312529,5.069388145565,5.140787978601,5.212187811638,
    5.283587644674,5.35498747771,5.426387310746,5.497787143782,
    5.569186976818,5.640586809854,5.711986642891,5.783386475927,
    5.854786308963,5.926186141999,5.997585975035,6.068985808071,
    6.140385641107,6.211785474143,6.28318530718),.QUASI_UNIFORM_KNOTS.);
#4901 = CARTESIAN_POINT('',(5.397108183387,0.420534335284));
#4902 = CARTESIAN_POINT('',(5.408763388199,0.399245918674));
#4903 = CARTESIAN_POINT('',(5.431424704515,0.356521383409));
#4904 = CARTESIAN_POINT('',(5.46382063559,0.292072447429));
#4905 = CARTESIAN_POINT('',(5.494988967508,0.227346666659));
#4906 = CARTESIAN_POINT('',(5.525237917477,0.162414226077));
#4907 = CARTESIAN_POINT('',(5.554851241823,9.733931239662E-02));
#4908 = CARTESIAN_POINT('',(5.584091299221,3.218087056967E-02));
#4909 = CARTESIAN_POINT('',(5.613209265859,-3.300486811568E-02));
#4910 = CARTESIAN_POINT('',(5.642452470233,-9.816260582653E-02));
#4911 = CARTESIAN_POINT('',(5.672072112256,-0.163236106295));
#4912 = CARTESIAN_POINT('',(5.702331039799,-0.228166302646));
#4913 = CARTESIAN_POINT('',(5.733512229971,-0.292889207833));
#4914 = CARTESIAN_POINT('',(5.765928414849,-0.357333496394));
#4915 = CARTESIAN_POINT('',(5.799933440753,-0.421417575992));
#4916 = CARTESIAN_POINT('',(5.835936055775,-0.485045913962));
#4917 = CARTESIAN_POINT('',(5.874416943299,-0.548104320227));
#4918 = CARTESIAN_POINT('',(5.915950072795,-0.610453711589));
#4919 = CARTESIAN_POINT('',(5.961229158455,-0.671921956095));
#4920 = CARTESIAN_POINT('',(6.011101336203,-0.732292309234));
#4921 = CARTESIAN_POINT('',(6.066604225637,-0.791289937376));
#4922 = CARTESIAN_POINT('',(6.129020437536,-0.848555592307));
#4923 = CARTESIAN_POINT('',(6.199885059107,-0.903640648239));
#4924 = CARTESIAN_POINT('',(6.254059846167,-0.938472816918));
#4925 = CARTESIAN_POINT('',(6.28318530718,-0.955316618125));
#4926 = ( GEOMETRIC_REPRESENTATION_CONTEXT(2) 
PARAMETRIC_REPRESENTATION_CONTEXT() REPRESENTATION_CONTEXT('2D SPACE',''
  ) );
#4927 = ORIENTED_EDGE('',*,*,#2038,.T.);
#4928 = ADVANCED_FACE('',(#4929),#4894,.T.);
#4929 = FACE_BOUND('',#4930,.T.);
#4930 = EDGE_LOOP('',(#4931,#4975,#4976));
#4931 = ORIENTED_EDGE('',*,*,#4932,.T.);
#4932 = EDGE_CURVE('',#929,#2016,#4933,.T.);
#4933 = SURFACE_CURVE('',#4934,(#4939,#4968),.PCURVE_S1.);
#4934 = CIRCLE('',#4935,15.);
#4935 = AXIS2_PLACEMENT_3D('',#4936,#4937,#4938);
#4936 = CARTESIAN_POINT('',(1.36E+03,104.98878842782,512.8435769983));
#4937 = DIRECTION('',(1.,-2.746701338763E-43,-2.106485876674E-35));
#4938 = DIRECTION('',(2.106485876674E-35,-1.54074395551E-33,1.));
#4939 = PCURVE('',#4894,#4940);
#4940 = DEFINITIONAL_REPRESENTATION('',(#4941),#4967);
#4941 = B_SPLINE_CURVE_WITH_KNOTS('',3,(#4942,#4943,#4944,#4945,#4946,
    #4947,#4948,#4949,#4950,#4951,#4952,#4953,#4954,#4955,#4956,#4957,
    #4958,#4959,#4960,#4961,#4962,#4963,#4964,#4965,#4966),
  .UNSPECIFIED.,.F.,.F.,(4,1,1,1,1,1,1,1,1,1,1,1,1,1,1,1,1,1,1,1,1,1,4),
  (4.712388980385,4.783788813421,4.855188646457,4.926588479493,
    4.997988312529,5.069388145565,5.140787978601,5.212187811638,
    5.283587644674,5.35498747771,5.426387310746,5.497787143782,
    5.569186976818,5.640586809854,5.711986642891,5.783386475927,
    5.854786308963,5.926186141999,5.997585975035,6.068985808071,
    6.140385641107,6.211785474143,6.28318530718),.QUASI_UNIFORM_KNOTS.);
#4942 = CARTESIAN_POINT('',(7.169262430972,0.420534335284));
#4943 = CARTESIAN_POINT('',(7.14594679657,0.431177612946));
#4944 = CARTESIAN_POINT('',(7.098636661174,0.451857720497));
#4945 = CARTESIAN_POINT('',(7.025582606253,0.480841619708));
#4946 = CARTESIAN_POINT('',(6.950369086369,0.507573396942));
#4947 = CARTESIAN_POINT('',(6.872989752188,0.531833486067));
#4948 = CARTESIAN_POINT('',(6.793491728131,0.553405144352));
#4949 = CARTESIAN_POINT('',(6.711988485821,0.572079393981));
#4950 = CARTESIAN_POINT('',(6.628663437004,0.587661669371));
#4951 = CARTESIAN_POINT('',(6.543771372066,0.599978915752));
#4952 = CARTESIAN_POINT('',(6.457634313978,0.608886874916));
#4953 = CARTESIAN_POINT('',(6.370631758508,0.614276835086));
#4954 = CARTESIAN_POINT('',(6.28318530718,0.616081145463));
#4955 = CARTESIAN_POINT('',(6.195738855851,0.614276835086));
#4956 = CARTESIAN_POINT('',(6.108736300381,0.608886874916));
#4957 = CARTESIAN_POINT('',(6.022599242294,0.599978915752));
#4958 = CARTESIAN_POINT('',(5.937707177355,0.587661669371));
#4959 = CARTESIAN_POINT('',(5.854382128538,0.572079393981));
#4960 = CARTESIAN_POINT('',(5.772878886228,0.553405144352));
#4961 = CARTESIAN_POINT('',(5.693380862171,0.531833486067));
#4962 = CARTESIAN_POINT('',(5.61600152799,0.507573396942));
#4963 = CARTESIAN_POINT('',(5.540788008107,0.480841619708));
#4964 = CARTESIAN_POINT('',(5.467733953185,0.451857720497));
#4965 = CARTESIAN_POINT('',(5.420423817789,0.431177612946));
#4966 = CARTESIAN_POINT('',(5.397108183387,0.420534335284));
#4967 = ( GEOMETRIC_REPRESENTATION_CONTEXT(2) 
PARAMETRIC_REPRESENTATION_CONTEXT() REPRESENTATION_CONTEXT('2D SPACE',''
  ) );
#4968 = PCURVE('',#944,#4969);
#4969 = DEFINITIONAL_REPRESENTATION('',(#4970),#4974);
#4970 = LINE('',#4971,#4972);
#4971 = CARTESIAN_POINT('',(-5.497787143782,-15.));
#4972 = VECTOR('',#4973,1.);
#4973 = DIRECTION('',(1.,0.));
#4974 = ( GEOMETRIC_REPRESENTATION_CONTEXT(2) 
PARAMETRIC_REPRESENTATION_CONTEXT() REPRESENTATION_CONTEXT('2D SPACE',''
  ) );
#4975 = ORIENTED_EDGE('',*,*,#4879,.T.);
#4976 = ORIENTED_EDGE('',*,*,#4977,.T.);
#4977 = EDGE_CURVE('',#4857,#929,#4978,.T.);
#4978 = SURFACE_CURVE('',#4979,(#4984,#5013),.PCURVE_S1.);
#4979 = CIRCLE('',#4980,15.);
#4980 = AXIS2_PLACEMENT_3D('',#4981,#4982,#4983);
#4981 = CARTESIAN_POINT('',(1.36E+03,104.98878842782,512.8435769983));
#4982 = DIRECTION('',(2.106485876674E-35,-1.54074395551E-33,1.));
#4983 = DIRECTION('',(2.746701338763E-43,1.,1.54074395551E-33));
#4984 = PCURVE('',#4894,#4985);
#4985 = DEFINITIONAL_REPRESENTATION('',(#4986),#5012);
#4986 = B_SPLINE_CURVE_WITH_KNOTS('',3,(#4987,#4988,#4989,#4990,#4991,
    #4992,#4993,#4994,#4995,#4996,#4997,#4998,#4999,#5000,#5001,#5002,
    #5003,#5004,#5005,#5006,#5007,#5008,#5009,#5010,#5011),
  .UNSPECIFIED.,.F.,.F.,(4,1,1,1,1,1,1,1,1,1,1,1,1,1,1,1,1,1,1,1,1,1,4),
  (4.712388980385,4.783788813421,4.855188646457,4.926588479493,
    4.997988312529,5.069388145565,5.140787978601,5.212187811638,
    5.283587644674,5.35498747771,5.426387310746,5.497787143782,
    5.569186976818,5.640586809854,5.711986642891,5.783386475927,
    5.854786308963,5.926186141999,5.997585975035,6.068985808071,
    6.140385641107,6.211785474143,6.28318530718),.QUASI_UNIFORM_KNOTS.);
#4987 = CARTESIAN_POINT('',(6.28318530718,-0.955316618125));
#4988 = CARTESIAN_POINT('',(6.312310768192,-0.938472816918));
#4989 = CARTESIAN_POINT('',(6.366485555252,-0.903640648239));
#4990 = CARTESIAN_POINT('',(6.437350176823,-0.848555592307));
#4991 = CARTESIAN_POINT('',(6.499766388722,-0.791289937376));
#4992 = CARTESIAN_POINT('',(6.555269278156,-0.732292309234));
#4993 = CARTESIAN_POINT('',(6.605141455905,-0.671921956095));
#4994 = CARTESIAN_POINT('',(6.650420541564,-0.610453711589));
#4995 = CARTESIAN_POINT('',(6.691953671061,-0.548104320227));
#4996 = CARTESIAN_POINT('',(6.730434558584,-0.485045913962));
#4997 = CARTESIAN_POINT('',(6.766437173606,-0.421417575992));
#4998 = CARTESIAN_POINT('',(6.80044219951,-0.357333496394));
#4999 = CARTESIAN_POINT('',(6.832858384388,-0.292889207833));
#5000 = CARTESIAN_POINT('',(6.86403957456,-0.228166302646));
#5001 = CARTESIAN_POINT('',(6.894298502103,-0.163236106295));
#5002 = CARTESIAN_POINT('',(6.923918144126,-9.816260582651E-02));
#5003 = CARTESIAN_POINT('',(6.953161348501,-3.300486811568E-02));
#5004 = CARTESIAN_POINT('',(6.982279315138,3.218087056968E-02));
#5005 = CARTESIAN_POINT('',(7.011519372536,9.733931239663E-02));
#5006 = CARTESIAN_POINT('',(7.041132696882,0.162414226077));
#5007 = CARTESIAN_POINT('',(7.071381646851,0.227346666659));
#5008 = CARTESIAN_POINT('',(7.102549978769,0.292072447429));
#5009 = CARTESIAN_POINT('',(7.134945909844,0.356521383409));
#5010 = CARTESIAN_POINT('',(7.157607226161,0.399245918674));
#5011 = CARTESIAN_POINT('',(7.169262430972,0.420534335284));
#5012 = ( GEOMETRIC_REPRESENTATION_CONTEXT(2) 
PARAMETRIC_REPRESENTATION_CONTEXT() REPRESENTATION_CONTEXT('2D SPACE',''
  ) );
#5013 = PCURVE('',#972,#5014);
#5014 = DEFINITIONAL_REPRESENTATION('',(#5015),#5019);
#5015 = LINE('',#5016,#5017);
#5016 = CARTESIAN_POINT('',(-5.497787143782,512.8435769983));
#5017 = VECTOR('',#5018,1.);
#5018 = DIRECTION('',(1.,0.));
#5019 = ( GEOMETRIC_REPRESENTATION_CONTEXT(2) 
PARAMETRIC_REPRESENTATION_CONTEXT() REPRESENTATION_CONTEXT('2D SPACE',''
  ) );
#5020 = ADVANCED_FACE('',(#5021),#1988,.F.);
#5021 = FACE_BOUND('',#5022,.F.);
#5022 = EDGE_LOOP('',(#5023,#5024,#5046,#5069,#5114,#5115));
#5023 = ORIENTED_EDGE('',*,*,#4142,.T.);
#5024 = ORIENTED_EDGE('',*,*,#5025,.T.);
#5025 = EDGE_CURVE('',#4096,#5026,#5028,.T.);
#5026 = VERTEX_POINT('',#5027);
#5027 = CARTESIAN_POINT('',(-1.734153006777,106.91773532304,
    476.87156190422));
#5028 = SURFACE_CURVE('',#5029,(#5034,#5040),.PCURVE_S1.);
#5029 = B_SPLINE_CURVE_WITH_KNOTS('',3,(#5030,#5031,#5032,#5033),
  .UNSPECIFIED.,.F.,.F.,(4,4),(-0.119663778753,-0.104772424868),
  .PIECEWISE_BEZIER_KNOTS.);
#5030 = CARTESIAN_POINT('',(-1.746552353209,106.77131978494,
    476.88731458206));
#5031 = CARTESIAN_POINT('',(-1.740073158422,106.82035270054,
    476.88286233985));
#5032 = CARTESIAN_POINT('',(-1.735958810015,106.86915686817,
    476.87760496028));
#5033 = CARTESIAN_POINT('',(-1.734153006778,106.91773532304,
    476.87156190422));
#5034 = PCURVE('',#1988,#5035);
#5035 = DEFINITIONAL_REPRESENTATION('',(#5036),#5039);
#5036 = B_SPLINE_CURVE_WITH_KNOTS('',1,(#5037,#5038),.UNSPECIFIED.,.F.,
  .F.,(2,2),(-0.119663778753,-0.104772424868),.PIECEWISE_BEZIER_KNOTS.);
#5037 = CARTESIAN_POINT('',(1.,0.97062784746));
#5038 = CARTESIAN_POINT('',(1.000024347152,0.970953215323));
#5039 = ( GEOMETRIC_REPRESENTATION_CONTEXT(2) 
PARAMETRIC_REPRESENTATION_CONTEXT() REPRESENTATION_CONTEXT('2D SPACE',''
  ) );
#5040 = PCURVE('',#822,#5041);
#5041 = DEFINITIONAL_REPRESENTATION('',(#5042),#5045);
#5042 = B_SPLINE_CURVE_WITH_KNOTS('',1,(#5043,#5044),.UNSPECIFIED.,.F.,
  .F.,(2,2),(-0.119663778753,-0.104772424868),.PIECEWISE_BEZIER_KNOTS.);
#5043 = CARTESIAN_POINT('',(1.984077009292E-09,29.082376090411));
#5044 = CARTESIAN_POINT('',(6.773268671699E-03,29.083217379574));
#5045 = ( GEOMETRIC_REPRESENTATION_CONTEXT(2) 
PARAMETRIC_REPRESENTATION_CONTEXT() REPRESENTATION_CONTEXT('2D SPACE',''
  ) );
#5046 = ORIENTED_EDGE('',*,*,#5047,.T.);
#5047 = EDGE_CURVE('',#5026,#5048,#5050,.T.);
#5048 = VERTEX_POINT('',#5049);
#5049 = CARTESIAN_POINT('',(-1.727206237914,106.9177263171,
    476.87402070937));
#5050 = SURFACE_CURVE('',#5051,(#5056,#5062),.PCURVE_S1.);
#5051 = B_SPLINE_CURVE_WITH_KNOTS('',3,(#5052,#5053,#5054,#5055),
  .UNSPECIFIED.,.F.,.F.,(4,4),(-7.245932634561E-04,4.116432148404E-15),
  .PIECEWISE_BEZIER_KNOTS.);
#5052 = CARTESIAN_POINT('',(-1.734152951668,106.91773538726,
    476.87156174844));
#5053 = CARTESIAN_POINT('',(-1.73183736507,106.917732386,476.87238135869
    ));
#5054 = CARTESIAN_POINT('',(-1.729521775088,106.91772938445,
    476.87320095938));
#5055 = CARTESIAN_POINT('',(-1.727206181722,106.91772638259,
    476.87402055053));
#5056 = PCURVE('',#1988,#5057);
#5057 = DEFINITIONAL_REPRESENTATION('',(#5058),#5061);
#5058 = B_SPLINE_CURVE_WITH_KNOTS('',1,(#5059,#5060),.UNSPECIFIED.,.F.,
  .F.,(2,2),(-7.24593253184E-04,4.116432148404E-15),
  .PIECEWISE_BEZIER_KNOTS.);
#5059 = CARTESIAN_POINT('',(1.000024347178,0.97095321551));
#5060 = CARTESIAN_POINT('',(1.000000000027,0.9709531955));
#5061 = ( GEOMETRIC_REPRESENTATION_CONTEXT(2) 
PARAMETRIC_REPRESENTATION_CONTEXT() REPRESENTATION_CONTEXT('2D SPACE',''
  ) );
#5062 = PCURVE('',#885,#5063);
#5063 = DEFINITIONAL_REPRESENTATION('',(#5064),#5068);
#5064 = LINE('',#5065,#5066);
#5065 = CARTESIAN_POINT('',(-1.327761907465E-14,-3.262877448697E-10));
#5066 = VECTOR('',#5067,1.);
#5067 = DIRECTION('',(1.097557801806E-11,1.));
#5068 = ( GEOMETRIC_REPRESENTATION_CONTEXT(2) 
PARAMETRIC_REPRESENTATION_CONTEXT() REPRESENTATION_CONTEXT('2D SPACE',''
  ) );
#5069 = ORIENTED_EDGE('',*,*,#5070,.T.);
#5070 = EDGE_CURVE('',#5048,#1973,#5071,.T.);
#5071 = SURFACE_CURVE('',#5072,(#5078,#5107),.PCURVE_S1.);
#5072 = B_SPLINE_CURVE_WITH_KNOTS('',3,(#5073,#5074,#5075,#5076,#5077),
  .UNSPECIFIED.,.F.,.F.,(4,1,4),(2.359223927328E-16,12.657184107832,
    29.632187464554),.UNSPECIFIED.);
#5073 = CARTESIAN_POINT('',(-1.727206178537,106.91772638258,
    476.87402055165));
#5074 = CARTESIAN_POINT('',(38.721543856928,106.86528992759,
    491.19062628864));
#5075 = CARTESIAN_POINT('',(135.83492554881,106.52502143345,
    517.8841995509));
#5076 = CARTESIAN_POINT('',(236.29863948405,105.65696101328,
    527.8435769983));
#5077 = CARTESIAN_POINT('',(293.86319982925,104.98878842782,
    527.8435769983));
#5078 = PCURVE('',#1988,#5079);
#5079 = DEFINITIONAL_REPRESENTATION('',(#5080),#5106);
#5080 = B_SPLINE_CURVE_WITH_KNOTS('',3,(#5081,#5082,#5083,#5084,#5085,
    #5086,#5087,#5088,#5089,#5090,#5091,#5092,#5093,#5094,#5095,#5096,
    #5097,#5098,#5099,#5100,#5101,#5102,#5103,#5104,#5105),
  .UNSPECIFIED.,.F.,.F.,(4,1,1,1,1,1,1,1,1,1,1,1,1,1,1,1,1,1,1,1,1,1,4),
  (2.359223927328E-16,1.346917612025,2.69383522405,4.040752836076,
    5.387670448101,6.734588060126,8.081505672151,9.428423284176,
    10.775340896202,12.122258508227,13.469176120252,14.816093732277,
    16.163011344302,17.509928956328,18.856846568353,20.203764180378,
    21.550681792403,22.897599404428,24.244517016454,25.591434628479,
    26.938352240504,28.285269852529,29.632187464554),
  .QUASI_UNIFORM_KNOTS.);
#5081 = CARTESIAN_POINT('',(1.000000000016,0.9709531955));
#5082 = CARTESIAN_POINT('',(0.984914011498,0.970940795481));
#5083 = CARTESIAN_POINT('',(0.954740307114,0.970911265139));
#5084 = CARTESIAN_POINT('',(0.909472912216,0.970852779747));
#5085 = CARTESIAN_POINT('',(0.864197041077,0.970780107944));
#5086 = CARTESIAN_POINT('',(0.818910991523,0.970693244669));
#5087 = CARTESIAN_POINT('',(0.773613018938,0.970592177555));
#5088 = CARTESIAN_POINT('',(0.728301329336,0.970476885212));
#5089 = CARTESIAN_POINT('',(0.682974081754,0.97034733657));
#5090 = CARTESIAN_POINT('',(0.637629381406,0.9702034905));
#5091 = CARTESIAN_POINT('',(0.592265300391,0.970045294902));
#5092 = CARTESIAN_POINT('',(0.546879797988,0.969872689407));
#5093 = CARTESIAN_POINT('',(0.50147111551,0.969685592857));
#5094 = CARTESIAN_POINT('',(0.456037738526,0.969483931342));
#5095 = CARTESIAN_POINT('',(0.410578151941,0.96926763937));
#5096 = CARTESIAN_POINT('',(0.365090919051,0.969036721244));
#5097 = CARTESIAN_POINT('',(0.319574570488,0.968791253863));
#5098 = CARTESIAN_POINT('',(0.27402756631,0.968531289869));
#5099 = CARTESIAN_POINT('',(0.2284483022,0.968256876601));
#5100 = CARTESIAN_POINT('',(0.182835106332,0.967968050826));
#5101 = CARTESIAN_POINT('',(0.137186239914,0.967664840429));
#5102 = CARTESIAN_POINT('',(9.14998948976E-02,0.967347264543));
#5103 = CARTESIAN_POINT('',(4.577420273209E-02,0.967015335268));
#5104 = CARTESIAN_POINT('',(1.526287162865E-02,0.966784483123));
#5105 = CARTESIAN_POINT('',(0.,0.966666666667));
#5106 = ( GEOMETRIC_REPRESENTATION_CONTEXT(2) 
PARAMETRIC_REPRESENTATION_CONTEXT() REPRESENTATION_CONTEXT('2D SPACE',''
  ) );
#5107 = PCURVE('',#885,#5108);
#5108 = DEFINITIONAL_REPRESENTATION('',(#5109),#5113);
#5109 = LINE('',#5110,#5111);
#5110 = CARTESIAN_POINT('',(-5.487586092572E-15,1.01101897131E-14));
#5111 = VECTOR('',#5112,1.);
#5112 = DIRECTION('',(1.571439273644E-16,1.));
#5113 = ( GEOMETRIC_REPRESENTATION_CONTEXT(2) 
PARAMETRIC_REPRESENTATION_CONTEXT() REPRESENTATION_CONTEXT('2D SPACE',''
  ) );
#5114 = ORIENTED_EDGE('',*,*,#1972,.F.);
#5115 = ORIENTED_EDGE('',*,*,#4477,.T.);
#5116 = ADVANCED_FACE('',(#5117),#1925,.F.);
#5117 = FACE_BOUND('',#5118,.F.);
#5118 = EDGE_LOOP('',(#5119,#5120,#5121));
#5119 = ORIENTED_EDGE('',*,*,#4407,.F.);
#5120 = ORIENTED_EDGE('',*,*,#1899,.F.);
#5121 = ORIENTED_EDGE('',*,*,#5122,.F.);
#5122 = EDGE_CURVE('',#4250,#1850,#5123,.T.);
#5123 = SURFACE_CURVE('',#5124,(#5129,#5135),.PCURVE_S1.);
#5124 = CIRCLE('',#5125,10.);
#5125 = AXIS2_PLACEMENT_3D('',#5126,#5127,#5128);
#5126 = CARTESIAN_POINT('',(-59.17116988357,-338.4862786483,
    517.8435769983));
#5127 = DIRECTION('',(0.988046090525,0.154158759071,-8.604228440845E-16)
  );
#5128 = DIRECTION('',(-0.144127558498,0.923753353809,0.354833747278));
#5129 = PCURVE('',#1925,#5130);
#5130 = DEFINITIONAL_REPRESENTATION('',(#5131),#5134);
#5131 = B_SPLINE_CURVE_WITH_KNOTS('',1,(#5132,#5133),.UNSPECIFIED.,.F.,
  .F.,(2,2),(0.,1.208060089348),.PIECEWISE_BEZIER_KNOTS.);
#5132 = CARTESIAN_POINT('',(1.,-1.973482843351E-15));
#5133 = CARTESIAN_POINT('',(-4.645539657521E-16,-1.302019905037E-15));
#5134 = ( GEOMETRIC_REPRESENTATION_CONTEXT(2) 
PARAMETRIC_REPRESENTATION_CONTEXT() REPRESENTATION_CONTEXT('2D SPACE',''
  ) );
#5135 = PCURVE('',#1867,#5136);
#5136 = DEFINITIONAL_REPRESENTATION('',(#5137),#5140);
#5137 = B_SPLINE_CURVE_WITH_KNOTS('',1,(#5138,#5139),.UNSPECIFIED.,.F.,
  .F.,(2,2),(0.,1.208060089348),.PIECEWISE_BEZIER_KNOTS.);
#5138 = CARTESIAN_POINT('',(0.999849480698,2.100714911954));
#5139 = CARTESIAN_POINT('',(3.728312567349E-07,2.099890915145));
#5140 = ( GEOMETRIC_REPRESENTATION_CONTEXT(2) 
PARAMETRIC_REPRESENTATION_CONTEXT() REPRESENTATION_CONTEXT('2D SPACE',''
  ) );
#5141 = ADVANCED_FACE('',(#5142),#1867,.F.);
#5142 = FACE_BOUND('',#5143,.F.);
#5143 = EDGE_LOOP('',(#5144,#5145,#5166,#5167));
#5144 = ORIENTED_EDGE('',*,*,#1849,.F.);
#5145 = ORIENTED_EDGE('',*,*,#5146,.T.);
#5146 = EDGE_CURVE('',#1822,#4252,#5147,.T.);
#5147 = SURFACE_CURVE('',#5148,(#5153,#5159),.PCURVE_S1.);
#5148 = CIRCLE('',#5149,10.);
#5149 = AXIS2_PLACEMENT_3D('',#5150,#5151,#5152);
#5150 = CARTESIAN_POINT('',(-80.09329903704,-340.0112115721,
    517.8435769983));
#5151 = DIRECTION('',(-1.,-7.105427357601E-15,2.106485876672E-35));
#5152 = DIRECTION('',(2.106485876674E-35,-1.54074395551E-33,1.));
#5153 = PCURVE('',#1867,#5154);
#5154 = DEFINITIONAL_REPRESENTATION('',(#5155),#5158);
#5155 = B_SPLINE_CURVE_WITH_KNOTS('',1,(#5156,#5157),.UNSPECIFIED.,.F.,
  .F.,(2,2),(0.,1.57079632679),.PIECEWISE_BEZIER_KNOTS.);
#5156 = CARTESIAN_POINT('',(-2.210218316326E-15,2.484322918327E-11));
#5157 = CARTESIAN_POINT('',(1.,2.659348585798E-11));
#5158 = ( GEOMETRIC_REPRESENTATION_CONTEXT(2) 
PARAMETRIC_REPRESENTATION_CONTEXT() REPRESENTATION_CONTEXT('2D SPACE',''
  ) );
#5159 = PCURVE('',#1837,#5160);
#5160 = DEFINITIONAL_REPRESENTATION('',(#5161),#5165);
#5161 = LINE('',#5162,#5163);
#5162 = CARTESIAN_POINT('',(7.068583470577,-762.4462789012));
#5163 = VECTOR('',#5164,1.);
#5164 = DIRECTION('',(-1.,0.));
#5165 = ( GEOMETRIC_REPRESENTATION_CONTEXT(2) 
PARAMETRIC_REPRESENTATION_CONTEXT() REPRESENTATION_CONTEXT('2D SPACE',''
  ) );
#5166 = ORIENTED_EDGE('',*,*,#4249,.F.);
#5167 = ORIENTED_EDGE('',*,*,#5122,.T.);
#5168 = ADVANCED_FACE('',(#5169),#1837,.T.);
#5169 = FACE_BOUND('',#5170,.T.);
#5170 = EDGE_LOOP('',(#5171,#5172,#5173,#5174));
#5171 = ORIENTED_EDGE('',*,*,#5146,.T.);
#5172 = ORIENTED_EDGE('',*,*,#4775,.T.);
#5173 = ORIENTED_EDGE('',*,*,#2759,.F.);
#5174 = ORIENTED_EDGE('',*,*,#1819,.T.);
#5175 = ADVANCED_FACE('',(#5176),#1647,.T.);
#5176 = FACE_BOUND('',#5177,.T.);
#5177 = EDGE_LOOP('',(#5178,#5179,#5200,#5201));
#5178 = ORIENTED_EDGE('',*,*,#1631,.F.);
#5179 = ORIENTED_EDGE('',*,*,#5180,.T.);
#5180 = EDGE_CURVE('',#1609,#2229,#5181,.T.);
#5181 = SURFACE_CURVE('',#5182,(#5186,#5193),.PCURVE_S1.);
#5182 = LINE('',#5183,#5184);
#5183 = CARTESIAN_POINT('',(915.,-505.,0.));
#5184 = VECTOR('',#5185,1.);
#5185 = DIRECTION('',(0.,0.,1.));
#5186 = PCURVE('',#1647,#5187);
#5187 = DEFINITIONAL_REPRESENTATION('',(#5188),#5192);
#5188 = LINE('',#5189,#5190);
#5189 = CARTESIAN_POINT('',(-154.,1.855E+03));
#5190 = VECTOR('',#5191,1.);
#5191 = DIRECTION('',(1.,0.));
#5192 = ( GEOMETRIC_REPRESENTATION_CONTEXT(2) 
PARAMETRIC_REPRESENTATION_CONTEXT() REPRESENTATION_CONTEXT('2D SPACE',''
  ) );
#5193 = PCURVE('',#1341,#5194);
#5194 = DEFINITIONAL_REPRESENTATION('',(#5195),#5199);
#5195 = LINE('',#5196,#5197);
#5196 = CARTESIAN_POINT('',(109.98878842782,580.));
#5197 = VECTOR('',#5198,1.);
#5198 = DIRECTION('',(-1.54074395551E-33,-1.));
#5199 = ( GEOMETRIC_REPRESENTATION_CONTEXT(2) 
PARAMETRIC_REPRESENTATION_CONTEXT() REPRESENTATION_CONTEXT('2D SPACE',''
  ) );
#5200 = ORIENTED_EDGE('',*,*,#2251,.T.);
#5201 = ORIENTED_EDGE('',*,*,#5202,.F.);
#5202 = EDGE_CURVE('',#1632,#2252,#5203,.T.);
#5203 = SURFACE_CURVE('',#5204,(#5208,#5215),.PCURVE_S1.);
#5204 = LINE('',#5205,#5206);
#5205 = CARTESIAN_POINT('',(940.,-505.,154.));
#5206 = VECTOR('',#5207,1.);
#5207 = DIRECTION('',(0.,0.,1.));
#5208 = PCURVE('',#1647,#5209);
#5209 = DEFINITIONAL_REPRESENTATION('',(#5210),#5214);
#5210 = LINE('',#5211,#5212);
#5211 = CARTESIAN_POINT('',(0.,1.88E+03));
#5212 = VECTOR('',#5213,1.);
#5213 = DIRECTION('',(1.,0.));
#5214 = ( GEOMETRIC_REPRESENTATION_CONTEXT(2) 
PARAMETRIC_REPRESENTATION_CONTEXT() REPRESENTATION_CONTEXT('2D SPACE',''
  ) );
#5215 = PCURVE('',#1675,#5216);
#5216 = DEFINITIONAL_REPRESENTATION('',(#5217),#5221);
#5217 = LINE('',#5218,#5219);
#5218 = CARTESIAN_POINT('',(0.,0.));
#5219 = VECTOR('',#5220,1.);
#5220 = DIRECTION('',(1.,0.));
#5221 = ( GEOMETRIC_REPRESENTATION_CONTEXT(2) 
PARAMETRIC_REPRESENTATION_CONTEXT() REPRESENTATION_CONTEXT('2D SPACE',''
  ) );
#5222 = ADVANCED_FACE('',(#5223),#1675,.F.);
#5223 = FACE_BOUND('',#5224,.F.);
#5224 = EDGE_LOOP('',(#5225,#5226,#5227,#5248));
#5225 = ORIENTED_EDGE('',*,*,#5202,.F.);
#5226 = ORIENTED_EDGE('',*,*,#1659,.T.);
#5227 = ORIENTED_EDGE('',*,*,#5228,.T.);
#5228 = EDGE_CURVE('',#1660,#2273,#5229,.T.);
#5229 = SURFACE_CURVE('',#5230,(#5234,#5241),.PCURVE_S1.);
#5230 = LINE('',#5231,#5232);
#5231 = CARTESIAN_POINT('',(940.,-395.,154.));
#5232 = VECTOR('',#5233,1.);
#5233 = DIRECTION('',(0.,0.,1.));
#5234 = PCURVE('',#1675,#5235);
#5235 = DEFINITIONAL_REPRESENTATION('',(#5236),#5240);
#5236 = LINE('',#5237,#5238);
#5237 = CARTESIAN_POINT('',(0.,-110.));
#5238 = VECTOR('',#5239,1.);
#5239 = DIRECTION('',(1.,0.));
#5240 = ( GEOMETRIC_REPRESENTATION_CONTEXT(2) 
PARAMETRIC_REPRESENTATION_CONTEXT() REPRESENTATION_CONTEXT('2D SPACE',''
  ) );
#5241 = PCURVE('',#1701,#5242);
#5242 = DEFINITIONAL_REPRESENTATION('',(#5243),#5247);
#5243 = LINE('',#5244,#5245);
#5244 = CARTESIAN_POINT('',(0.,1.88E+03));
#5245 = VECTOR('',#5246,1.);
#5246 = DIRECTION('',(1.,0.));
#5247 = ( GEOMETRIC_REPRESENTATION_CONTEXT(2) 
PARAMETRIC_REPRESENTATION_CONTEXT() REPRESENTATION_CONTEXT('2D SPACE',''
  ) );
#5248 = ORIENTED_EDGE('',*,*,#2272,.T.);
#5249 = ADVANCED_FACE('',(#5250),#1545,.T.);
#5250 = FACE_BOUND('',#5251,.T.);
#5251 = EDGE_LOOP('',(#5252,#5253,#5274,#5275));
#5252 = ORIENTED_EDGE('',*,*,#1529,.F.);
#5253 = ORIENTED_EDGE('',*,*,#5254,.T.);
#5254 = EDGE_CURVE('',#1500,#2317,#5255,.T.);
#5255 = SURFACE_CURVE('',#5256,(#5260,#5267),.PCURVE_S1.);
#5256 = LINE('',#5257,#5258);
#5257 = CARTESIAN_POINT('',(-940.,-505.,154.));
#5258 = VECTOR('',#5259,1.);
#5259 = DIRECTION('',(0.,0.,1.));
#5260 = PCURVE('',#1545,#5261);
#5261 = DEFINITIONAL_REPRESENTATION('',(#5262),#5266);
#5262 = LINE('',#5263,#5264);
#5263 = CARTESIAN_POINT('',(0.,0.));
#5264 = VECTOR('',#5265,1.);
#5265 = DIRECTION('',(1.,0.));
#5266 = ( GEOMETRIC_REPRESENTATION_CONTEXT(2) 
PARAMETRIC_REPRESENTATION_CONTEXT() REPRESENTATION_CONTEXT('2D SPACE',''
  ) );
#5267 = PCURVE('',#1517,#5268);
#5268 = DEFINITIONAL_REPRESENTATION('',(#5269),#5273);
#5269 = LINE('',#5270,#5271);
#5270 = CARTESIAN_POINT('',(0.,0.));
#5271 = VECTOR('',#5272,1.);
#5272 = DIRECTION('',(1.,0.));
#5273 = ( GEOMETRIC_REPRESENTATION_CONTEXT(2) 
PARAMETRIC_REPRESENTATION_CONTEXT() REPRESENTATION_CONTEXT('2D SPACE',''
  ) );
#5274 = ORIENTED_EDGE('',*,*,#2337,.T.);
#5275 = ORIENTED_EDGE('',*,*,#5276,.F.);
#5276 = EDGE_CURVE('',#1530,#2338,#5277,.T.);
#5277 = SURFACE_CURVE('',#5278,(#5282,#5289),.PCURVE_S1.);
#5278 = LINE('',#5279,#5280);
#5279 = CARTESIAN_POINT('',(-915.,-505.,0.));
#5280 = VECTOR('',#5281,1.);
#5281 = DIRECTION('',(0.,0.,1.));
#5282 = PCURVE('',#1545,#5283);
#5283 = DEFINITIONAL_REPRESENTATION('',(#5284),#5288);
#5284 = LINE('',#5285,#5286);
#5285 = CARTESIAN_POINT('',(-154.,25.));
#5286 = VECTOR('',#5287,1.);
#5287 = DIRECTION('',(1.,0.));
#5288 = ( GEOMETRIC_REPRESENTATION_CONTEXT(2) 
PARAMETRIC_REPRESENTATION_CONTEXT() REPRESENTATION_CONTEXT('2D SPACE',''
  ) );
#5289 = PCURVE('',#1171,#5290);
#5290 = DEFINITIONAL_REPRESENTATION('',(#5291),#5295);
#5291 = LINE('',#5292,#5293);
#5292 = CARTESIAN_POINT('',(1.121157217301E-02,580.));
#5293 = VECTOR('',#5294,1.);
#5294 = DIRECTION('',(1.54074395551E-33,-1.));
#5295 = ( GEOMETRIC_REPRESENTATION_CONTEXT(2) 
PARAMETRIC_REPRESENTATION_CONTEXT() REPRESENTATION_CONTEXT('2D SPACE',''
  ) );
#5296 = ADVANCED_FACE('',(#5297),#1701,.F.);
#5297 = FACE_BOUND('',#5298,.F.);
#5298 = EDGE_LOOP('',(#5299,#5300,#5301,#5322));
#5299 = ORIENTED_EDGE('',*,*,#5228,.F.);
#5300 = ORIENTED_EDGE('',*,*,#1687,.F.);
#5301 = ORIENTED_EDGE('',*,*,#5302,.T.);
#5302 = EDGE_CURVE('',#1502,#2294,#5303,.T.);
#5303 = SURFACE_CURVE('',#5304,(#5308,#5315),.PCURVE_S1.);
#5304 = LINE('',#5305,#5306);
#5305 = CARTESIAN_POINT('',(-940.,-395.,154.));
#5306 = VECTOR('',#5307,1.);
#5307 = DIRECTION('',(0.,0.,1.));
#5308 = PCURVE('',#1701,#5309);
#5309 = DEFINITIONAL_REPRESENTATION('',(#5310),#5314);
#5310 = LINE('',#5311,#5312);
#5311 = CARTESIAN_POINT('',(0.,0.));
#5312 = VECTOR('',#5313,1.);
#5313 = DIRECTION('',(1.,0.));
#5314 = ( GEOMETRIC_REPRESENTATION_CONTEXT(2) 
PARAMETRIC_REPRESENTATION_CONTEXT() REPRESENTATION_CONTEXT('2D SPACE',''
  ) );
#5315 = PCURVE('',#1517,#5316);
#5316 = DEFINITIONAL_REPRESENTATION('',(#5317),#5321);
#5317 = LINE('',#5318,#5319);
#5318 = CARTESIAN_POINT('',(0.,-110.));
#5319 = VECTOR('',#5320,1.);
#5320 = DIRECTION('',(1.,0.));
#5321 = ( GEOMETRIC_REPRESENTATION_CONTEXT(2) 
PARAMETRIC_REPRESENTATION_CONTEXT() REPRESENTATION_CONTEXT('2D SPACE',''
  ) );
#5322 = ORIENTED_EDGE('',*,*,#2293,.T.);
#5323 = ADVANCED_FACE('',(#5324),#1517,.T.);
#5324 = FACE_BOUND('',#5325,.T.);
#5325 = EDGE_LOOP('',(#5326,#5327,#5328,#5329));
#5326 = ORIENTED_EDGE('',*,*,#5254,.F.);
#5327 = ORIENTED_EDGE('',*,*,#1499,.T.);
#5328 = ORIENTED_EDGE('',*,*,#5302,.T.);
#5329 = ORIENTED_EDGE('',*,*,#2316,.T.);
#5330 = ADVANCED_FACE('',(#5331),#1398,.F.);
#5331 = FACE_BOUND('',#5332,.F.);
#5332 = EDGE_LOOP('',(#5333,#5334,#5355,#5356));
#5333 = ORIENTED_EDGE('',*,*,#1715,.F.);
#5334 = ORIENTED_EDGE('',*,*,#5335,.F.);
#5335 = EDGE_CURVE('',#1382,#1716,#5336,.T.);
#5336 = SEAM_CURVE('',#5337,(#5341,#5348),.PCURVE_S1.);
#5337 = LINE('',#5338,#5339);
#5338 = CARTESIAN_POINT('',(-585.,-450.,-1.));
#5339 = VECTOR('',#5340,1.);
#5340 = DIRECTION('',(0.,0.,1.));
#5341 = PCURVE('',#1398,#5342);
#5342 = DEFINITIONAL_REPRESENTATION('',(#5343),#5347);
#5343 = LINE('',#5344,#5345);
#5344 = CARTESIAN_POINT('',(6.28318530718,-0.));
#5345 = VECTOR('',#5346,1.);
#5346 = DIRECTION('',(0.,1.));
#5347 = ( GEOMETRIC_REPRESENTATION_CONTEXT(2) 
PARAMETRIC_REPRESENTATION_CONTEXT() REPRESENTATION_CONTEXT('2D SPACE',''
  ) );
#5348 = PCURVE('',#1398,#5349);
#5349 = DEFINITIONAL_REPRESENTATION('',(#5350),#5354);
#5350 = LINE('',#5351,#5352);
#5351 = CARTESIAN_POINT('',(0.,-0.));
#5352 = VECTOR('',#5353,1.);
#5353 = DIRECTION('',(0.,1.));
#5354 = ( GEOMETRIC_REPRESENTATION_CONTEXT(2) 
PARAMETRIC_REPRESENTATION_CONTEXT() REPRESENTATION_CONTEXT('2D SPACE',''
  ) );
#5355 = ORIENTED_EDGE('',*,*,#1381,.T.);
#5356 = ORIENTED_EDGE('',*,*,#5335,.T.);
#5357 = ADVANCED_FACE('',(#5358),#1341,.F.);
#5358 = FACE_BOUND('',#5359,.F.);
#5359 = EDGE_LOOP('',(#5360,#5381,#5382,#5383,#5404));
#5360 = ORIENTED_EDGE('',*,*,#5361,.T.);
#5361 = EDGE_CURVE('',#1298,#1609,#5362,.T.);
#5362 = SURFACE_CURVE('',#5363,(#5367,#5374),.PCURVE_S1.);
#5363 = LINE('',#5364,#5365);
#5364 = CARTESIAN_POINT('',(915.,-505.,0.));
#5365 = VECTOR('',#5366,1.);
#5366 = DIRECTION('',(0.,0.,1.));
#5367 = PCURVE('',#1341,#5368);
#5368 = DEFINITIONAL_REPRESENTATION('',(#5369),#5373);
#5369 = LINE('',#5370,#5371);
#5370 = CARTESIAN_POINT('',(109.98878842782,580.));
#5371 = VECTOR('',#5372,1.);
#5372 = DIRECTION('',(-1.54074395551E-33,-1.));
#5373 = ( GEOMETRIC_REPRESENTATION_CONTEXT(2) 
PARAMETRIC_REPRESENTATION_CONTEXT() REPRESENTATION_CONTEXT('2D SPACE',''
  ) );
#5374 = PCURVE('',#1313,#5375);
#5375 = DEFINITIONAL_REPRESENTATION('',(#5376),#5380);
#5376 = LINE('',#5377,#5378);
#5377 = CARTESIAN_POINT('',(0.,50.));
#5378 = VECTOR('',#5379,1.);
#5379 = DIRECTION('',(1.,0.));
#5380 = ( GEOMETRIC_REPRESENTATION_CONTEXT(2) 
PARAMETRIC_REPRESENTATION_CONTEXT() REPRESENTATION_CONTEXT('2D SPACE',''
  ) );
#5381 = ORIENTED_EDGE('',*,*,#5180,.T.);
#5382 = ORIENTED_EDGE('',*,*,#2228,.T.);
#5383 = ORIENTED_EDGE('',*,*,#5384,.T.);
#5384 = EDGE_CURVE('',#2206,#1326,#5385,.T.);
#5385 = SURFACE_CURVE('',#5386,(#5390,#5397),.PCURVE_S1.);
#5386 = LINE('',#5387,#5388);
#5387 = CARTESIAN_POINT('',(915.,-505.0112115721,580.));
#5388 = VECTOR('',#5389,1.);
#5389 = DIRECTION('',(-2.106485876674E-35,1.54074395551E-33,-1.));
#5390 = PCURVE('',#1341,#5391);
#5391 = DEFINITIONAL_REPRESENTATION('',(#5392),#5396);
#5392 = LINE('',#5393,#5394);
#5393 = CARTESIAN_POINT('',(110.,0.));
#5394 = VECTOR('',#5395,1.);
#5395 = DIRECTION('',(0.,1.));
#5396 = ( GEOMETRIC_REPRESENTATION_CONTEXT(2) 
PARAMETRIC_REPRESENTATION_CONTEXT() REPRESENTATION_CONTEXT('2D SPACE',''
  ) );
#5397 = PCURVE('',#1367,#5398);
#5398 = DEFINITIONAL_REPRESENTATION('',(#5399),#5403);
#5399 = LINE('',#5400,#5401);
#5400 = CARTESIAN_POINT('',(0.,-0.));
#5401 = VECTOR('',#5402,1.);
#5402 = DIRECTION('',(0.,1.));
#5403 = ( GEOMETRIC_REPRESENTATION_CONTEXT(2) 
PARAMETRIC_REPRESENTATION_CONTEXT() REPRESENTATION_CONTEXT('2D SPACE',''
  ) );
#5404 = ORIENTED_EDGE('',*,*,#1325,.T.);
#5405 = ADVANCED_FACE('',(#5406),#1367,.F.);
#5406 = FACE_BOUND('',#5407,.T.);
#5407 = EDGE_LOOP('',(#5408,#5409,#5410,#5411));
#5408 = ORIENTED_EDGE('',*,*,#2205,.F.);
#5409 = ORIENTED_EDGE('',*,*,#5384,.T.);
#5410 = ORIENTED_EDGE('',*,*,#1353,.F.);
#5411 = ORIENTED_EDGE('',*,*,#5412,.F.);
#5412 = EDGE_CURVE('',#2183,#1270,#5413,.T.);
#5413 = SURFACE_CURVE('',#5414,(#5418,#5425),.PCURVE_S1.);
#5414 = LINE('',#5415,#5416);
#5415 = CARTESIAN_POINT('',(865.,-505.0112115721,580.));
#5416 = VECTOR('',#5417,1.);
#5417 = DIRECTION('',(-2.106485876674E-35,1.54074395551E-33,-1.));
#5418 = PCURVE('',#1367,#5419);
#5419 = DEFINITIONAL_REPRESENTATION('',(#5420),#5424);
#5420 = LINE('',#5421,#5422);
#5421 = CARTESIAN_POINT('',(50.,0.));
#5422 = VECTOR('',#5423,1.);
#5423 = DIRECTION('',(0.,1.));
#5424 = ( GEOMETRIC_REPRESENTATION_CONTEXT(2) 
PARAMETRIC_REPRESENTATION_CONTEXT() REPRESENTATION_CONTEXT('2D SPACE',''
  ) );
#5425 = PCURVE('',#1285,#5426);
#5426 = DEFINITIONAL_REPRESENTATION('',(#5427),#5431);
#5427 = LINE('',#5428,#5429);
#5428 = CARTESIAN_POINT('',(0.,0.));
#5429 = VECTOR('',#5430,1.);
#5430 = DIRECTION('',(0.,1.));
#5431 = ( GEOMETRIC_REPRESENTATION_CONTEXT(2) 
PARAMETRIC_REPRESENTATION_CONTEXT() REPRESENTATION_CONTEXT('2D SPACE',''
  ) );
#5432 = ADVANCED_FACE('',(#5433),#1313,.F.);
#5433 = FACE_BOUND('',#5434,.F.);
#5434 = EDGE_LOOP('',(#5435,#5436,#5437,#5458));
#5435 = ORIENTED_EDGE('',*,*,#5361,.F.);
#5436 = ORIENTED_EDGE('',*,*,#1297,.F.);
#5437 = ORIENTED_EDGE('',*,*,#5438,.T.);
#5438 = EDGE_CURVE('',#1268,#1581,#5439,.T.);
#5439 = SURFACE_CURVE('',#5440,(#5444,#5451),.PCURVE_S1.);
#5440 = LINE('',#5441,#5442);
#5441 = CARTESIAN_POINT('',(865.,-505.,0.));
#5442 = VECTOR('',#5443,1.);
#5443 = DIRECTION('',(0.,0.,1.));
#5444 = PCURVE('',#1313,#5445);
#5445 = DEFINITIONAL_REPRESENTATION('',(#5446),#5450);
#5446 = LINE('',#5447,#5448);
#5447 = CARTESIAN_POINT('',(0.,0.));
#5448 = VECTOR('',#5449,1.);
#5449 = DIRECTION('',(1.,0.));
#5450 = ( GEOMETRIC_REPRESENTATION_CONTEXT(2) 
PARAMETRIC_REPRESENTATION_CONTEXT() REPRESENTATION_CONTEXT('2D SPACE',''
  ) );
#5451 = PCURVE('',#1285,#5452);
#5452 = DEFINITIONAL_REPRESENTATION('',(#5453),#5457);
#5453 = LINE('',#5454,#5455);
#5454 = CARTESIAN_POINT('',(1.121157217301E-02,580.));
#5455 = VECTOR('',#5456,1.);
#5456 = DIRECTION('',(1.54074395551E-33,-1.));
#5457 = ( GEOMETRIC_REPRESENTATION_CONTEXT(2) 
PARAMETRIC_REPRESENTATION_CONTEXT() REPRESENTATION_CONTEXT('2D SPACE',''
  ) );
#5458 = ORIENTED_EDGE('',*,*,#1608,.T.);
#5459 = ADVANCED_FACE('',(#5460),#1285,.F.);
#5460 = FACE_BOUND('',#5461,.F.);
#5461 = EDGE_LOOP('',(#5462,#5463,#5464,#5465,#5466));
#5462 = ORIENTED_EDGE('',*,*,#5412,.F.);
#5463 = ORIENTED_EDGE('',*,*,#2182,.T.);
#5464 = ORIENTED_EDGE('',*,*,#1795,.F.);
#5465 = ORIENTED_EDGE('',*,*,#5438,.F.);
#5466 = ORIENTED_EDGE('',*,*,#1267,.T.);
#5467 = ADVANCED_FACE('',(#5468),#1227,.F.);
#5468 = FACE_BOUND('',#5469,.F.);
#5469 = EDGE_LOOP('',(#5470,#5491,#5492,#5493,#5514));
#5470 = ORIENTED_EDGE('',*,*,#5471,.T.);
#5471 = EDGE_CURVE('',#1184,#1558,#5472,.T.);
#5472 = SURFACE_CURVE('',#5473,(#5477,#5484),.PCURVE_S1.);
#5473 = LINE('',#5474,#5475);
#5474 = CARTESIAN_POINT('',(-865.,-505.,0.));
#5475 = VECTOR('',#5476,1.);
#5476 = DIRECTION('',(0.,0.,1.));
#5477 = PCURVE('',#1227,#5478);
#5478 = DEFINITIONAL_REPRESENTATION('',(#5479),#5483);
#5479 = LINE('',#5480,#5481);
#5480 = CARTESIAN_POINT('',(109.98878842782,580.));
#5481 = VECTOR('',#5482,1.);
#5482 = DIRECTION('',(-1.54074395551E-33,-1.));
#5483 = ( GEOMETRIC_REPRESENTATION_CONTEXT(2) 
PARAMETRIC_REPRESENTATION_CONTEXT() REPRESENTATION_CONTEXT('2D SPACE',''
  ) );
#5484 = PCURVE('',#1199,#5485);
#5485 = DEFINITIONAL_REPRESENTATION('',(#5486),#5490);
#5486 = LINE('',#5487,#5488);
#5487 = CARTESIAN_POINT('',(0.,50.));
#5488 = VECTOR('',#5489,1.);
#5489 = DIRECTION('',(1.,0.));
#5490 = ( GEOMETRIC_REPRESENTATION_CONTEXT(2) 
PARAMETRIC_REPRESENTATION_CONTEXT() REPRESENTATION_CONTEXT('2D SPACE',''
  ) );
#5491 = ORIENTED_EDGE('',*,*,#1746,.T.);
#5492 = ORIENTED_EDGE('',*,*,#2404,.T.);
#5493 = ORIENTED_EDGE('',*,*,#5494,.T.);
#5494 = EDGE_CURVE('',#2382,#1212,#5495,.T.);
#5495 = SURFACE_CURVE('',#5496,(#5500,#5507),.PCURVE_S1.);
#5496 = LINE('',#5497,#5498);
#5497 = CARTESIAN_POINT('',(-865.,-505.0112115721,580.));
#5498 = VECTOR('',#5499,1.);
#5499 = DIRECTION('',(-2.106485876674E-35,1.54074395551E-33,-1.));
#5500 = PCURVE('',#1227,#5501);
#5501 = DEFINITIONAL_REPRESENTATION('',(#5502),#5506);
#5502 = LINE('',#5503,#5504);
#5503 = CARTESIAN_POINT('',(110.,0.));
#5504 = VECTOR('',#5505,1.);
#5505 = DIRECTION('',(0.,1.));
#5506 = ( GEOMETRIC_REPRESENTATION_CONTEXT(2) 
PARAMETRIC_REPRESENTATION_CONTEXT() REPRESENTATION_CONTEXT('2D SPACE',''
  ) );
#5507 = PCURVE('',#1253,#5508);
#5508 = DEFINITIONAL_REPRESENTATION('',(#5509),#5513);
#5509 = LINE('',#5510,#5511);
#5510 = CARTESIAN_POINT('',(0.,-0.));
#5511 = VECTOR('',#5512,1.);
#5512 = DIRECTION('',(0.,1.));
#5513 = ( GEOMETRIC_REPRESENTATION_CONTEXT(2) 
PARAMETRIC_REPRESENTATION_CONTEXT() REPRESENTATION_CONTEXT('2D SPACE',''
  ) );
#5514 = ORIENTED_EDGE('',*,*,#1211,.T.);
#5515 = ADVANCED_FACE('',(#5516),#1253,.F.);
#5516 = FACE_BOUND('',#5517,.T.);
#5517 = EDGE_LOOP('',(#5518,#5519,#5520,#5521));
#5518 = ORIENTED_EDGE('',*,*,#2381,.F.);
#5519 = ORIENTED_EDGE('',*,*,#5494,.T.);
#5520 = ORIENTED_EDGE('',*,*,#1239,.F.);
#5521 = ORIENTED_EDGE('',*,*,#5522,.F.);
#5522 = EDGE_CURVE('',#2359,#1156,#5523,.T.);
#5523 = SURFACE_CURVE('',#5524,(#5528,#5535),.PCURVE_S1.);
#5524 = LINE('',#5525,#5526);
#5525 = CARTESIAN_POINT('',(-915.,-505.0112115721,580.));
#5526 = VECTOR('',#5527,1.);
#5527 = DIRECTION('',(-2.106485876674E-35,1.54074395551E-33,-1.));
#5528 = PCURVE('',#1253,#5529);
#5529 = DEFINITIONAL_REPRESENTATION('',(#5530),#5534);
#5530 = LINE('',#5531,#5532);
#5531 = CARTESIAN_POINT('',(50.,0.));
#5532 = VECTOR('',#5533,1.);
#5533 = DIRECTION('',(0.,1.));
#5534 = ( GEOMETRIC_REPRESENTATION_CONTEXT(2) 
PARAMETRIC_REPRESENTATION_CONTEXT() REPRESENTATION_CONTEXT('2D SPACE',''
  ) );
#5535 = PCURVE('',#1171,#5536);
#5536 = DEFINITIONAL_REPRESENTATION('',(#5537),#5541);
#5537 = LINE('',#5538,#5539);
#5538 = CARTESIAN_POINT('',(0.,0.));
#5539 = VECTOR('',#5540,1.);
#5540 = DIRECTION('',(0.,1.));
#5541 = ( GEOMETRIC_REPRESENTATION_CONTEXT(2) 
PARAMETRIC_REPRESENTATION_CONTEXT() REPRESENTATION_CONTEXT('2D SPACE',''
  ) );
#5542 = ADVANCED_FACE('',(#5543),#1199,.F.);
#5543 = FACE_BOUND('',#5544,.F.);
#5544 = EDGE_LOOP('',(#5545,#5546,#5547,#5568));
#5545 = ORIENTED_EDGE('',*,*,#5471,.F.);
#5546 = ORIENTED_EDGE('',*,*,#1183,.F.);
#5547 = ORIENTED_EDGE('',*,*,#5548,.T.);
#5548 = EDGE_CURVE('',#1154,#1530,#5549,.T.);
#5549 = SURFACE_CURVE('',#5550,(#5554,#5561),.PCURVE_S1.);
#5550 = LINE('',#5551,#5552);
#5551 = CARTESIAN_POINT('',(-915.,-505.,0.));
#5552 = VECTOR('',#5553,1.);
#5553 = DIRECTION('',(0.,0.,1.));
#5554 = PCURVE('',#1199,#5555);
#5555 = DEFINITIONAL_REPRESENTATION('',(#5556),#5560);
#5556 = LINE('',#5557,#5558);
#5557 = CARTESIAN_POINT('',(0.,0.));
#5558 = VECTOR('',#5559,1.);
#5559 = DIRECTION('',(1.,0.));
#5560 = ( GEOMETRIC_REPRESENTATION_CONTEXT(2) 
PARAMETRIC_REPRESENTATION_CONTEXT() REPRESENTATION_CONTEXT('2D SPACE',''
  ) );
#5561 = PCURVE('',#1171,#5562);
#5562 = DEFINITIONAL_REPRESENTATION('',(#5563),#5567);
#5563 = LINE('',#5564,#5565);
#5564 = CARTESIAN_POINT('',(1.121157217301E-02,580.));
#5565 = VECTOR('',#5566,1.);
#5566 = DIRECTION('',(1.54074395551E-33,-1.));
#5567 = ( GEOMETRIC_REPRESENTATION_CONTEXT(2) 
PARAMETRIC_REPRESENTATION_CONTEXT() REPRESENTATION_CONTEXT('2D SPACE',''
  ) );
#5568 = ORIENTED_EDGE('',*,*,#1557,.T.);
#5569 = ADVANCED_FACE('',(#5570),#1171,.F.);
#5570 = FACE_BOUND('',#5571,.F.);
#5571 = EDGE_LOOP('',(#5572,#5573,#5574,#5575,#5576));
#5572 = ORIENTED_EDGE('',*,*,#5522,.F.);
#5573 = ORIENTED_EDGE('',*,*,#2358,.T.);
#5574 = ORIENTED_EDGE('',*,*,#5276,.F.);
#5575 = ORIENTED_EDGE('',*,*,#5548,.F.);
#5576 = ORIENTED_EDGE('',*,*,#1153,.T.);
#5577 = ADVANCED_FACE('',(#5578),#1116,.T.);
#5578 = FACE_BOUND('',#5579,.T.);
#5579 = EDGE_LOOP('',(#5580,#5581,#5602,#5603));
#5580 = ORIENTED_EDGE('',*,*,#4856,.F.);
#5581 = ORIENTED_EDGE('',*,*,#5582,.F.);
#5582 = EDGE_CURVE('',#1072,#4806,#5583,.T.);
#5583 = SURFACE_CURVE('',#5584,(#5588,#5595),.PCURVE_S1.);
#5584 = LINE('',#5585,#5586);
#5585 = CARTESIAN_POINT('',(1.375E+03,-630.0112115721,
    -9.996501469375E-31));
#5586 = VECTOR('',#5587,1.);
#5587 = DIRECTION('',(2.106485876674E-35,-1.54074395551E-33,1.));
#5588 = PCURVE('',#1116,#5589);
#5589 = DEFINITIONAL_REPRESENTATION('',(#5590),#5594);
#5590 = LINE('',#5591,#5592);
#5591 = CARTESIAN_POINT('',(0.,0.));
#5592 = VECTOR('',#5593,1.);
#5593 = DIRECTION('',(0.,1.));
#5594 = ( GEOMETRIC_REPRESENTATION_CONTEXT(2) 
PARAMETRIC_REPRESENTATION_CONTEXT() REPRESENTATION_CONTEXT('2D SPACE',''
  ) );
#5595 = PCURVE('',#1088,#5596);
#5596 = DEFINITIONAL_REPRESENTATION('',(#5597),#5601);
#5597 = LINE('',#5598,#5599);
#5598 = CARTESIAN_POINT('',(3.14159265359,0.));
#5599 = VECTOR('',#5600,1.);
#5600 = DIRECTION('',(0.,1.));
#5601 = ( GEOMETRIC_REPRESENTATION_CONTEXT(2) 
PARAMETRIC_REPRESENTATION_CONTEXT() REPRESENTATION_CONTEXT('2D SPACE',''
  ) );
#5602 = ORIENTED_EDGE('',*,*,#1100,.T.);
#5603 = ORIENTED_EDGE('',*,*,#5604,.F.);
#5604 = EDGE_CURVE('',#4857,#1101,#5605,.T.);
#5605 = SURFACE_CURVE('',#5606,(#5610,#5617),.PCURVE_S1.);
#5606 = LINE('',#5607,#5608);
#5607 = CARTESIAN_POINT('',(1.375E+03,104.98878842782,1.327966603622E-31
    ));
#5608 = VECTOR('',#5609,1.);
#5609 = DIRECTION('',(-2.106485876674E-35,1.54074395551E-33,-1.));
#5610 = PCURVE('',#1116,#5611);
#5611 = DEFINITIONAL_REPRESENTATION('',(#5612),#5616);
#5612 = LINE('',#5613,#5614);
#5613 = CARTESIAN_POINT('',(735.,0.));
#5614 = VECTOR('',#5615,1.);
#5615 = DIRECTION('',(0.,-1.));
#5616 = ( GEOMETRIC_REPRESENTATION_CONTEXT(2) 
PARAMETRIC_REPRESENTATION_CONTEXT() REPRESENTATION_CONTEXT('2D SPACE',''
  ) );
#5617 = PCURVE('',#972,#5618);
#5618 = DEFINITIONAL_REPRESENTATION('',(#5619),#5623);
#5619 = LINE('',#5620,#5621);
#5620 = CARTESIAN_POINT('',(-0.785398163397,0.));
#5621 = VECTOR('',#5622,1.);
#5622 = DIRECTION('',(0.,-1.));
#5623 = ( GEOMETRIC_REPRESENTATION_CONTEXT(2) 
PARAMETRIC_REPRESENTATION_CONTEXT() REPRESENTATION_CONTEXT('2D SPACE',''
  ) );
#5624 = ADVANCED_FACE('',(#5625),#1088,.T.);
#5625 = FACE_BOUND('',#5626,.T.);
#5626 = EDGE_LOOP('',(#5627,#5628,#5649,#5650));
#5627 = ORIENTED_EDGE('',*,*,#4805,.F.);
#5628 = ORIENTED_EDGE('',*,*,#5629,.F.);
#5629 = EDGE_CURVE('',#1044,#2637,#5630,.T.);
#5630 = SURFACE_CURVE('',#5631,(#5635,#5642),.PCURVE_S1.);
#5631 = LINE('',#5632,#5633);
#5632 = CARTESIAN_POINT('',(-1.375E+03,-630.0112115721,
    -9.41721785329E-31));
#5633 = VECTOR('',#5634,1.);
#5634 = DIRECTION('',(2.106485876674E-35,-1.54074395551E-33,1.));
#5635 = PCURVE('',#1088,#5636);
#5636 = DEFINITIONAL_REPRESENTATION('',(#5637),#5641);
#5637 = LINE('',#5638,#5639);
#5638 = CARTESIAN_POINT('',(0.,0.));
#5639 = VECTOR('',#5640,1.);
#5640 = DIRECTION('',(0.,1.));
#5641 = ( GEOMETRIC_REPRESENTATION_CONTEXT(2) 
PARAMETRIC_REPRESENTATION_CONTEXT() REPRESENTATION_CONTEXT('2D SPACE',''
  ) );
#5642 = PCURVE('',#1059,#5643);
#5643 = DEFINITIONAL_REPRESENTATION('',(#5644),#5648);
#5644 = LINE('',#5645,#5646);
#5645 = CARTESIAN_POINT('',(750.,0.));
#5646 = VECTOR('',#5647,1.);
#5647 = DIRECTION('',(0.,1.));
#5648 = ( GEOMETRIC_REPRESENTATION_CONTEXT(2) 
PARAMETRIC_REPRESENTATION_CONTEXT() REPRESENTATION_CONTEXT('2D SPACE',''
  ) );
#5649 = ORIENTED_EDGE('',*,*,#1071,.T.);
#5650 = ORIENTED_EDGE('',*,*,#5582,.T.);
#5651 = ADVANCED_FACE('',(#5652),#1059,.T.);
#5652 = FACE_BOUND('',#5653,.T.);
#5653 = EDGE_LOOP('',(#5654,#5655,#5656,#5657,#5678,#5679));
#5654 = ORIENTED_EDGE('',*,*,#2636,.F.);
#5655 = ORIENTED_EDGE('',*,*,#3098,.F.);
#5656 = ORIENTED_EDGE('',*,*,#4628,.F.);
#5657 = ORIENTED_EDGE('',*,*,#5658,.F.);
#5658 = EDGE_CURVE('',#1020,#4629,#5659,.T.);
#5659 = SURFACE_CURVE('',#5660,(#5664,#5671),.PCURVE_S1.);
#5660 = LINE('',#5661,#5662);
#5661 = CARTESIAN_POINT('',(-1.375E+03,104.98878842782,
    1.907250219707E-31));
#5662 = VECTOR('',#5663,1.);
#5663 = DIRECTION('',(2.106485876674E-35,-1.54074395551E-33,1.));
#5664 = PCURVE('',#1059,#5665);
#5665 = DEFINITIONAL_REPRESENTATION('',(#5666),#5670);
#5666 = LINE('',#5667,#5668);
#5667 = CARTESIAN_POINT('',(15.,0.));
#5668 = VECTOR('',#5669,1.);
#5669 = DIRECTION('',(0.,1.));
#5670 = ( GEOMETRIC_REPRESENTATION_CONTEXT(2) 
PARAMETRIC_REPRESENTATION_CONTEXT() REPRESENTATION_CONTEXT('2D SPACE',''
  ) );
#5671 = PCURVE('',#682,#5672);
#5672 = DEFINITIONAL_REPRESENTATION('',(#5673),#5677);
#5673 = LINE('',#5674,#5675);
#5674 = CARTESIAN_POINT('',(0.785398163397,0.));
#5675 = VECTOR('',#5676,1.);
#5676 = DIRECTION('',(0.,1.));
#5677 = ( GEOMETRIC_REPRESENTATION_CONTEXT(2) 
PARAMETRIC_REPRESENTATION_CONTEXT() REPRESENTATION_CONTEXT('2D SPACE',''
  ) );
#5678 = ORIENTED_EDGE('',*,*,#1043,.T.);
#5679 = ORIENTED_EDGE('',*,*,#5629,.T.);
#5680 = ADVANCED_FACE('',(#5681),#972,.T.);
#5681 = FACE_BOUND('',#5682,.T.);
#5682 = EDGE_LOOP('',(#5683,#5684,#5685,#5686));
#5683 = ORIENTED_EDGE('',*,*,#1128,.T.);
#5684 = ORIENTED_EDGE('',*,*,#956,.T.);
#5685 = ORIENTED_EDGE('',*,*,#4977,.F.);
#5686 = ORIENTED_EDGE('',*,*,#5604,.T.);
#5687 = ADVANCED_FACE('',(#5688),#944,.T.);
#5688 = FACE_BOUND('',#5689,.T.);
#5689 = EDGE_LOOP('',(#5690,#5691,#5692,#5713));
#5690 = ORIENTED_EDGE('',*,*,#4932,.F.);
#5691 = ORIENTED_EDGE('',*,*,#928,.T.);
#5692 = ORIENTED_EDGE('',*,*,#5693,.F.);
#5693 = EDGE_CURVE('',#1973,#866,#5694,.T.);
#5694 = SURFACE_CURVE('',#5695,(#5700,#5707),.PCURVE_S1.);
#5695 = CIRCLE('',#5696,15.);
#5696 = AXIS2_PLACEMENT_3D('',#5697,#5698,#5699);
#5697 = CARTESIAN_POINT('',(293.86319982925,104.98878842782,
    512.8435769983));
#5698 = DIRECTION('',(-1.,-2.368475785867E-15,-2.368475785867E-15));
#5699 = DIRECTION('',(-2.368475785867E-15,-1.54074395551E-33,1.));
#5700 = PCURVE('',#944,#5701);
#5701 = DEFINITIONAL_REPRESENTATION('',(#5702),#5706);
#5702 = LINE('',#5703,#5704);
#5703 = CARTESIAN_POINT('',(0.785398163397,-1.081136800171E+03));
#5704 = VECTOR('',#5705,1.);
#5705 = DIRECTION('',(-1.,0.));
#5706 = ( GEOMETRIC_REPRESENTATION_CONTEXT(2) 
PARAMETRIC_REPRESENTATION_CONTEXT() REPRESENTATION_CONTEXT('2D SPACE',''
  ) );
#5707 = PCURVE('',#885,#5708);
#5708 = DEFINITIONAL_REPRESENTATION('',(#5709),#5712);
#5709 = B_SPLINE_CURVE_WITH_KNOTS('',1,(#5710,#5711),.UNSPECIFIED.,.F.,
  .F.,(2,2),(0.,1.570796326795),.PIECEWISE_BEZIER_KNOTS.);
#5710 = CARTESIAN_POINT('',(-8.590706461469E-16,29.632187464554));
#5711 = CARTESIAN_POINT('',(1.,29.632187464554));
#5712 = ( GEOMETRIC_REPRESENTATION_CONTEXT(2) 
PARAMETRIC_REPRESENTATION_CONTEXT() REPRESENTATION_CONTEXT('2D SPACE',''
  ) );
#5713 = ORIENTED_EDGE('',*,*,#2015,.T.);
#5714 = ADVANCED_FACE('',(#5715),#885,.F.);
#5715 = FACE_BOUND('',#5716,.F.);
#5716 = EDGE_LOOP('',(#5717,#5718,#6032,#6033,#6034));
#5717 = ORIENTED_EDGE('',*,*,#5047,.F.);
#5718 = ORIENTED_EDGE('',*,*,#5719,.F.);
#5719 = EDGE_CURVE('',#803,#5026,#5720,.T.);
#5720 = SURFACE_CURVE('',#5721,(#5798,#5915),.PCURVE_S1.);
#5721 = B_SPLINE_CURVE_WITH_KNOTS('',3,(#5722,#5723,#5724,#5725,#5726,
    #5727,#5728,#5729,#5730,#5731,#5732,#5733,#5734,#5735,#5736,#5737,
    #5738,#5739,#5740,#5741,#5742,#5743,#5744,#5745,#5746,#5747,#5748,
    #5749,#5750,#5751,#5752,#5753,#5754,#5755,#5756,#5757,#5758,#5759,
    #5760,#5761,#5762,#5763,#5764,#5765,#5766,#5767,#5768,#5769,#5770,
    #5771,#5772,#5773,#5774,#5775,#5776,#5777,#5778,#5779,#5780,#5781,
    #5782,#5783,#5784,#5785,#5786,#5787,#5788,#5789,#5790,#5791,#5792,
    #5793,#5794,#5795,#5796,#5797),.UNSPECIFIED.,.F.,.F.,(4,3,3,3,3,3,3,
    3,3,3,3,3,3,3,3,3,3,3,3,3,3,3,3,3,3,4),(-1.808049470957E-03,0.,
    0.10014526507,0.201443575295,0.303527923566,0.405463603456,
    0.506370412552,0.55990387968,0.618473151116,0.719725793484,
    0.824335376476,0.928944959467,1.03097702078,1.132578630947,
    1.146382018086,1.247959029136,1.34995040234,1.451636305032,
    1.549240838262,1.651039088026,1.732127914721,1.833272409888,
    1.935049801654,2.036585766725,2.137035031665,2.168497259574),
  .UNSPECIFIED.);
#5722 = CARTESIAN_POINT('',(2.535763227834,119.98878842782,
    462.60292311289));
#5723 = CARTESIAN_POINT('',(2.534033098091,119.98878842782,
    462.60869627059));
#5724 = CARTESIAN_POINT('',(2.532302976295,119.98878473961,
    462.61446941502));
#5725 = CARTESIAN_POINT('',(2.53057286319,119.98877736417,
    462.62024254248));
#5726 = CARTESIAN_POINT('',(2.434744381539,119.98836884936,
    462.94000778599));
#5727 = CARTESIAN_POINT('',(2.339088895971,119.97665331614,
    463.25923262655));
#5728 = CARTESIAN_POINT('',(2.243756794523,119.95387702043,
    463.57741268167));
#5729 = CARTESIAN_POINT('',(2.147327065367,119.93083848468,
    463.89925617481));
#5730 = CARTESIAN_POINT('',(2.051228031256,119.89648297374,
    464.22003118923));
#5731 = CARTESIAN_POINT('',(1.955613406111,119.85101229077,
    464.53922043269));
#5732 = CARTESIAN_POINT('',(1.859256846249,119.80518877183,
    464.86088646859));
#5733 = CARTESIAN_POINT('',(1.763392051862,119.74807683817,
    465.1809425646));
#5734 = CARTESIAN_POINT('',(1.66817719389,119.67983040449,
    465.49885616142));
#5735 = CARTESIAN_POINT('',(1.573101000062,119.61168336006,
    465.81630677151));
#5736 = CARTESIAN_POINT('',(1.478672661221,119.53243407823,
    466.13162165222));
#5737 = CARTESIAN_POINT('',(1.385053357266,119.44218530038,
    466.44425942118));
#5738 = CARTESIAN_POINT('',(1.292378984152,119.35284743352,
    466.75374163292));
#5739 = CARTESIAN_POINT('',(1.200497222104,119.25273079457,
    467.06060099229));
#5740 = CARTESIAN_POINT('',(1.109570744992,119.14188818384,
    467.36429383099));
#5741 = CARTESIAN_POINT('',(1.061332081842,119.08308353715,
    467.52541011981));
#5742 = CARTESIAN_POINT('',(1.013362411673,119.02125923145,
    467.68563481643));
#5743 = CARTESIAN_POINT('',(0.965687015175,118.95641799199,
    467.84488387228));
#5744 = CARTESIAN_POINT('',(0.913526873341,118.88547724486,
    468.01911322223));
#5745 = CARTESIAN_POINT('',(0.861814199243,118.81105506415,
    468.19185604724));
#5746 = CARTESIAN_POINT('',(0.810578434312,118.73318876811,
    468.36301503596));
#5747 = CARTESIAN_POINT('',(0.722003718324,118.59857606025,
    468.65890910203));
#5748 = CARTESIAN_POINT('',(0.634854020427,118.45367300649,
    468.95007049829));
#5749 = CARTESIAN_POINT('',(0.549267644171,118.29883452586,
    469.23603504764));
#5750 = CARTESIAN_POINT('',(0.460843728307,118.13886251415,
    469.53148049535));
#5751 = CARTESIAN_POINT('',(0.374088287143,117.96828531654,
    469.8213794286));
#5752 = CARTESIAN_POINT('',(0.289160373103,117.78743990964,
    470.10520106831));
#5753 = CARTESIAN_POINT('',(0.204232459063,117.60659450274,
    470.38902270802));
#5754 = CARTESIAN_POINT('',(0.121131870301,117.41548055314,
    470.66676762078));
#5755 = CARTESIAN_POINT('',(4.002728801217E-02,117.21438476045,
    470.93787743922));
#5756 = CARTESIAN_POINT('',(-3.907892268239E-02,117.01824385573,
    471.20230726321));
#5757 = CARTESIAN_POINT('',(-0.116286370617,116.81260631855,
    471.46042518907));
#5758 = CARTESIAN_POINT('',(-0.1914821543,116.59787598481,
    471.71183601628));
#5759 = CARTESIAN_POINT('',(-0.266360703274,116.38405155179,
    471.96218619571));
#5760 = CARTESIAN_POINT('',(-0.33924465589,116.16121044533,
    472.20588611363));
#5761 = CARTESIAN_POINT('',(-0.410009439199,115.92971816133,
    472.44250839999));
#5762 = CARTESIAN_POINT('',(-0.419623398054,115.89826809267,
    472.47465542029));
#5763 = CARTESIAN_POINT('',(-0.42919822099,115.86665830131,
    472.50667174481));
#5764 = CARTESIAN_POINT('',(-0.438733574804,115.83488966299,
    472.53855624287));
#5765 = CARTESIAN_POINT('',(-0.508902782552,115.6011091211,
    472.77318937884));
#5766 = CARTESIAN_POINT('',(-0.576706790351,115.35949311763,
    472.9999202223));
#5767 = CARTESIAN_POINT('',(-0.642051465964,115.11052633727,
    473.21842992166));
#5768 = CARTESIAN_POINT('',(-0.707662701503,114.86054394905,
    473.43783098561));
#5769 = CARTESIAN_POINT('',(-0.77079463898,114.60315027599,
    473.64894408764));
#5770 = CARTESIAN_POINT('',(-0.831341300111,114.33879380608,
    473.85141641613));
#5771 = CARTESIAN_POINT('',(-0.891706620223,114.07522910025,
    474.0532823274));
#5772 = CARTESIAN_POINT('',(-0.949502253864,113.80474279535,
    474.24655950272));
#5773 = CARTESIAN_POINT('',(-1.004610589666,113.52774407553,
    474.43086294154));
#5774 = CARTESIAN_POINT('',(-1.057507040901,113.26186325984,
    474.6077689889));
#5775 = CARTESIAN_POINT('',(-1.107927614597,112.9899817756,
    474.7764072826));
#5776 = CARTESIAN_POINT('',(-1.155755693085,112.71243641267,
    474.93640193781));
#5777 = CARTESIAN_POINT('',(-1.205638772471,112.42296592148,
    475.10327098921));
#5778 = CARTESIAN_POINT('',(-1.252701940423,112.12733395923,
    475.26073808495));
#5779 = CARTESIAN_POINT('',(-1.296888315948,111.82607658762,
    475.40859021284));
#5780 = CARTESIAN_POINT('',(-1.332085594444,111.58610579389,
    475.52636390347));
#5781 = CARTESIAN_POINT('',(-1.365457213399,111.34256507675,
    475.63803593698));
#5782 = CARTESIAN_POINT('',(-1.396966740448,111.0957191445,
    475.74347713423));
#5783 = CARTESIAN_POINT('',(-1.436269506762,110.78782090232,
    475.87499706244));
#5784 = CARTESIAN_POINT('',(-1.472563418388,110.47566201715,
    475.99644785899));
#5785 = CARTESIAN_POINT('',(-1.505814996309,110.15981672524,
    476.10770911988));
#5786 = CARTESIAN_POINT('',(-1.539274641021,109.84199507851,
    476.21966658153));
#5787 = CARTESIAN_POINT('',(-1.569653837604,109.52044020688,
    476.32130680975));
#5788 = CARTESIAN_POINT('',(-1.596902637103,109.19571357191,
    476.41246299757));
#5789 = CARTESIAN_POINT('',(-1.624086799578,108.87175722273,
    476.50340295331));
#5790 = CARTESIAN_POINT('',(-1.648155457242,108.54464357472,
    476.58390871233));
#5791 = CARTESIAN_POINT('',(-1.669042307103,108.21491500624,
    476.65376808085));
#5792 = CARTESIAN_POINT('',(-1.689705613095,107.88871539499,
    476.72287977159));
#5793 = CARTESIAN_POINT('',(-1.707254889421,107.5599559893,
    476.7815718394));
#5794 = CARTESIAN_POINT('',(-1.721608905411,107.22915543429,
    476.82959134552));
#5795 = CARTESIAN_POINT('',(-1.726104800156,107.12554370094,
    476.84463178058));
#5796 = CARTESIAN_POINT('',(-1.730287099142,107.02173170742,
    476.85862483848));
#5797 = CARTESIAN_POINT('',(-1.734152948539,106.91773538725,
    476.87156174955));
#5798 = PCURVE('',#885,#5799);
#5799 = DEFINITIONAL_REPRESENTATION('',(#5800),#5914);
#5800 = B_SPLINE_CURVE_WITH_KNOTS('',3,(#5801,#5802,#5803,#5804,#5805,
    #5806,#5807,#5808,#5809,#5810,#5811,#5812,#5813,#5814,#5815,#5816,
    #5817,#5818,#5819,#5820,#5821,#5822,#5823,#5824,#5825,#5826,#5827,
    #5828,#5829,#5830,#5831,#5832,#5833,#5834,#5835,#5836,#5837,#5838,
    #5839,#5840,#5841,#5842,#5843,#5844,#5845,#5846,#5847,#5848,#5849,
    #5850,#5851,#5852,#5853,#5854,#5855,#5856,#5857,#5858,#5859,#5860,
    #5861,#5862,#5863,#5864,#5865,#5866,#5867,#5868,#5869,#5870,#5871,
    #5872,#5873,#5874,#5875,#5876,#5877,#5878,#5879,#5880,#5881,#5882,
    #5883,#5884,#5885,#5886,#5887,#5888,#5889,#5890,#5891,#5892,#5893,
    #5894,#5895,#5896,#5897,#5898,#5899,#5900,#5901,#5902,#5903,#5904,
    #5905,#5906,#5907,#5908,#5909,#5910,#5911,#5912,#5913),
  .UNSPECIFIED.,.F.,.F.,(4,1,1,1,1,1,1,1,1,1,1,1,1,1,1,1,1,1,1,1,1,1,1,1
    ,1,1,1,1,1,1,1,1,1,1,1,1,1,1,1,1,1,1,1,1,1,1,1,1,1,1,1,1,1,1,1,1,1,1
    ,1,1,1,1,1,1,1,1,1,1,1,1,1,1,1,1,1,1,1,1,1,1,1,1,1,1,1,1,1,1,1,1,1,1
    ,1,1,1,1,1,1,1,1,1,1,1,1,1,1,1,1,1,1,4),(-1.808049470957E-03,
    1.792199879309E-02,3.765204705713E-02,5.738209532117E-02,
    7.711214358522E-02,9.684219184926E-02,0.116572240113,0.136302288377,
    0.156032336641,0.175762384905,0.195492433169,0.215222481434,
    0.234952529698,0.254682577962,0.274412626226,0.29414267449,
    0.313872722754,0.333602771018,0.353332819282,0.373062867546,
    0.39279291581,0.412522964074,0.432253012338,0.451983060602,
    0.471713108866,0.49144315713,0.511173205394,0.530903253658,
    0.550633301922,0.570363350186,0.59009339845,0.609823446714,
    0.629553494978,0.649283543242,0.669013591507,0.688743639771,
    0.708473688035,0.728203736299,0.747933784563,0.767663832827,
    0.787393881091,0.807123929355,0.826853977619,0.846584025883,
    0.866314074147,0.886044122411,0.905774170675,0.925504218939,
    0.945234267203,0.964964315467,0.984694363731,1.004424411995,
    1.024154460259,1.043884508523,1.063614556787,1.083344605051,
    1.103074653315,1.12280470158,1.142534749844,1.162264798108,
    1.181994846372,1.201724894636,1.2214549429,1.241184991164,
    1.260915039428,1.280645087692,1.300375135956,1.32010518422,
    1.339835232484,1.359565280748,1.379295329012,1.399025377276,
    1.41875542554,1.438485473804,1.458215522068,1.477945570332,
    1.497675618596,1.51740566686,1.537135715124,1.556865763388,
    1.576595811653,1.596325859917,1.616055908181,1.635785956445,
    1.655516004709,1.675246052973,1.694976101237,1.714706149501,
    1.734436197765,1.754166246029,1.773896294293,1.793626342557,
    1.813356390821,1.833086439085,1.852816487349,1.872546535613,
    1.892276583877,1.912006632141,1.931736680405,1.951466728669,
    1.971196776933,1.990926825197,2.010656873461,2.030386921726,
    2.05011696999,2.069847018254,2.089577066518,2.109307114782,
    2.129037163046,2.14876721131,2.168497259574),.UNSPECIFIED.);
#5801 = CARTESIAN_POINT('',(1.,-7.40684097098E-02));
#5802 = CARTESIAN_POINT('',(0.996962605218,-7.374163589957E-02));
#5803 = CARTESIAN_POINT('',(0.990889640015,-7.308836694665E-02));
#5804 = CARTESIAN_POINT('',(0.981785292061,-7.210942368468E-02));
#5805 = CARTESIAN_POINT('',(0.972685680705,-7.113156609219E-02));
#5806 = CARTESIAN_POINT('',(0.963590407776,-7.015491499099E-02));
#5807 = CARTESIAN_POINT('',(0.954499090307,-6.917959221393E-02));
#5808 = CARTESIAN_POINT('',(0.945411347937,-6.820571895615E-02));
#5809 = CARTESIAN_POINT('',(0.93632678493,-6.723341729948E-02));
#5810 = CARTESIAN_POINT('',(0.927245009925,-6.626280927827E-02));
#5811 = CARTESIAN_POINT('',(0.918165632889,-6.529401666703E-02));
#5812 = CARTESIAN_POINT('',(0.909088266567,-6.432716108142E-02));
#5813 = CARTESIAN_POINT('',(0.900012527578,-6.336236378877E-02));
#5814 = CARTESIAN_POINT('',(0.890938022967,-6.239974673366E-02));
#5815 = CARTESIAN_POINT('',(0.881864364111,-6.143943201151E-02));
#5816 = CARTESIAN_POINT('',(0.872791161371,-6.048154141716E-02));
#5817 = CARTESIAN_POINT('',(0.863718025826,-5.952619660306E-02));
#5818 = CARTESIAN_POINT('',(0.854644570221,-5.857351887857E-02));
#5819 = CARTESIAN_POINT('',(0.845570402641,-5.762363001986E-02));
#5820 = CARTESIAN_POINT('',(0.836495138099,-5.667665217904E-02));
#5821 = CARTESIAN_POINT('',(0.827418387967,-5.57327071759E-02));
#5822 = CARTESIAN_POINT('',(0.818339762367,-5.479191669503E-02));
#5823 = CARTESIAN_POINT('',(0.80925887057,-5.385440211158E-02));
#5824 = CARTESIAN_POINT('',(0.800175319237,-5.292028505462E-02));
#5825 = CARTESIAN_POINT('',(0.791088727185,-5.198968766667E-02));
#5826 = CARTESIAN_POINT('',(0.781998708689,-5.106273192554E-02));
#5827 = CARTESIAN_POINT('',(0.772904868695,-5.013953903547E-02));
#5828 = CARTESIAN_POINT('',(0.763806831647,-4.922023230991E-02));
#5829 = CARTESIAN_POINT('',(0.754704135959,-4.830492632667E-02));
#5830 = CARTESIAN_POINT('',(0.745596670627,-4.739376992311E-02));
#5831 = CARTESIAN_POINT('',(0.736483027332,-4.648678451348E-02));
#5832 = CARTESIAN_POINT('',(0.727376072878,-4.558541501806E-02));
#5833 = CARTESIAN_POINT('',(0.718273854552,-4.468960412317E-02));
#5834 = CARTESIAN_POINT('',(0.709176405845,-4.379949579978E-02));
#5835 = CARTESIAN_POINT('',(0.7000832288,-4.29151800412E-02));
#5836 = CARTESIAN_POINT('',(0.690993957062,-4.203676167638E-02));
#5837 = CARTESIAN_POINT('',(0.68190819199,-4.116434143422E-02));
#5838 = CARTESIAN_POINT('',(0.67282554742,-4.029802100507E-02));
#5839 = CARTESIAN_POINT('',(0.663745641908,-3.94379016063E-02));
#5840 = CARTESIAN_POINT('',(0.654668084507,-3.858408472654E-02));
#5841 = CARTESIAN_POINT('',(0.645592482916,-3.773667212724E-02));
#5842 = CARTESIAN_POINT('',(0.636518447061,-3.689576538041E-02));
#5843 = CARTESIAN_POINT('',(0.627445587411,-3.60614659754E-02));
#5844 = CARTESIAN_POINT('',(0.61837351849,-3.523387526619E-02));
#5845 = CARTESIAN_POINT('',(0.609301850095,-3.441309459755E-02));
#5846 = CARTESIAN_POINT('',(0.60023019293,-3.359922572234E-02));
#5847 = CARTESIAN_POINT('',(0.591158159172,-3.279237023809E-02));
#5848 = CARTESIAN_POINT('',(0.582085358982,-3.199262965965E-02));
#5849 = CARTESIAN_POINT('',(0.573011403157,-3.120010540631E-02));
#5850 = CARTESIAN_POINT('',(0.563935900008,-3.041489880243E-02));
#5851 = CARTESIAN_POINT('',(0.554858461059,-2.963711152259E-02));
#5852 = CARTESIAN_POINT('',(0.545778702353,-2.886684514E-02));
#5853 = CARTESIAN_POINT('',(0.536696234597,-2.810420118543E-02));
#5854 = CARTESIAN_POINT('',(0.527610666901,-2.734928111284E-02));
#5855 = CARTESIAN_POINT('',(0.518521605069,-2.660218640401E-02));
#5856 = CARTESIAN_POINT('',(0.509428655935,-2.586301829979E-02));
#5857 = CARTESIAN_POINT('',(0.500331455546,-2.513187959903E-02));
#5858 = CARTESIAN_POINT('',(0.491229558045,-2.440886730935E-02));
#5859 = CARTESIAN_POINT('',(0.482122786939,-2.369409977386E-02));
#5860 = CARTESIAN_POINT('',(0.47300994198,-2.298761553237E-02));
#5861 = CARTESIAN_POINT('',(0.463893633025,-2.228975085346E-02));
#5862 = CARTESIAN_POINT('',(0.454784780956,-2.160145617914E-02));
#5863 = CARTESIAN_POINT('',(0.445680310436,-2.0922590451E-02));
#5864 = CARTESIAN_POINT('',(0.436580548316,-2.02532776618E-02));
#5865 = CARTESIAN_POINT('',(0.427484915311,-1.959357082256E-02));
#5866 = CARTESIAN_POINT('',(0.418393084126,-1.894354204246E-02));
#5867 = CARTESIAN_POINT('',(0.409304645563,-1.830325822478E-02));
#5868 = CARTESIAN_POINT('',(0.40021920991,-1.767278756755E-02));
#5869 = CARTESIAN_POINT('',(0.391136385211,-1.705219797653E-02));
#5870 = CARTESIAN_POINT('',(0.382055782869,-1.644155748865E-02));
#5871 = CARTESIAN_POINT('',(0.372977019436,-1.584093420084E-02));
#5872 = CARTESIAN_POINT('',(0.363899702277,-1.525039613325E-02));
#5873 = CARTESIAN_POINT('',(0.354823441055,-1.467001115626E-02));
#5874 = CARTESIAN_POINT('',(0.345747845592,-1.409984724019E-02));
#5875 = CARTESIAN_POINT('',(0.336672525845,-1.353997239838E-02));
#5876 = CARTESIAN_POINT('',(0.327597094308,-1.2990454741E-02));
#5877 = CARTESIAN_POINT('',(0.31852115862,-1.245136232889E-02));
#5878 = CARTESIAN_POINT('',(0.309444331959,-1.192276300152E-02));
#5879 = CARTESIAN_POINT('',(0.300366225298,-1.140472471831E-02));
#5880 = CARTESIAN_POINT('',(0.291286448084,-1.089731549411E-02));
#5881 = CARTESIAN_POINT('',(0.282204609261,-1.040060345643E-02));
#5882 = CARTESIAN_POINT('',(0.273120314767,-9.91465671712E-03));
#5883 = CARTESIAN_POINT('',(0.264033182861,-9.439543038111E-03));
#5884 = CARTESIAN_POINT('',(0.2549428247,-8.975330319137E-03));
#5885 = CARTESIAN_POINT('',(0.245848852617,-8.522086709279E-03));
#5886 = CARTESIAN_POINT('',(0.236750860497,-8.07987990619E-03));
#5887 = CARTESIAN_POINT('',(0.227648497997,-7.648779845409E-03));
#5888 = CARTESIAN_POINT('',(0.218541223913,-7.228847355537E-03));
#5889 = CARTESIAN_POINT('',(0.209429248909,-6.820176300735E-03));
#5890 = CARTESIAN_POINT('',(0.200309943425,-6.422738137101E-03));
#5891 = CARTESIAN_POINT('',(0.191191674155,-6.036979831675E-03));
#5892 = CARTESIAN_POINT('',(0.182078075855,-5.66310636642E-03));
#5893 = CARTESIAN_POINT('',(0.172967672677,-5.301102833051E-03));
#5894 = CARTESIAN_POINT('',(0.163860361665,-4.951013462605E-03));
#5895 = CARTESIAN_POINT('',(0.154755677712,-4.61286685604E-03));
#5896 = CARTESIAN_POINT('',(0.145653254233,-4.286696041825E-03));
#5897 = CARTESIAN_POINT('',(0.136552688296,-3.972532184237E-03));
#5898 = CARTESIAN_POINT('',(0.127453588948,-3.670406907234E-03));
#5899 = CARTESIAN_POINT('',(0.118355562885,-3.380351943927E-03));
#5900 = CARTESIAN_POINT('',(0.109258219731,-3.102399202171E-03));
#5901 = CARTESIAN_POINT('',(0.100161169145,-2.8365808641E-03));
#5902 = CARTESIAN_POINT('',(9.106401678444E-02,-2.582928412269E-03));
#5903 = CARTESIAN_POINT('',(8.196637309738E-02,-2.341473337337E-03));
#5904 = CARTESIAN_POINT('',(7.286784542803E-02,-2.112247370518E-03));
#5905 = CARTESIAN_POINT('',(6.376804135377E-02,-1.895282383862E-03));
#5906 = CARTESIAN_POINT('',(5.466656669276E-02,-1.690610575545E-03));
#5907 = CARTESIAN_POINT('',(4.556302853893E-02,-1.49826353478E-03));
#5908 = CARTESIAN_POINT('',(3.645704096931E-02,-1.318272683583E-03));
#5909 = CARTESIAN_POINT('',(2.734821204451E-02,-1.150669733686E-03));
#5910 = CARTESIAN_POINT('',(1.823614795367E-02,-9.954865475272E-04));
#5911 = CARTESIAN_POINT('',(9.120451622669E-03,-8.527552853461E-04));
#5912 = CARTESIAN_POINT('',(3.040640620487E-03,-7.659233746535E-04));
#5913 = CARTESIAN_POINT('',(0.,-7.245932634572E-04));
#5914 = ( GEOMETRIC_REPRESENTATION_CONTEXT(2) 
PARAMETRIC_REPRESENTATION_CONTEXT() REPRESENTATION_CONTEXT('2D SPACE',''
  ) );
#5915 = PCURVE('',#822,#5916);
#5916 = DEFINITIONAL_REPRESENTATION('',(#5917),#6031);
#5917 = B_SPLINE_CURVE_WITH_KNOTS('',3,(#5918,#5919,#5920,#5921,#5922,
    #5923,#5924,#5925,#5926,#5927,#5928,#5929,#5930,#5931,#5932,#5933,
    #5934,#5935,#5936,#5937,#5938,#5939,#5940,#5941,#5942,#5943,#5944,
    #5945,#5946,#5947,#5948,#5949,#5950,#5951,#5952,#5953,#5954,#5955,
    #5956,#5957,#5958,#5959,#5960,#5961,#5962,#5963,#5964,#5965,#5966,
    #5967,#5968,#5969,#5970,#5971,#5972,#5973,#5974,#5975,#5976,#5977,
    #5978,#5979,#5980,#5981,#5982,#5983,#5984,#5985,#5986,#5987,#5988,
    #5989,#5990,#5991,#5992,#5993,#5994,#5995,#5996,#5997,#5998,#5999,
    #6000,#6001,#6002,#6003,#6004,#6005,#6006,#6007,#6008,#6009,#6010,
    #6011,#6012,#6013,#6014,#6015,#6016,#6017,#6018,#6019,#6020,#6021,
    #6022,#6023,#6024,#6025,#6026,#6027,#6028,#6029,#6030),
  .UNSPECIFIED.,.F.,.F.,(4,1,1,1,1,1,1,1,1,1,1,1,1,1,1,1,1,1,1,1,1,1,1,1
    ,1,1,1,1,1,1,1,1,1,1,1,1,1,1,1,1,1,1,1,1,1,1,1,1,1,1,1,1,1,1,1,1,1,1
    ,1,1,1,1,1,1,1,1,1,1,1,1,1,1,1,1,1,1,1,1,1,1,1,1,1,1,1,1,1,1,1,1,1,1
    ,1,1,1,1,1,1,1,1,1,1,1,1,1,1,1,1,1,1,4),(-1.808049470957E-03,
    1.792199879309E-02,3.765204705713E-02,5.738209532117E-02,
    7.711214358522E-02,9.684219184926E-02,0.116572240113,0.136302288377,
    0.156032336641,0.175762384905,0.195492433169,0.215222481434,
    0.234952529698,0.254682577962,0.274412626226,0.29414267449,
    0.313872722754,0.333602771018,0.353332819282,0.373062867546,
    0.39279291581,0.412522964074,0.432253012338,0.451983060602,
    0.471713108866,0.49144315713,0.511173205394,0.530903253658,
    0.550633301922,0.570363350186,0.59009339845,0.609823446714,
    0.629553494978,0.649283543242,0.669013591507,0.688743639771,
    0.708473688035,0.728203736299,0.747933784563,0.767663832827,
    0.787393881091,0.807123929355,0.826853977619,0.846584025883,
    0.866314074147,0.886044122411,0.905774170675,0.925504218939,
    0.945234267203,0.964964315467,0.984694363731,1.004424411995,
    1.024154460259,1.043884508523,1.063614556787,1.083344605051,
    1.103074653315,1.12280470158,1.142534749844,1.162264798108,
    1.181994846372,1.201724894636,1.2214549429,1.241184991164,
    1.260915039428,1.280645087692,1.300375135956,1.32010518422,
    1.339835232484,1.359565280748,1.379295329012,1.399025377276,
    1.41875542554,1.438485473804,1.458215522068,1.477945570332,
    1.497675618596,1.51740566686,1.537135715124,1.556865763388,
    1.576595811653,1.596325859917,1.616055908181,1.635785956445,
    1.655516004709,1.675246052973,1.694976101237,1.714706149501,
    1.734436197765,1.754166246029,1.773896294293,1.793626342557,
    1.813356390821,1.833086439085,1.852816487349,1.872546535613,
    1.892276583877,1.912006632141,1.931736680405,1.951466728669,
    1.971196776933,1.990926825197,2.010656873461,2.030386921726,
    2.05011696999,2.069847018254,2.089577066518,2.109307114782,
    2.129037163046,2.14876721131,2.168497259574),.UNSPECIFIED.);
#5918 = CARTESIAN_POINT('',(1.,29.157743308825));
#5919 = CARTESIAN_POINT('',(0.996982549912,29.157416535776));
#5920 = CARTESIAN_POINT('',(0.990949453725,29.156763155222));
#5921 = CARTESIAN_POINT('',(0.981904859655,29.15578370081));
#5922 = CARTESIAN_POINT('',(0.972864964141,29.154804983754));
#5923 = CARTESIAN_POINT('',(0.963829380174,29.153827120975));
#5924 = CARTESIAN_POINT('',(0.954797735417,29.15285023074));
#5925 = CARTESIAN_POINT('',(0.945769659626,29.151874431056));
#5926 = CARTESIAN_POINT('',(0.936744766907,29.150899836302));
#5927 = CARTESIAN_POINT('',(0.927722675205,29.149926561873));
#5928 = CARTESIAN_POINT('',(0.918703003301,29.148954723128));
#5929 = CARTESIAN_POINT('',(0.909685372241,29.147984435715));
#5930 = CARTESIAN_POINT('',(0.900669406431,29.147015815241));
#5931 = CARTESIAN_POINT('',(0.891654720304,29.146048976507));
#5932 = CARTESIAN_POINT('',(0.882640932065,29.145084036281));
#5933 = CARTESIAN_POINT('',(0.873627658414,29.144121111103));
#5934 = CARTESIAN_POINT('',(0.864614516262,29.143160317888));
#5935 = CARTESIAN_POINT('',(0.855601123674,29.142201773327));
#5936 = CARTESIAN_POINT('',(0.846587093561,29.141245595216));
#5937 = CARTESIAN_POINT('',(0.837572045125,29.140291905522));
#5938 = CARTESIAN_POINT('',(0.82855559344,29.139340825637));
#5939 = CARTESIAN_POINT('',(0.819537351815,29.138392477444));
#5940 = CARTESIAN_POINT('',(0.810516932193,29.1374469825));
#5941 = CARTESIAN_POINT('',(0.801493943356,29.136504464119));
#5942 = CARTESIAN_POINT('',(0.792468005467,29.135565053098));
#5943 = CARTESIAN_POINT('',(0.783438733653,29.13462887948));
#5944 = CARTESIAN_POINT('',(0.774405733207,29.133696073467));
#5945 = CARTESIAN_POINT('',(0.765368628249,29.132766766452));
#5946 = CARTESIAN_POINT('',(0.756326956762,29.131841086587));
#5947 = CARTESIAN_POINT('',(0.747280604264,29.130919201301));
#5948 = CARTESIAN_POINT('',(0.738228167154,29.130001149403));
#5949 = CARTESIAN_POINT('',(0.729182420703,29.129088386905));
#5950 = CARTESIAN_POINT('',(0.720141419521,29.128180885855));
#5951 = CARTESIAN_POINT('',(0.711105187694,29.127278819652));
#5952 = CARTESIAN_POINT('',(0.702073241803,29.126382293658));
#5953 = CARTESIAN_POINT('',(0.693045212497,29.125491420408));
#5954 = CARTESIAN_POINT('',(0.684020700055,29.124606310498));
#5955 = CARTESIAN_POINT('',(0.674999317356,29.123727075332));
#5956 = CARTESIAN_POINT('',(0.665980682575,29.122853825739));
#5957 = CARTESIAN_POINT('',(0.65696440491,29.121986674532));
#5958 = CARTESIAN_POINT('',(0.647950092606,29.121125741529));
#5959 = CARTESIAN_POINT('',(0.638937356647,29.120271145568));
#5960 = CARTESIAN_POINT('',(0.629925809062,29.119423005893));
#5961 = CARTESIAN_POINT('',(0.620915066412,29.118581441788));
#5962 = CARTESIAN_POINT('',(0.611904741078,29.117746572595));
#5963 = CARTESIAN_POINT('',(0.602894446625,29.116918529288));
#5964 = CARTESIAN_POINT('',(0.593883798644,29.116097442563));
#5965 = CARTESIAN_POINT('',(0.584872411059,29.115283443698));
#5966 = CARTESIAN_POINT('',(0.575859899604,29.114476662579));
#5967 = CARTESIAN_POINT('',(0.566845875584,29.113677234705));
#5968 = CARTESIAN_POINT('',(0.55782993983,29.112885241616));
#5969 = CARTESIAN_POINT('',(0.548811723691,29.112100755696));
#5970 = CARTESIAN_POINT('',(0.539790847173,29.111323851614));
#5971 = CARTESIAN_POINT('',(0.53076692938,29.110554604029));
#5972 = CARTESIAN_POINT('',(0.521739585082,29.109793085549));
#5973 = CARTESIAN_POINT('',(0.512708429225,29.109039380804));
#5974 = CARTESIAN_POINT('',(0.503673104883,29.108293583999));
#5975 = CARTESIAN_POINT('',(0.494633173122,29.107555781643));
#5976 = CARTESIAN_POINT('',(0.485588461815,29.1068260827));
#5977 = CARTESIAN_POINT('',(0.47653778137,29.106104514212));
#5978 = CARTESIAN_POINT('',(0.467483725453,29.105391416075));
#5979 = CARTESIAN_POINT('',(0.458437141317,29.104687743526));
#5980 = CARTESIAN_POINT('',(0.449394974299,29.103993364606));
#5981 = CARTESIAN_POINT('',(0.440357548151,29.103308411137));
#5982 = CARTESIAN_POINT('',(0.431324285951,29.102632944719));
#5983 = CARTESIAN_POINT('',(0.422294860418,29.101967043905));
#5984 = CARTESIAN_POINT('',(0.413268862069,29.101310792235));
#5985 = CARTESIAN_POINT('',(0.404245899998,29.100664281432));
#5986 = CARTESIAN_POINT('',(0.395225580451,29.100027601102));
#5987 = CARTESIAN_POINT('',(0.386207512342,29.099400841871));
#5988 = CARTESIAN_POINT('',(0.377191309088,29.098784092226));
#5989 = CARTESIAN_POINT('',(0.368176574185,29.0981774493));
#5990 = CARTESIAN_POINT('',(0.35916291259,29.097581021714));
#5991 = CARTESIAN_POINT('',(0.350149928826,29.096994915647));
#5992 = CARTESIAN_POINT('',(0.341137226902,29.096419238308));
#5993 = CARTESIAN_POINT('',(0.332124412749,29.095854095003));
#5994 = CARTESIAN_POINT('',(0.323111086717,29.095299598008));
#5995 = CARTESIAN_POINT('',(0.314096853864,29.094755874832));
#5996 = CARTESIAN_POINT('',(0.305081316261,29.094223051151));
#5997 = CARTESIAN_POINT('',(0.296064074676,29.093701250428));
#5998 = CARTESIAN_POINT('',(0.287044725634,29.093190606538));
#5999 = CARTESIAN_POINT('',(0.278022875102,29.092691207412));
#6000 = CARTESIAN_POINT('',(0.268998157523,29.092203068926));
#6001 = CARTESIAN_POINT('',(0.259970193885,29.091726220142));
#6002 = CARTESIAN_POINT('',(0.250938607249,29.091260687135));
#6003 = CARTESIAN_POINT('',(0.24190300134,29.090806494001));
#6004 = CARTESIAN_POINT('',(0.232863034635,29.090363675717));
#6005 = CARTESIAN_POINT('',(0.223818175198,29.0899322742));
#6006 = CARTESIAN_POINT('',(0.21476863725,29.089512360824));
#6007 = CARTESIAN_POINT('',(0.205711813574,29.089103885157));
#6008 = CARTESIAN_POINT('',(0.196656017383,29.088707271927));
#6009 = CARTESIAN_POINT('',(0.18760486149,29.088322718062));
#6010 = CARTESIAN_POINT('',(0.178556882421,29.087950199848));
#6011 = CARTESIAN_POINT('',(0.169511979571,29.087589752447));
#6012 = CARTESIAN_POINT('',(0.160469692029,29.087241395185));
#6013 = CARTESIAN_POINT('',(0.151429656106,29.086905150879));
#6014 = CARTESIAN_POINT('',(0.142391471152,29.086581062557));
#6015 = CARTESIAN_POINT('',(0.133354747805,29.086269174057));
#6016 = CARTESIAN_POINT('',(0.12431909376,29.085969528632));
#6017 = CARTESIAN_POINT('',(0.115284119004,29.085682170086));
#6018 = CARTESIAN_POINT('',(0.10624943297,29.08540713963));
#6019 = CARTESIAN_POINT('',(9.721464029845E-02,29.085144499637));
#6020 = CARTESIAN_POINT('',(8.817934975953E-02,29.084894316714));
#6021 = CARTESIAN_POINT('',(7.914316645507E-02,29.084656655949));
#6022 = CARTESIAN_POINT('',(7.01056951095E-02,29.084431583426));
#6023 = CARTESIAN_POINT('',(6.106653812041E-02,29.084219161743));
#6024 = CARTESIAN_POINT('',(5.202529838919E-02,29.084019472839));
#6025 = CARTESIAN_POINT('',(4.298158509465E-02,29.083832607367));
#6026 = CARTESIAN_POINT('',(3.393500087114E-02,29.083658653463));
#6027 = CARTESIAN_POINT('',(2.488514587167E-02,29.08349770038));
#6028 = CARTESIAN_POINT('',(1.583161647885E-02,29.083349834342));
#6029 = CARTESIAN_POINT('',(9.793216947307E-03,29.083260054762));
#6030 = CARTESIAN_POINT('',(6.773272559587E-03,29.083217381573));
#6031 = ( GEOMETRIC_REPRESENTATION_CONTEXT(2) 
PARAMETRIC_REPRESENTATION_CONTEXT() REPRESENTATION_CONTEXT('2D SPACE',''
  ) );
#6032 = ORIENTED_EDGE('',*,*,#865,.F.);
#6033 = ORIENTED_EDGE('',*,*,#5693,.F.);
#6034 = ORIENTED_EDGE('',*,*,#5070,.F.);
#6035 = ADVANCED_FACE('',(#6036),#822,.F.);
#6036 = FACE_BOUND('',#6037,.F.);
#6037 = EDGE_LOOP('',(#6038,#6039,#6359,#6360,#6361,#6362));
#6038 = ORIENTED_EDGE('',*,*,#3982,.F.);
#6039 = ORIENTED_EDGE('',*,*,#6040,.F.);
#6040 = EDGE_CURVE('',#749,#3937,#6041,.T.);
#6041 = SURFACE_CURVE('',#6042,(#6125,#6242),.PCURVE_S1.);
#6042 = B_SPLINE_CURVE_WITH_KNOTS('',3,(#6043,#6044,#6045,#6046,#6047,
    #6048,#6049,#6050,#6051,#6052,#6053,#6054,#6055,#6056,#6057,#6058,
    #6059,#6060,#6061,#6062,#6063,#6064,#6065,#6066,#6067,#6068,#6069,
    #6070,#6071,#6072,#6073,#6074,#6075,#6076,#6077,#6078,#6079,#6080,
    #6081,#6082,#6083,#6084,#6085,#6086,#6087,#6088,#6089,#6090,#6091,
    #6092,#6093,#6094,#6095,#6096,#6097,#6098,#6099,#6100,#6101,#6102,
    #6103,#6104,#6105,#6106,#6107,#6108,#6109,#6110,#6111,#6112,#6113,
    #6114,#6115,#6116,#6117,#6118,#6119,#6120,#6121,#6122,#6123,#6124),
  .UNSPECIFIED.,.F.,.F.,(4,3,3,3,3,3,3,3,3,3,3,3,3,3,3,3,3,3,3,3,3,3,3,3
    ,3,3,3,4),(-2.797635822643E-03,0.,4.657831826834E-02,0.130399530434,
    0.231881797903,0.281320631656,0.382933837352,0.484492474385,
    0.574562303247,0.664669303146,0.766050256083,0.867769105157,
    0.969162094104,0.999591892664,1.101460836097,1.160540229762,
    1.261372468068,1.363355809554,1.465359026397,1.567060057025,
    1.668761087653,1.746500250898,1.846917982031,1.948383130315,
    2.050373527453,2.152024212994,2.252283016445,2.332452038512),
  .UNSPECIFIED.);
#6043 = CARTESIAN_POINT('',(-286.5732112008,119.98878842782,
    435.29280616616));
#6044 = CARTESIAN_POINT('',(-286.5727892196,119.9887884261,
    435.30212206562));
#6045 = CARTESIAN_POINT('',(-286.5723672422,119.98877954112,
    435.31143791467));
#6046 = CARTESIAN_POINT('',(-286.5719452655,119.98876177694,
    435.32075369884));
#6047 = CARTESIAN_POINT('',(-286.5649197021,119.98846601805,
    435.47585378604));
#6048 = CARTESIAN_POINT('',(-286.5578953508,119.98570920481,
    435.63092642458));
#6049 = CARTESIAN_POINT('',(-286.5508745552,119.98050973366,
    435.78591886517));
#6050 = CARTESIAN_POINT('',(-286.5382401018,119.97115289143,
    436.06483950315));
#6051 = CARTESIAN_POINT('',(-286.5256210148,119.95388982228,
    436.34341582519));
#6052 = CARTESIAN_POINT('',(-286.5130310873,119.92882294105,
    436.62134022439));
#6053 = CARTESIAN_POINT('',(-286.4977884732,119.89847449009,
    436.9578230488));
#6054 = CARTESIAN_POINT('',(-286.4825986717,119.85670871504,
    437.29312797511));
#6055 = CARTESIAN_POINT('',(-286.4674861863,119.80370481781,
    437.62670940202));
#6056 = CARTESIAN_POINT('',(-286.4601238788,119.77788305674,
    437.7892193372));
#6057 = CARTESIAN_POINT('',(-286.452779925,119.74939334131,
    437.95132016359));
#6058 = CARTESIAN_POINT('',(-286.4454571982,119.71825197256,
    438.11294810143));
#6059 = CARTESIAN_POINT('',(-286.4304065653,119.65424612798,
    438.44514713704));
#6060 = CARTESIAN_POINT('',(-286.4154644087,119.57912204403,
    438.77493340704));
#6061 = CARTESIAN_POINT('',(-286.4006552634,119.49306666856,
    439.10176324041));
#6062 = CARTESIAN_POINT('',(-286.3858540709,119.40705750683,
    439.42841755853));
#6063 = CARTESIAN_POINT('',(-286.371185717,119.31012863459,
    439.75211917572));
#6064 = CARTESIAN_POINT('',(-286.3566753112,119.20241601563,
    440.07231440307));
#6065 = CARTESIAN_POINT('',(-286.3438063932,119.10688837327,
    440.35628758518));
#6066 = CARTESIAN_POINT('',(-286.3310617038,119.00287802866,
    440.63750293155));
#6067 = CARTESIAN_POINT('',(-286.3184594486,118.89044788513,
    440.91556166989));
#6068 = CARTESIAN_POINT('',(-286.3058519925,118.77797134266,
    441.19373516065));
#6069 = CARTESIAN_POINT('',(-286.2934145677,118.65731336675,
    441.46814240456));
#6070 = CARTESIAN_POINT('',(-286.281164027,118.52861601605,
    441.73841708767));
#6071 = CARTESIAN_POINT('',(-286.2673807306,118.38381638816,
    442.04250783489));
#6072 = CARTESIAN_POINT('',(-286.2538339701,118.22884068804,
    442.3413679366));
#6073 = CARTESIAN_POINT('',(-286.2405456393,118.06405186024,
    442.63451549848));
#6074 = CARTESIAN_POINT('',(-286.2272130194,117.89871380198,
    442.92864010216));
#6075 = CARTESIAN_POINT('',(-286.2141405269,117.72349680749,
    443.21701454714));
#6076 = CARTESIAN_POINT('',(-286.2013514064,117.53871927929,
    443.49913130581));
#6077 = CARTESIAN_POINT('',(-286.1886032564,117.3545336928,
    443.78034429292));
#6078 = CARTESIAN_POINT('',(-286.1761366394,117.16084840457,
    444.05534012008));
#6079 = CARTESIAN_POINT('',(-286.1639761036,116.95793562927,
    444.32358788106));
#6080 = CARTESIAN_POINT('',(-286.1603265154,116.89703797804,
    444.40409369725));
#6081 = CARTESIAN_POINT('',(-286.156704508,116.83530892564,
    444.48399149081));
#6082 = CARTESIAN_POINT('',(-286.1531107775,116.77275513578,
    444.56326630822));
#6083 = CARTESIAN_POINT('',(-286.1410801513,116.56334564959,
    444.82865228754));
#6084 = CARTESIAN_POINT('',(-286.1293662593,116.34469592903,
    445.08705964892));
#6085 = CARTESIAN_POINT('',(-286.1179862104,116.11722516365,
    445.3380960743));
#6086 = CARTESIAN_POINT('',(-286.1113862952,115.98530237696,
    445.48368588117));
#6087 = CARTESIAN_POINT('',(-286.1048987062,115.85041201198,
    445.62679576867));
#6088 = CARTESIAN_POINT('',(-286.0985271302,115.71263114429,
    445.76734268654));
#6089 = CARTESIAN_POINT('',(-286.0876526065,115.47747718581,
    446.00721753015));
#6090 = CARTESIAN_POINT('',(-286.077151052,115.23466847923,
    446.23885042212));
#6091 = CARTESIAN_POINT('',(-286.0670352863,114.98471422663,
    446.46195471502));
#6092 = CARTESIAN_POINT('',(-286.0568040388,114.73190649046,
    446.68760597173));
#6093 = CARTESIAN_POINT('',(-286.0469674164,114.47178874393,
    446.90453321366));
#6094 = CARTESIAN_POINT('',(-286.0375404041,114.20484550853,
    447.11240750619));
#6095 = CARTESIAN_POINT('',(-286.0281115546,113.93785024903,
    447.32032231098));
#6096 = CARTESIAN_POINT('',(-286.0190924552,113.66402637825,
    447.51918100936));
#6097 = CARTESIAN_POINT('',(-286.0105001245,113.3838231086,
    447.70861640156));
#6098 = CARTESIAN_POINT('',(-286.0019332486,113.10444994576,
    447.89749058828));
#6099 = CARTESIAN_POINT('',(-285.9937905979,112.81873466085,
    448.07699757208));
#6100 = CARTESIAN_POINT('',(-285.9860913382,112.527094069,448.2467301747
    ));
#6101 = CARTESIAN_POINT('',(-285.9783920785,112.23545347715,
    448.41646277731));
#6102 = CARTESIAN_POINT('',(-285.9711361896,111.93788713241,
    448.57642138096));
#6103 = CARTESIAN_POINT('',(-285.9643454324,111.63479019209,
    448.72614997796));
#6104 = CARTESIAN_POINT('',(-285.9591546514,111.40310618282,
    448.84060089132));
#6105 = CARTESIAN_POINT('',(-285.954235701,111.16819012298,
    448.94907340925));
#6106 = CARTESIAN_POINT('',(-285.9495920392,110.93028554349,
    449.05148084295));
#6107 = CARTESIAN_POINT('',(-285.9435936985,110.62297791241,
    449.1837632308));
#6108 = CARTESIAN_POINT('',(-285.938073901,110.31167785665,
    449.3054998601));
#6109 = CARTESIAN_POINT('',(-285.9330332508,109.99697840577,
    449.41666358708));
#6110 = CARTESIAN_POINT('',(-285.9279400236,109.67899645091,
    449.52898681839));
#6111 = CARTESIAN_POINT('',(-285.923335981,109.35754329281,
    449.63051563247));
#6112 = CARTESIAN_POINT('',(-285.919224168,109.03320383748,
    449.72117611846));
#6113 = CARTESIAN_POINT('',(-285.9150910696,108.70718539256,
    449.81230592142));
#6114 = CARTESIAN_POINT('',(-285.9114553009,108.37825012644,
    449.89245475607));
#6115 = CARTESIAN_POINT('',(-285.9083225348,108.04697331507,
    449.96149865381));
#6116 = CARTESIAN_POINT('',(-285.9052002035,107.71679992695,
    450.03031257879));
#6117 = CARTESIAN_POINT('',(-285.9025775236,107.38429998668,
    450.08809553319));
#6118 = CARTESIAN_POINT('',(-285.9004627764,107.05003306128,
    450.13467428815));
#6119 = CARTESIAN_POINT('',(-285.8983769861,106.72034318467,
    450.18061524972));
#6120 = CARTESIAN_POINT('',(-285.8967853122,106.38893383363,
    450.21565677182));
#6121 = CARTESIAN_POINT('',(-285.8956983447,106.05634054611,
    450.23958254328));
#6122 = CARTESIAN_POINT('',(-285.8948291829,105.79039204396,
    450.25871408719));
#6123 = CARTESIAN_POINT('',(-285.8942827758,105.52368640989,
    450.27073736807));
#6124 = CARTESIAN_POINT('',(-285.8940657955,105.25650031868,
    450.2755179591));
#6125 = PCURVE('',#822,#6126);
#6126 = DEFINITIONAL_REPRESENTATION('',(#6127),#6241);
#6127 = B_SPLINE_CURVE_WITH_KNOTS('',3,(#6128,#6129,#6130,#6131,#6132,
    #6133,#6134,#6135,#6136,#6137,#6138,#6139,#6140,#6141,#6142,#6143,
    #6144,#6145,#6146,#6147,#6148,#6149,#6150,#6151,#6152,#6153,#6154,
    #6155,#6156,#6157,#6158,#6159,#6160,#6161,#6162,#6163,#6164,#6165,
    #6166,#6167,#6168,#6169,#6170,#6171,#6172,#6173,#6174,#6175,#6176,
    #6177,#6178,#6179,#6180,#6181,#6182,#6183,#6184,#6185,#6186,#6187,
    #6188,#6189,#6190,#6191,#6192,#6193,#6194,#6195,#6196,#6197,#6198,
    #6199,#6200,#6201,#6202,#6203,#6204,#6205,#6206,#6207,#6208,#6209,
    #6210,#6211,#6212,#6213,#6214,#6215,#6216,#6217,#6218,#6219,#6220,
    #6221,#6222,#6223,#6224,#6225,#6226,#6227,#6228,#6229,#6230,#6231,
    #6232,#6233,#6234,#6235,#6236,#6237,#6238,#6239,#6240),
  .UNSPECIFIED.,.F.,.F.,(4,1,1,1,1,1,1,1,1,1,1,1,1,1,1,1,1,1,1,1,1,1,1,1
    ,1,1,1,1,1,1,1,1,1,1,1,1,1,1,1,1,1,1,1,1,1,1,1,1,1,1,1,1,1,1,1,1,1,1
    ,1,1,1,1,1,1,1,1,1,1,1,1,1,1,1,1,1,1,1,1,1,1,1,1,1,1,1,1,1,1,1,1,1,1
    ,1,1,1,1,1,1,1,1,1,1,1,1,1,1,1,1,1,1,4),(-2.797635822643E-03,
    1.843190659377E-02,3.966144901019E-02,6.08909914266E-02,
    8.212053384302E-02,0.103350076259,0.124579618676,0.145809161092,
    0.167038703509,0.188268245925,0.209497788342,0.230727330758,
    0.251956873174,0.273186415591,0.294415958007,0.315645500424,
    0.33687504284,0.358104585256,0.379334127673,0.400563670089,
    0.421793212506,0.443022754922,0.464252297339,0.485481839755,
    0.506711382171,0.527940924588,0.549170467004,0.570400009421,
    0.591629551837,0.612859094253,0.63408863667,0.655318179086,
    0.676547721503,0.697777263919,0.719006806335,0.740236348752,
    0.761465891168,0.782695433585,0.803924976001,0.825154518418,
    0.846384060834,0.86761360325,0.888843145667,0.910072688083,
    0.9313022305,0.952531772916,0.973761315332,0.994990857749,
    1.016220400165,1.037449942582,1.058679484998,1.079909027415,
    1.101138569831,1.122368112247,1.143597654664,1.16482719708,
    1.186056739497,1.207286281913,1.228515824329,1.249745366746,
    1.270974909162,1.292204451579,1.313433993995,1.334663536412,
    1.355893078828,1.377122621244,1.398352163661,1.419581706077,
    1.440811248494,1.46204079091,1.483270333326,1.504499875743,
    1.525729418159,1.546958960576,1.568188502992,1.589418045409,
    1.610647587825,1.631877130241,1.653106672658,1.674336215074,
    1.695565757491,1.716795299907,1.738024842323,1.75925438474,
    1.780483927156,1.801713469573,1.822943011989,1.844172554406,
    1.865402096822,1.886631639238,1.907861181655,1.929090724071,
    1.950320266488,1.971549808904,1.99277935132,2.014008893737,
    2.035238436153,2.05646797857,2.077697520986,2.098927063403,
    2.120156605819,2.141386148235,2.162615690652,2.183845233068,
    2.205074775485,2.226304317901,2.247533860317,2.268763402734,
    2.28999294515,2.311222487567,2.332452029983),.UNSPECIFIED.);
#6128 = CARTESIAN_POINT('',(1.,1.277023457424E-02));
#6129 = CARTESIAN_POINT('',(0.996969081082,1.271341827803E-02));
#6130 = CARTESIAN_POINT('',(0.9909073093,1.259976836949E-02));
#6131 = CARTESIAN_POINT('',(0.98181483164,1.242927590288E-02));
#6132 = CARTESIAN_POINT('',(0.972722056293,1.225879193931E-02));
#6133 = CARTESIAN_POINT('',(0.963630114003,1.208837141746E-02));
#6134 = CARTESIAN_POINT('',(0.954538267037,1.191803476262E-02));
#6135 = CARTESIAN_POINT('',(0.945446050017,1.174780748734E-02));
#6136 = CARTESIAN_POINT('',(0.936353329527,1.157772137082E-02));
#6137 = CARTESIAN_POINT('',(0.927262350431,1.140785255062E-02));
#6138 = CARTESIAN_POINT('',(0.918172085745,1.123821600361E-02));
#6139 = CARTESIAN_POINT('',(0.909082232823,1.106884030159E-02));
#6140 = CARTESIAN_POINT('',(0.899992296559,1.089975043871E-02));
#6141 = CARTESIAN_POINT('',(0.890901833028,1.073097237065E-02));
#6142 = CARTESIAN_POINT('',(0.881810387526,1.056253174666E-02));
#6143 = CARTESIAN_POINT('',(0.872717491349,1.039445411035E-02));
#6144 = CARTESIAN_POINT('',(0.863628169514,1.022686610917E-02));
#6145 = CARTESIAN_POINT('',(0.854541057279,1.005977615854E-02));
#6146 = CARTESIAN_POINT('',(0.845455942764,9.893214031944E-03));
#6147 = CARTESIAN_POINT('',(0.836372308689,9.727203824436E-03));
#6148 = CARTESIAN_POINT('',(0.827289722367,9.561771216332E-03));
#6149 = CARTESIAN_POINT('',(0.818207721766,9.396941345752E-03));
#6150 = CARTESIAN_POINT('',(0.809125855423,9.23273946468E-03));
#6151 = CARTESIAN_POINT('',(0.800043668923,9.069190858896E-03));
#6152 = CARTESIAN_POINT('',(0.790960705777,8.906320788024E-03));
#6153 = CARTESIAN_POINT('',(0.781876522157,8.744154803514E-03));
#6154 = CARTESIAN_POINT('',(0.772790620538,8.582717293521E-03));
#6155 = CARTESIAN_POINT('',(0.763702721246,8.422036578895E-03));
#6156 = CARTESIAN_POINT('',(0.754611725162,8.262126532433E-03));
#6157 = CARTESIAN_POINT('',(0.745519577285,8.103055101538E-03));
#6158 = CARTESIAN_POINT('',(0.736434981485,7.945006940622E-03));
#6159 = CARTESIAN_POINT('',(0.72735531666,7.787966273635E-03));
#6160 = CARTESIAN_POINT('',(0.718280713736,7.631965958693E-03));
#6161 = CARTESIAN_POINT('',(0.70921057767,7.477025870853E-03));
#6162 = CARTESIAN_POINT('',(0.700144498881,7.323169330833E-03));
#6163 = CARTESIAN_POINT('',(0.691082010027,7.170418679195E-03));
#6164 = CARTESIAN_POINT('',(0.682022663093,7.018796548391E-03));
#6165 = CARTESIAN_POINT('',(0.672966009929,6.868325521229E-03));
#6166 = CARTESIAN_POINT('',(0.663911608498,6.719028235288E-03));
#6167 = CARTESIAN_POINT('',(0.654859003569,6.570927241842E-03));
#6168 = CARTESIAN_POINT('',(0.645807745085,6.424045095639E-03));
#6169 = CARTESIAN_POINT('',(0.636757382252,6.27840437908E-03));
#6170 = CARTESIAN_POINT('',(0.627707467528,6.134027695532E-03));
#6171 = CARTESIAN_POINT('',(0.618657551019,5.990937667412E-03));
#6172 = CARTESIAN_POINT('',(0.609607182782,5.849156837972E-03));
#6173 = CARTESIAN_POINT('',(0.600555915268,5.708707774847E-03));
#6174 = CARTESIAN_POINT('',(0.591503298095,5.569613060888E-03));
#6175 = CARTESIAN_POINT('',(0.582448879545,5.431895311914E-03));
#6176 = CARTESIAN_POINT('',(0.573392211403,5.295577104172E-03));
#6177 = CARTESIAN_POINT('',(0.564332841851,5.160681019596E-03));
#6178 = CARTESIAN_POINT('',(0.555270319412,5.027229631604E-03));
#6179 = CARTESIAN_POINT('',(0.546204206331,4.895245562386E-03));
#6180 = CARTESIAN_POINT('',(0.537134037565,4.764751190679E-03));
#6181 = CARTESIAN_POINT('',(0.528059414317,4.635769875618E-03));
#6182 = CARTESIAN_POINT('',(0.51897967473,4.508321350875E-03));
#6183 = CARTESIAN_POINT('',(0.509895149758,4.382438856443E-03));
#6184 = CARTESIAN_POINT('',(0.50080250745,4.258105153433E-03));
#6185 = CARTESIAN_POINT('',(0.491713562704,4.135512564817E-03));
#6186 = CARTESIAN_POINT('',(0.482630927218,4.014719034483E-03));
#6187 = CARTESIAN_POINT('',(0.473553324241,3.895729022435E-03));
#6188 = CARTESIAN_POINT('',(0.464480525282,3.778561311273E-03));
#6189 = CARTESIAN_POINT('',(0.455412033204,3.663230831582E-03));
#6190 = CARTESIAN_POINT('',(0.446347412403,3.549753551689E-03));
#6191 = CARTESIAN_POINT('',(0.437286202377,3.438145188336E-03));
#6192 = CARTESIAN_POINT('',(0.428227953155,3.328421516044E-03));
#6193 = CARTESIAN_POINT('',(0.419172215915,3.220598283163E-03));
#6194 = CARTESIAN_POINT('',(0.410118548243,3.114691224448E-03));
#6195 = CARTESIAN_POINT('',(0.401066496029,3.010716100559E-03));
#6196 = CARTESIAN_POINT('',(0.392015609187,2.908688688178E-03));
#6197 = CARTESIAN_POINT('',(0.382965437055,2.808624744909E-03));
#6198 = CARTESIAN_POINT('',(0.373915530949,2.710540019427E-03));
#6199 = CARTESIAN_POINT('',(0.3648654417,2.614450238112E-03));
#6200 = CARTESIAN_POINT('',(0.355814718387,2.520371175627E-03));
#6201 = CARTESIAN_POINT('',(0.346762914573,2.428318607326E-03));
#6202 = CARTESIAN_POINT('',(0.337709579474,2.33830828947E-03));
#6203 = CARTESIAN_POINT('',(0.328654262898,2.250355963492E-03));
#6204 = CARTESIAN_POINT('',(0.319596509225,2.1644773528E-03));
#6205 = CARTESIAN_POINT('',(0.310535874912,2.080688247454E-03));
#6206 = CARTESIAN_POINT('',(0.301471914044,1.99900441879E-03));
#6207 = CARTESIAN_POINT('',(0.292404176182,1.919441623533E-03));
#6208 = CARTESIAN_POINT('',(0.283332204632,1.842015582977E-03));
#6209 = CARTESIAN_POINT('',(0.274255551869,1.766742058749E-03));
#6210 = CARTESIAN_POINT('',(0.265173758733,1.693636776319E-03));
#6211 = CARTESIAN_POINT('',(0.256086444636,1.622715752677E-03));
#6212 = CARTESIAN_POINT('',(0.246992894781,1.55399374129E-03));
#6213 = CARTESIAN_POINT('',(0.237907072752,1.48759255302E-03));
#6214 = CARTESIAN_POINT('',(0.228826248148,1.423499724432E-03));
#6215 = CARTESIAN_POINT('',(0.219750578149,1.361726186252E-03));
#6216 = CARTESIAN_POINT('',(0.210679454318,1.30227655641E-03));
#6217 = CARTESIAN_POINT('',(0.201612481939,1.245157080502E-03));
#6218 = CARTESIAN_POINT('',(0.192549190587,1.190373690714E-03));
#6219 = CARTESIAN_POINT('',(0.183489130734,1.137932426376E-03));
#6220 = CARTESIAN_POINT('',(0.174431850687,1.087839250367E-03));
#6221 = CARTESIAN_POINT('',(0.165376906057,1.040100093338E-03));
#6222 = CARTESIAN_POINT('',(0.156323849804,9.947208577023E-04));
#6223 = CARTESIAN_POINT('',(0.147272228123,9.517075930472E-04));
#6224 = CARTESIAN_POINT('',(0.138221591199,9.110662978929E-04));
#6225 = CARTESIAN_POINT('',(0.129171488476,8.728029380462E-04));
#6226 = CARTESIAN_POINT('',(0.120121473044,8.369234238089E-04));
#6227 = CARTESIAN_POINT('',(0.111071092327,8.034336847493E-04));
#6228 = CARTESIAN_POINT('',(0.102019899409,7.723397760641E-04));
#6229 = CARTESIAN_POINT('',(9.296744530091E-02,7.436476855021E-04));
#6230 = CARTESIAN_POINT('',(8.391327937287E-02,7.173633732555E-04));
#6231 = CARTESIAN_POINT('',(7.485694953648E-02,6.934927309643E-04));
#6232 = CARTESIAN_POINT('',(6.579800324905E-02,6.720417277696E-04));
#6233 = CARTESIAN_POINT('',(5.673599903727E-02,6.530164116816E-04));
#6234 = CARTESIAN_POINT('',(4.767048753865E-02,6.36422761735E-04));
#6235 = CARTESIAN_POINT('',(3.860101674304E-02,6.222667245525E-04));
#6236 = CARTESIAN_POINT('',(2.952712896672E-02,6.10554187133E-04));
#6237 = CARTESIAN_POINT('',(2.044838069281E-02,6.012911822461E-04));
#6238 = CARTESIAN_POINT('',(1.136432761338E-02,5.944837132957E-04));
#6239 = CARTESIAN_POINT('',(5.304452715339E-03,5.915863832136E-04));
#6240 = CARTESIAN_POINT('',(2.273480128224E-03,5.905489565786E-04));
#6241 = ( GEOMETRIC_REPRESENTATION_CONTEXT(2) 
PARAMETRIC_REPRESENTATION_CONTEXT() REPRESENTATION_CONTEXT('2D SPACE',''
  ) );
#6242 = PCURVE('',#766,#6243);
#6243 = DEFINITIONAL_REPRESENTATION('',(#6244),#6358);
#6244 = B_SPLINE_CURVE_WITH_KNOTS('',3,(#6245,#6246,#6247,#6248,#6249,
    #6250,#6251,#6252,#6253,#6254,#6255,#6256,#6257,#6258,#6259,#6260,
    #6261,#6262,#6263,#6264,#6265,#6266,#6267,#6268,#6269,#6270,#6271,
    #6272,#6273,#6274,#6275,#6276,#6277,#6278,#6279,#6280,#6281,#6282,
    #6283,#6284,#6285,#6286,#6287,#6288,#6289,#6290,#6291,#6292,#6293,
    #6294,#6295,#6296,#6297,#6298,#6299,#6300,#6301,#6302,#6303,#6304,
    #6305,#6306,#6307,#6308,#6309,#6310,#6311,#6312,#6313,#6314,#6315,
    #6316,#6317,#6318,#6319,#6320,#6321,#6322,#6323,#6324,#6325,#6326,
    #6327,#6328,#6329,#6330,#6331,#6332,#6333,#6334,#6335,#6336,#6337,
    #6338,#6339,#6340,#6341,#6342,#6343,#6344,#6345,#6346,#6347,#6348,
    #6349,#6350,#6351,#6352,#6353,#6354,#6355,#6356,#6357),
  .UNSPECIFIED.,.F.,.F.,(4,1,1,1,1,1,1,1,1,1,1,1,1,1,1,1,1,1,1,1,1,1,1,1
    ,1,1,1,1,1,1,1,1,1,1,1,1,1,1,1,1,1,1,1,1,1,1,1,1,1,1,1,1,1,1,1,1,1,1
    ,1,1,1,1,1,1,1,1,1,1,1,1,1,1,1,1,1,1,1,1,1,1,1,1,1,1,1,1,1,1,1,1,1,1
    ,1,1,1,1,1,1,1,1,1,1,1,1,1,1,1,1,1,1,4),(-2.797635822643E-03,
    1.843190659377E-02,3.966144901019E-02,6.08909914266E-02,
    8.212053384302E-02,0.103350076259,0.124579618676,0.145809161092,
    0.167038703509,0.188268245925,0.209497788342,0.230727330758,
    0.251956873174,0.273186415591,0.294415958007,0.315645500424,
    0.33687504284,0.358104585256,0.379334127673,0.400563670089,
    0.421793212506,0.443022754922,0.464252297339,0.485481839755,
    0.506711382171,0.527940924588,0.549170467004,0.570400009421,
    0.591629551837,0.612859094253,0.63408863667,0.655318179086,
    0.676547721503,0.697777263919,0.719006806335,0.740236348752,
    0.761465891168,0.782695433585,0.803924976001,0.825154518418,
    0.846384060834,0.86761360325,0.888843145667,0.910072688083,
    0.9313022305,0.952531772916,0.973761315332,0.994990857749,
    1.016220400165,1.037449942582,1.058679484998,1.079909027415,
    1.101138569831,1.122368112247,1.143597654664,1.16482719708,
    1.186056739497,1.207286281913,1.228515824329,1.249745366746,
    1.270974909162,1.292204451579,1.313433993995,1.334663536412,
    1.355893078828,1.377122621244,1.398352163661,1.419581706077,
    1.440811248494,1.46204079091,1.483270333326,1.504499875743,
    1.525729418159,1.546958960576,1.568188502992,1.589418045409,
    1.610647587825,1.631877130241,1.653106672658,1.674336215074,
    1.695565757491,1.716795299907,1.738024842323,1.75925438474,
    1.780483927156,1.801713469573,1.822943011989,1.844172554406,
    1.865402096822,1.886631639238,1.907861181655,1.929090724071,
    1.950320266488,1.971549808904,1.99277935132,2.014008893737,
    2.035238436153,2.05646797857,2.077697520986,2.098927063403,
    2.120156605819,2.141386148235,2.162615690652,2.183845233068,
    2.205074775485,2.226304317901,2.247533860317,2.268763402734,
    2.28999294515,2.311222487567,2.332452029983),.UNSPECIFIED.);
#6245 = CARTESIAN_POINT('',(1.,77.562320561354));
#6246 = CARTESIAN_POINT('',(0.996962220117,77.562377377047));
#6247 = CARTESIAN_POINT('',(0.990886723822,77.562491003442));
#6248 = CARTESIAN_POINT('',(0.98177365156,77.562661397782));
#6249 = CARTESIAN_POINT('',(0.972660272499,77.562831725585));
#6250 = CARTESIAN_POINT('',(0.963547720271,77.563001934074));
#6251 = CARTESIAN_POINT('',(0.954435255688,77.563172005868));
#6252 = CARTESIAN_POINT('',(0.945322412598,77.563341918401));
#6253 = CARTESIAN_POINT('',(0.936209057569,77.56351164298));
#6254 = CARTESIAN_POINT('',(0.927097440879,77.563681106357));
#6255 = CARTESIAN_POINT('',(0.917986533555,77.563850296267));
#6256 = CARTESIAN_POINT('',(0.908876032625,77.564019186935));
#6257 = CARTESIAN_POINT('',(0.899765442242,77.564187756221));
#6258 = CARTESIAN_POINT('',(0.890654317873,77.564355980953));
#6259 = CARTESIAN_POINT('',(0.881542204202,77.564523837417));
#6260 = CARTESIAN_POINT('',(0.872428631899,77.564691302282));
#6261 = CARTESIAN_POINT('',(0.863318637869,77.564858251282));
#6262 = CARTESIAN_POINT('',(0.854210854751,77.56502467774));
#6263 = CARTESIAN_POINT('',(0.845105070684,77.565190553804));
#6264 = CARTESIAN_POINT('',(0.836000767728,77.565355857247));
#6265 = CARTESIAN_POINT('',(0.82689751275,77.565520564525));
#6266 = CARTESIAN_POINT('',(0.817794843217,77.565684651574));
#6267 = CARTESIAN_POINT('',(0.808692307204,77.565848093761));
#6268 = CARTESIAN_POINT('',(0.799589449843,77.566010866576));
#6269 = CARTESIAN_POINT('',(0.79048581421,77.566172945556));
#6270 = CARTESIAN_POINT('',(0.781380956082,77.566334305941));
#6271 = CARTESIAN_POINT('',(0.772274377429,77.566494922237));
#6272 = CARTESIAN_POINT('',(0.763165798585,77.56665476519));
#6273 = CARTESIAN_POINT('',(0.75405411859,77.566813819699));
#6274 = CARTESIAN_POINT('',(0.744941287549,77.56697201781));
#6275 = CARTESIAN_POINT('',(0.735836029812,77.567129175591));
#6276 = CARTESIAN_POINT('',(0.726735719027,77.567285305469));
#6277 = CARTESIAN_POINT('',(0.717640487012,77.567440372382));
#6278 = CARTESIAN_POINT('',(0.708549738473,77.56759435354));
#6279 = CARTESIAN_POINT('',(0.699463053962,77.567747225451));
#6280 = CARTESIAN_POINT('',(0.690379965183,77.567898966914));
#6281 = CARTESIAN_POINT('',(0.681300021943,77.568049556162));
#6282 = CARTESIAN_POINT('',(0.672222774487,77.568198971513));
#6283 = CARTESIAN_POINT('',(0.663147779259,77.568347191523));
#6284 = CARTESIAN_POINT('',(0.654074579682,77.568494193169));
#6285 = CARTESIAN_POINT('',(0.645002724533,77.568639952709));
#6286 = CARTESIAN_POINT('',(0.63593176203,77.568784446595));
#6287 = CARTESIAN_POINT('',(0.626861243826,77.568927651182));
#6288 = CARTESIAN_POINT('',(0.617790719396,77.569069543019));
#6289 = CARTESIAN_POINT('',(0.60871973833,77.569210096041));
#6290 = CARTESIAN_POINT('',(0.599647852811,77.569349284025));
#6291 = CARTESIAN_POINT('',(0.590574612291,77.569487080706));
#6292 = CARTESIAN_POINT('',(0.581499565322,77.569623460146));
#6293 = CARTESIAN_POINT('',(0.572422263175,77.569758394972));
#6294 = CARTESIAN_POINT('',(0.563342257288,77.569891855467));
#6295 = CARTESIAN_POINT('',(0.554259100801,77.570023826883));
#6296 = CARTESIAN_POINT('',(0.545172350657,77.570154296039));
#6297 = CARTESIAN_POINT('',(0.536081539156,77.570283249513));
#6298 = CARTESIAN_POINT('',(0.526986264497,77.57041067326));
#6299 = CARTESIAN_POINT('',(0.517885861582,77.570536555957));
#6300 = CARTESIAN_POINT('',(0.508780660514,77.570660870529));
#6301 = CARTESIAN_POINT('',(0.499667320338,77.570783638162));
#6302 = CARTESIAN_POINT('',(0.49055768164,77.570904682649));
#6303 = CARTESIAN_POINT('',(0.481454361043,77.571023952293));
#6304 = CARTESIAN_POINT('',(0.472356078048,77.571141445832));
#6305 = CARTESIAN_POINT('',(0.463262602992,77.571257148415));
#6306 = CARTESIAN_POINT('',(0.454173437147,77.571371049111));
#6307 = CARTESIAN_POINT('',(0.445088143637,77.571483134749));
#6308 = CARTESIAN_POINT('',(0.436006260817,77.571593390349));
#6309 = CARTESIAN_POINT('',(0.426927337783,77.571701801282));
#6310 = CARTESIAN_POINT('',(0.417850924964,77.571808352711));
#6311 = CARTESIAN_POINT('',(0.408776579396,77.571913030273));
#6312 = CARTESIAN_POINT('',(0.399703846577,77.572015817214));
#6313 = CARTESIAN_POINT('',(0.390632276215,77.572116695247));
#6314 = CARTESIAN_POINT('',(0.381561417631,77.57221564647));
#6315 = CARTESIAN_POINT('',(0.372490822309,77.572312652777));
#6316 = CARTESIAN_POINT('',(0.363420041436,77.572407696497));
#6317 = CARTESIAN_POINT('',(0.354348624626,77.572500756474));
#6318 = CARTESIAN_POINT('',(0.345276126172,77.572591810807));
#6319 = CARTESIAN_POINT('',(0.3362020962,77.572680837783));
#6320 = CARTESIAN_POINT('',(0.327126085623,77.572767815654));
#6321 = CARTESIAN_POINT('',(0.318047640111,77.572852722626));
#6322 = CARTESIAN_POINT('',(0.308966317594,77.572935532693));
#6323 = CARTESIAN_POINT('',(0.299881673945,77.573016219807));
#6324 = CARTESIAN_POINT('',(0.290793260225,77.573094758285));
#6325 = CARTESIAN_POINT('',(0.281700623214,77.573171121022));
#6326 = CARTESIAN_POINT('',(0.272603310443,77.573245286495));
#6327 = CARTESIAN_POINT('',(0.263500856295,77.573317254228));
#6328 = CARTESIAN_POINT('',(0.254392875506,77.573387020526));
#6329 = CARTESIAN_POINT('',(0.245278647851,77.573454584114));
#6330 = CARTESIAN_POINT('',(0.236172165309,77.573519841372));
#6331 = CARTESIAN_POINT('',(0.227070688238,77.573582811457));
#6332 = CARTESIAN_POINT('',(0.217974371525,77.573643492213));
#6333 = CARTESIAN_POINT('',(0.208882603059,77.573701887103));
#6334 = CARTESIAN_POINT('',(0.199794985294,77.573757998418));
#6335 = CARTESIAN_POINT('',(0.190711045158,77.573811825128));
#6336 = CARTESIAN_POINT('',(0.181630330877,77.573863365517));
#6337 = CARTESIAN_POINT('',(0.172552388853,77.573912618033));
#6338 = CARTESIAN_POINT('',(0.163476773159,77.573959581144));
#6339 = CARTESIAN_POINT('',(0.154403035553,77.574004253062));
#6340 = CARTESIAN_POINT('',(0.145330721354,77.574046627932));
#6341 = CARTESIAN_POINT('',(0.136259380226,77.574086700138));
#6342 = CARTESIAN_POINT('',(0.127188561429,77.574124463919));
#6343 = CARTESIAN_POINT('',(0.118117818213,77.574159913852));
#6344 = CARTESIAN_POINT('',(0.109046698497,77.574193043212));
#6345 = CARTESIAN_POINT('',(9.99747562114E-02,77.574223841597));
#6346 = CARTESIAN_POINT('',(9.090154354809E-02,77.574252299193));
#6347 = CARTESIAN_POINT('',(8.182661140121E-02,77.574278405886));
#6348 = CARTESIAN_POINT('',(7.274950954704E-02,77.574302152163));
#6349 = CARTESIAN_POINT('',(6.366978765408E-02,77.574323525864));
#6350 = CARTESIAN_POINT('',(5.458700683407E-02,77.574342512147));
#6351 = CARTESIAN_POINT('',(4.55007206432E-02,77.574359096758));
#6352 = CARTESIAN_POINT('',(3.641048033969E-02,77.574373265206));
#6353 = CARTESIAN_POINT('',(2.731583185199E-02,77.574385003356));
#6354 = CARTESIAN_POINT('',(1.821633567506E-02,77.574394292858));
#6355 = CARTESIAN_POINT('',(9.111551836838E-03,77.574401115146));
#6356 = CARTESIAN_POINT('',(3.037871074206E-03,77.574404006197));
#6357 = CARTESIAN_POINT('',(-4.881034466269E-12,77.574405034351));
#6358 = ( GEOMETRIC_REPRESENTATION_CONTEXT(2) 
PARAMETRIC_REPRESENTATION_CONTEXT() REPRESENTATION_CONTEXT('2D SPACE',''
  ) );
#6359 = ORIENTED_EDGE('',*,*,#802,.F.);
#6360 = ORIENTED_EDGE('',*,*,#5719,.T.);
#6361 = ORIENTED_EDGE('',*,*,#5025,.F.);
#6362 = ORIENTED_EDGE('',*,*,#4095,.F.);
#6363 = ADVANCED_FACE('',(#6364),#766,.F.);
#6364 = FACE_BOUND('',#6365,.F.);
#6365 = EDGE_LOOP('',(#6366,#6367,#6368,#6369));
#6366 = ORIENTED_EDGE('',*,*,#748,.F.);
#6367 = ORIENTED_EDGE('',*,*,#6040,.T.);
#6368 = ORIENTED_EDGE('',*,*,#3936,.F.);
#6369 = ORIENTED_EDGE('',*,*,#6370,.T.);
#6370 = EDGE_CURVE('',#3916,#695,#6371,.T.);
#6371 = SURFACE_CURVE('',#6372,(#6386,#6392),.PCURVE_S1.);
#6372 = B_SPLINE_CURVE_WITH_KNOTS('',3,(#6373,#6374,#6375,#6376,#6377,
    #6378,#6379,#6380,#6381,#6382,#6383,#6384,#6385),.UNSPECIFIED.,.F.,
  .F.,(4,3,3,3,4),(0.,0.28571433867,0.571428677339,0.714285846674,
    1.000000185344),.UNSPECIFIED.);
#6373 = CARTESIAN_POINT('',(-1.06163291263E+03,105.23967920234,
    471.48223507383));
#6374 = CARTESIAN_POINT('',(-1.061633009521E+03,107.45946776972,
    471.44509717682));
#6375 = CARTESIAN_POINT('',(-1.061642244819E+03,109.67034557039,
    470.90668824895));
#6376 = CARTESIAN_POINT('',(-1.061659657561E+03,111.65791231358,
    469.91972324578));
#6377 = CARTESIAN_POINT('',(-1.061677070304E+03,113.64547905677,
    468.93275824262));
#6378 = CARTESIAN_POINT('',(-1.061702660493E+03,115.40973474182,
    467.49723716186));
#6379 = CARTESIAN_POINT('',(-1.061733884714E+03,116.78225581207,
    465.75267657478));
#6380 = CARTESIAN_POINT('',(-1.061749496825E+03,117.4685163472,
    464.88039628124));
#6381 = CARTESIAN_POINT('',(-1.061766517443E+03,118.05684322782,
    463.9308561113));
#6382 = CARTESIAN_POINT('',(-1.061784503694E+03,118.53298241911,
    462.92834927429));
#6383 = CARTESIAN_POINT('',(-1.061820476197E+03,119.48526080167,
    460.92333560028));
#6384 = CARTESIAN_POINT('',(-1.061860311235E+03,119.98878842782,
    458.70645525538));
#6385 = CARTESIAN_POINT('',(-1.06190019852E+03,119.98878842782,
    456.48671410408));
#6386 = PCURVE('',#766,#6387);
#6387 = DEFINITIONAL_REPRESENTATION('',(#6388),#6391);
#6388 = B_SPLINE_CURVE_WITH_KNOTS('',1,(#6389,#6390),.UNSPECIFIED.,.F.,
  .F.,(2,2),(0.,1.000000185344),.PIECEWISE_BEZIER_KNOTS.);
#6389 = CARTESIAN_POINT('',(-3.280654128735E-05,-4.819730991286E-06));
#6390 = CARTESIAN_POINT('',(0.999999999998,-6.088417728334E-04));
#6391 = ( GEOMETRIC_REPRESENTATION_CONTEXT(2) 
PARAMETRIC_REPRESENTATION_CONTEXT() REPRESENTATION_CONTEXT('2D SPACE',''
  ) );
#6392 = PCURVE('',#712,#6393);
#6393 = DEFINITIONAL_REPRESENTATION('',(#6394),#6398);
#6394 = LINE('',#6395,#6396);
#6395 = CARTESIAN_POINT('',(3.393732258398E-15,31.329050132788));
#6396 = VECTOR('',#6397,1.);
#6397 = DIRECTION('',(0.999999814656,6.088414613321E-04));
#6398 = ( GEOMETRIC_REPRESENTATION_CONTEXT(2) 
PARAMETRIC_REPRESENTATION_CONTEXT() REPRESENTATION_CONTEXT('2D SPACE',''
  ) );
#6399 = ADVANCED_FACE('',(#6400),#712,.F.);
#6400 = FACE_BOUND('',#6401,.F.);
#6401 = EDGE_LOOP('',(#6402,#6403,#6404,#6405));
#6402 = ORIENTED_EDGE('',*,*,#4601,.F.);
#6403 = ORIENTED_EDGE('',*,*,#4729,.T.);
#6404 = ORIENTED_EDGE('',*,*,#694,.F.);
#6405 = ORIENTED_EDGE('',*,*,#6370,.F.);
#6406 = ADVANCED_FACE('',(#6407),#682,.T.);
#6407 = FACE_BOUND('',#6408,.T.);
#6408 = EDGE_LOOP('',(#6409,#6410,#6411,#6412));
#6409 = ORIENTED_EDGE('',*,*,#1019,.T.);
#6410 = ORIENTED_EDGE('',*,*,#5658,.T.);
#6411 = ORIENTED_EDGE('',*,*,#4706,.F.);
#6412 = ORIENTED_EDGE('',*,*,#664,.T.);
#6413 = ( GEOMETRIC_REPRESENTATION_CONTEXT(3) 
GLOBAL_UNCERTAINTY_ASSIGNED_CONTEXT((#6417)) 
GLOBAL_UNIT_ASSIGNED_CONTEXT((#6414,#6415,#6416)) REPRESENTATION_CONTEXT
('Context #1','3D Context with UNIT and UNCERTAINTY') );
#6414 = ( LENGTH_UNIT() NAMED_UNIT(*) SI_UNIT(.MILLI.,.METRE.) );
#6415 = ( NAMED_UNIT(*) PLANE_ANGLE_UNIT() SI_UNIT($,.RADIAN.) );
#6416 = ( NAMED_UNIT(*) SI_UNIT($,.STERADIAN.) SOLID_ANGLE_UNIT() );
#6417 = UNCERTAINTY_MEASURE_WITH_UNIT(LENGTH_MEASURE(1.E-03),#6414,
  'distance_accuracy_value','confusion accuracy');
#6418 = PRODUCT_RELATED_PRODUCT_CATEGORY('part',$,(#7));
ENDSEC;
END-ISO-10303-21;
